id,isi_berita,label,url
1,"Misi Indonesia untuk meloloskan tim 3x3 ke Olimpiade mulai digencarkan. PP Perbasi menggandeng Nicolas Widmer, salah satu agensi 3x3 yang dipercaya FIBA.
Kerja sama itu diawali dengan menggelar workshop selama dua hari (4-5/8), di Kantor Perbasi, GBK Arena Senayan. Dengan tujuan, memetakan jalan Indonesia menuju Olimpiade, baik lewat babak kualifikasi maupun akumulasi poin ranking dunia.
""Menempatkan Nico sebagai penasehat adalah langkah kami dalam melakukan perencanaan strategis pengembangan bola basket 3x3 di Indonesia,"" ujar Ketua Badan 3x3 Perbasi Santiyani Lestari dalam keterangannya, pada Jumat (7/8/2026).
Dalam workshop tersebut, Perbasi membedah kondisi 3x3 Indonesia saat ini, membandingkannya dengan perkembangan global, lalu merumuskan langkah konkret.
""Memetakan bagaimana kondisi bola basket 3x3 kita kemudian melihat perkembangan bola basket 3x3 secara global, lalu mendiskusikan langkah-langkah strategis yang akan kita ambil dalam menumbuhkembangkan bola basket 3x3 di Indonesia,"" jelas perempuan yang karib disapa Naniek ini.
Hasilnya, Indonesia wajib menaikkan level Timnasnya agar bisa bersaing di level tertinggi.
""Bagaimana cara menuju Olimpiade baik itu melalui babak kualifikasi ataupun melalui poin. Semua sudah terang benderang sekaligus bagaimana membangun tim yang kuat agar bisa bersaing di level tertinggi bola basket 3x3 dunia,"" Santiyani menjelaskan.
Sementara itu, Nico memuji langkah Perbasi yang sudah berada di jalur tepat. Tantangan selanjutnya adalah bagaimana Indonesia bisa sukses di panggung internasional.
""Kini bagaimana mencari cara untuk sukses di level internasional. Kami bersama-sama menyusun strategi bagaimana mengembangkan bola basket 3x3 tiga tahun ke depan,"" kata Nico.
Menurutnya, kuncinya ada pada kedalaman skuad.""Yang titik tekannya adalah bagaimana memperbanyak pool pemain untuk mendukung misi kompetisinya di level internasional,"" tegas Nico.
(mcy/aff)",sport,https://sport.detik.com/basket/d-8608204/perbasi-gandeng-pakar-fiba-untuk-kembangkan-basket-3x3-indonesia
2,"Inilah daftar pelatih NBA terbaik sepanjang masa yang dinilai dari gelar juara, inovasi taktik, serta pengaruh besar terhadap permainan modern. Siapa saja?
Selama 79 musim kompetisi, NBA selalu melahirkan tim-tim legendaris dengan rekor gelar juara dan kemenangan terbanyak. Kesuksesan tersebut tidak hanya ditentukan oleh kekuatan pemain, namun juga sosok pelatih yang ideal.
Sepanjang sejarah NBA, terdapat nama-nama pelatih yang berhasil memimpin dan membawa kejayaan pada tim. Beberapa di antaranya bahkan mencatatkan prestasi yang gemilang.
Berikut daftar pelatih dengan kemenangan terbanyak sepanjang sejarah NBA dilansir dari situs resmi NBA.
1. Gregg Popovich (1.390 Kemenangan)
Gregg Popovich dinobatkan sebagai pelatih tersukses dengan jumlah kemenangan terbanyak, yaitu total 1.390 kemenangan. Ia mendapat gelar sebagai pelatih terbaik NBA pada tahun 2003, 2012, dan 2014.
Selama memimpin San Antonio Spurs, Popovich berhasil meraih rekor musim reguler terbaik di NBA sebanyak lima kali, yaitu pada musim 1998-99, 2000-01, 2002-03, 2011-12, dan 2013-14.
2. Don Nelson (1.335 Kemenangan)
Di urutan kedua, ada Don Nelson yang berhasil meraih total 1.335 kemenangan. Nelson memimpin 4 tim yang berbeda selama kariernya sebagai pelatih, yaitu Milwaukee Bucks, Golden State Warriors, New York Knicks, dan Minnesota State Mavericks.
Nelson dinobatkan sebagai pelatih NBA terbaik tiga kali, yaitu pada tahun 1983, 1085, dan 1992. Ia dikenal dengan gaya permainannya yang cepat, sikap yang ramah, dan kemahirannya dalam menciptakan posisi ""point forward"".
Tak hanya itu, saat melatih Golden State Warriors, Nelson berhasil membawa tim mengalahkan unggulan teratas Dallas Mavericks di babak pertama Playoff NBA 2007.
3. Lenny Wilkens (1.332 Kemenangan)
Lenny Wilkens menjadi pelatih tersukses berikutnya dengan total 1.332 kemenangan selama melatih 6 tim berbeda, yaitu Oklahoma City Thunder, Portland Trail Blazers, Cleveland Cavaliers, Atlanta Hawks, Toronto Raptors, dan New York Knicks.
Sebagai seorang point guard yang masuk Hall of Fame, Wilkens memimpin Seattle Supersonics meraih gelar juara NBA pada tahun 1979. Pada 1994, ia mendapatkan penghargaan sebagai terbaik NBA bersama Atlanta Hawks.
4. Jerry Sloan (1.221 Kemenangan)
Jerry Sloan merupakan pelatih Chicago Bulls dan Utah Jazz yang meraih total 1.221 kemenangan bagi kedua tim.
Ia dikenal sebagai kompetitor yang tangguh, dengan mempopulerkan strategi pick-and roll, yang mengandalkan dua pemain bintang, John Stockton dan Karl Malone.
Sloan juga menjadi pelatih pertama yang memenangkan 1.000 pertandingan dengan satu organisasi dalam sejarah NBA.
5. Pat Riley (1.210 Kemenangan)
Pelatih terbaik selanjutnya adalah Pat Riley. Ia tercatat memimpin tiga klub berbeda dan membawa 1.210 kemenangan.
Sebagai salah satu tokoh penting dalam sejarah NBA, Riley dikenal saat memimpin Showtime Lakers dan membantu New York Knicks dan Heat menjadi tim kuat di Wilayah Timur.
Riley dinobatkan sebagai pelatih terbaik NBA pada tahun 1990, 1993, dan 1997.
| Baca juga: Sejarah Bola Basket: Dari YMCA ke NBA | 
6. Doc Rivers (1.176 Kemenangan)
Doc Rivers mencapai total 1.176 kemenangan selama memimpin 5 tim berbeda, yaitu Osceola Magic, Boston Celtic, Los Angeles Clippers, Philadelphia 76ers, dan Milwaukee Bucks.
Rivers dinobatkan sebagai pelatih NBA tahun 2000 di musim pertamanya bersama Magic dan memenangkan kejuaraan NBA bersama Celtics pada tahun 2008.
7. George Karl (1.175 Kemenangan)
George Karl memimpin enam tim berbeda dan meraih total 1.175 kemenangan. Ia berkarir bersama Cleveland Cavaliers, Golden State Warriors, Oklahoma City Thunder, Milwaukee Bucks, Denver Nuggets, dan Sacramento Kings.
Ia merupakan salah satu dari sembilan pelatih NBA yang memenangkan 1.000 pertandingan NBA dan menjadi pelatih terbaik NBA pada musim 2012-13.
8. Phil Jackson (1.155 Kemenangan)
Phil Jackson memimpin dua tim berbeda yaitu Chicago Bulls dan Los Angeles Lakers. Ia berhasil membawa 1.155 kemenangan bagi kedua tim.
Jackson dikenal karena penggunaan strategi triangle offense ala Tex Winter serta pendekatan holistik dalam melatih yang dipengaruhi oleh filsafat Timur. Berkat teknik ini, ia mendapat julukan ""Zen Master"".
9. Larry Brown (1.098 Kemenangan)
Larry Brown menyusul di posisi kesembilan sebagai pelatih terbaik, dengan total 1.098 kemenangan dengan sembilan tim berbeda. Semasa kariernya, Brown memimpin Denver Nuggets, Brooklyn Nets, Spurs, Clippers, Indiana Pacers, 76ers, Detroit Pistons, New York Knicks, dan Charlotte Hornets.
Brown juga menjadi satu-satunya orang yang pernah melatih dua tim NBA pada musim yang sama, yaitu Spurs dan Clippers selama musim 1001-92. Ia diabadikan di Basketball Hall of Fame sebagai pelatih pada 27 September 2022.
10. Rick Adelman (1.042 Kemenangan)
Rick Adelman melengkapi daftar pelatih terbaik dengan total 1.042 kemenangan. Ia melatih 5 tim berbeda, termasuk Portland Trail Blazers, Golden State Warriors, Sacramento Kings, Houston Rockets, dan Minnesota Timberwolves.
(aff/cas)",sport,https://sport.detik.com/basket/d-8296454/10-pelatih-dengan-kemenangan-terbanyak-sepanjang-sejarah-nba
3,"Pelita Jaya mendapat dukungan ""tenaga"" baru untuk mengarungi Indonesia Basketball League (IBL) 2026. Ini bertujuan membuat Pelita Jaya makin besar di ibukota.
Pelita Jaya jadi salah satu kandidat juara IBL musim ini setelah musim lalu cuma jadi runner-up, karena kalah dari Dewa United Basketball Team. Demi membayar kekecewaan musim lalu, Pelita Jaya banyak berbenah di pramusim lalu.
Terbukti Pelita Jaya masih sempurna dengan tujuh kemenangan dari tujuh laga. Performa Pelita Jaya sebagai tim kuat IBL membuat mereka menarik minat tidak hanya di dalam, tapi juga luar lapangan.
Salah satunya adalah Bank Jakarta yang baru saja menjalin kerjasama dengan Pelita Jaya untuk mengarungi IBL 2026. Kerjasama itu diumumkan secara resmi di Jakarta, Kamis (12/2).
Pengumuman kolaborasi Bank Jakarta dengan Pelita Jaya dihadiri oleh Staf Khusus Gubernur DKI Jakarta Ketua Bidang Pemuda dan Olahraga Dicky Budi Ramadhan, Commissioner Pelita Jaya Aninditha Anestya Bakrie, President Pelita Jaya Andiko Ardi Purnomo, dan Direktur Kepatuhan Bank Jakarta Ateng Rivai.
Menurut Dicky, kolaborasi ini merupakan bentuk konkret dukungan pemerintah daerah terhadap pengembangan olahraga di Jakarta. Apalagi seperti halnya Persija Jakarta, Pelita Jaya selalu bertanding dengan membawa nama Jakarta.
""Kolaborasi ini adalah wujud nyata bahwa Bank Jakarta harus hadir di setiap elemen pembangunan kota, termasuk olahraga. Gubernur DKI Jakarta memiliki perhatian besar terhadap sektor olahraga karena olahraga mampu menyatukan warga, membangun semangat kebersamaan, serta memperkuat identitas Jakarta sebagai kota yang maju dan kompetitif,"" ujar Dicky dalam keterangan persnya.
Senada dengan Dicky, Ateng Rivai mengatakan dukungan Bank Jakarta kepada Pelita Jaya merupakan kelanjutan dan perluasan komitmen perseroan dalam mendukung olahraga sebagai bagian dari ekosistem kota, setelah sebelumnya menjalin kolaborasi dengan Persija.
""Bank Jakarta ingin terus hadir lebih dekat dengan masyarakat pendukung olahraga massal, yang memiliki semangat, loyalitas, dan kebanggaan tinggi terhadap klub kebanggaannya. Melalui dukungan ini, kami mempertegas peran Bank Jakarta sebagai mitra strategis yang berkontribusi terhadap pengembangan olahraga, pembinaan generasi muda, serta peningkatan literasi dan inklusi keuangan di lingkungan komunitas basket, sekaligus memperluas jangkauan brand engagement kepada komunitas basket dan masyarakat urban yang dinamis,"" jelas Ateng.
Sementara Andiko selaku presiden Pelita Jaya menyambut baik sinergi ini. Dia menyebut Jakarta beruntung memiliki Gubernur yang memberikan perhatian besar terhadap olahraga, sehingga momentum kolaborasi ini menjadi sangat tepat.
""Kami menyampaikan terima kasih atas komitmen dan partisipasi Bank Jakarta bersama Pelita Jaya. Kami optimistis kerja sama ini akan semakin memperkuat prestasi tim dan kontribusi positif bagi masyarakat,"" ungkap Andiko.
Adapun ruang lingkup sinergi dalam bentuk sponsorship, meliputi eksposur merek Bank Jakarta pada berbagai atribut resmi tim dan materi promosi, aktivasi branding pada pertandingan kandang Pelita Jaya sepanjang musim kompetisi, kolaborasi konten digital, serta pelaksanaan program engagement bersama komunitas.
Selain itu, dukungan sponsorship ini juga membuka peluang kolaborasi dalam penguatan ekosistem bisnis klub, termasuk penyediaan layanan perbankan untuk mendukung operasional tim serta pengembangan program pembinaan atlet muda secara berkelanjutan.
Melalui kolaborasi ini, Bank Jakarta menegaskan komitmennya untuk terus mendukung berbagai inisiatif yang mendorong prestasi, kebanggaan, dan pertumbuhan Kota Jakarta, termasuk di sektor olahraga.
(mrp/raw)",sport,https://sport.detik.com/basket/d-8353921/agar-pelita-jaya-makin-besar-di-jakarta
4,"Center Miami Heat Bam Adebayo mencetak 83 poin saat timnya menumbangkan Washington Wizards 150-129 dalam laga musim reguler NBA musim ini. Ia sukses melewati rekor legenda LA Lakers Kobe Bryant dua dekade silam.
Bertanding di Kaseya Center, Selasa (10/3/2026) malam waktu lokal atau Rabu pagi WIB, 83 poin yang dikemas Adebayo terdiri dari 36 poin lewat 43 free throw serta 20 field goal dari 43 tembakan, tujuh di antaranya berbuah tiga poin.
Capaian ini sungguh di luar dugaan, sebab Adebayo lebih dikenal lewat kualitas bertahannya. Selama kariernya, capaian terbaik dalam satu laga adalah 41 poin, atau setengah dari yang ia toreh melawan Wizards.
83 POINTS FOR BAM ADEBAYO.
THE SECOND-MOST EVER.
Wilt: 100
Bam: 83
Kobe: 81 pic.twitter.com/5AxI6j8m35
Rataan poin Adebayo di musim ini pun 'hanya' 18,9 per laga. Tak heran jika banyak orang memujinya.
""Ini benar-benar malam luar biasa. Jelas, kami diberkati telah menjadi bagian dari banyak momen besar di arena ini. Yang satu ini, terjadi begitu saja. Momen-momen seperti ini memang terjadi, kan? Dan saya bersyukur kita semua bisa menjadi bagian darinya dan menyaksikannya,"" ujar pelatih Heat Erik Spoelstra usai laga, dikutip The Athletic.
Bahkan Adebayo pun tak mengira. ""Aku bahkan tak tahu bagaimana mengungkapkan perasaanku malam ini dengan kata-kata. Aku merasa pusing. Aku bahkan tak tahu harus bereaksi seperti apa,"" ujar pemain 28 tahun bernama lengkap Edrice Femi Adebayo itu.
Adebayo kini berada di urutan kedua pemain dengan torehan poin tertinggi dalam satu laga di NBA, hanya kalah dari Wilt Chamberlain yang mencetak 100 poin pada 2 Maret 1962. Di urutan ketiga ada Kobe dengan 81 poin yang dicetak pada 22 Januari 2006.
Apa yang ditorehkan Adebayo membuat seantero NBA heboh. ""Benarkah ada seorang manusia yang mencetak 83 poin malam ini?"" ujar pelatih Milwaukee Bucks Doc Rivers.
""Wilt, lalu Bam. Keren,"" ujar ujar guard Minnesota Timberwolves Bones Hyland.
Ini menjadi kemenangan keenam Heat secara beruntun di bulan Maret. Mereka ada di urutan enam wilayah timur dengan rekor 37 kemenangan dari 66 laga yang sudah dijalani dan masih berpeluang besok masuk playoff. Sementara itu, hasil ini menjadi kekalahan ke-48 yang ditelan Wizards dalam 64 laga.
Daftar peraih poin tertinggi dalam satu laga di NBA:
| Nomor | Pemain | Poin | Tanggal | Tim | 
|---|---|---|---|---|
| 1. | Wilt Chamberlain | 100 | 1962-03-02 | PHW | 
| 2. | Bam Adebayo | 83 | 2026-03-10 | MIA | 
| 3. | Kobe Bryant | 81 | 2006-01-22 | LAL | 
| 4. | Wilt Chamberlain | 78 | 1961-12-08 | PHW | 
| 5. | Luka Doncic | 73 | 2024-01-26 | DAL | 
| 6. | David Thompson | 73 | 1978-04-09 | DEN | 
| 7. | Wilt Chamberlain | 73 | 1962-11-16 | SFW | 
| 8. | Wilt Chamberlain | 73 | 1962-01-13 | PHW | 
| 9. | Wilt Chamberlain | 72 | 1962-11-03 | SFW | 
| 10. | Damian Lillard | 71 | 2023-02-26 | POR | 
| 11. | Donovan Mitchell | 71 | 2023-01-02 | CLE | 
| 12. | David Robinson | 71 | 1994-04-24 | SAS | 
| 13. | Elgin Baylor | 71 | 1960-11-15 | LAL | 
| 14. | Joel Embiid | 70 | 2024-01-22 | PHI | 
| 15. | Devin Booker | 70 | 2017-03-24 | PHO | 
| 16. | Wilt Chamberlain | 70 | 1963-03-10 | SFW | 
| 17. | Michael Jordan | 69 | 1990-03-28 | CHI | 
| 18. | Pete Maravich | 68 | 1977-02-25 | NOJ | 
| 19. | Wilt Chamberlain | 68 | 1967-12-16 | PHI | 
| 20. | Wilt Chamberlain | 67 | 1963-01-11 | SFW | 
| 21. | Wilt Chamberlain | 67 | 1962-02-25 | PHW |",sport,https://sport.detik.com/basket/d-8395308/heat-tekuk-wizards-adebayo-lewati-rekor-poin-per-laga-kobe-bryant
5,"Campus League 2026 Basketball Jakarta sudah mendapatkan juaranya. Universitas Pelita Harapan juara di sektor putra dan Universitas Bina Nusantara juara sektor putri.
Laga final berlangsung di Basketball Court UPH, Tangerang, Minggu (31/5/2026). Binus dan UPH sama-sama berhasil ke final di sektor putra dan putri.
Tim putra UPH menjadi juara dengan mengalahkan Binus 67-55. Binus menyabet juara di sektor putri setelah mengalahkan UPH 47-37.
""Ini event Campus League yang pertama, kami sudah target gimana caranya jadi juara yang pertama. Karena pasti kan juara di gelaran pertama akan dikenang. Ini juga mimpi anak-anak untuk jadi juara di nasional, semoga kami bisa mencapai target itu,"" kata pelatih tim putri BINUS Jakarta, M. Ridzky Ichwan Pratama.
CEO Campus League, Ryan Gozali, mengaku bersyukur penyelenggaraan Campus League 2026 - Regional Jakarta Season 1 berjalan lancar dengan sportivitas tinggi. Menurutnya, hal itu sejalan dengan visi Campus League untuk menghidupkan ekosistem kompetisi olahraga di tingkat Universitas.
""Tujuan Campus League adalah meningkatkan ekosistem olahraga kampus, untuk membuat ekosistem olahraga di kampus hidup. Kami tidak hanya bicara soal pembinaan atlet, tapi juga pembinaan manusia seutuhnya,"" ucapnya.
Berikut daftar tim yang akan berlaga di Campus League 2026 - Basketball The Nationals Season 1 pada 7 hingga 13 Juni mendatang (juara, runner-up):
Putra
* Regional Surabaya: Universitas Surabaya dan Universitas Cendrawasih
* Regional Yogyakarta: Universitas Kristen Satya Wacana dan Universitas Semarang
* Regional Samarinda: Universitas Mulawarman
* Regional Bandung: Universitas Kristen Maranatha dan Institut Teknologi Harapan Bangsa
* Regional Jakarta: Universitas Pelita Harapan, Universitas Bina Nusantara dan Institut Perbanas
Putri
* Regional Surabaya: Universitas Surabaya dan Universitas Ciputra Makassar
* Regional Yogyakarta: Soegijapranata Catholic University dan Universitas Kristen Satya Wacana
* Regional Samarinda: -
* Regional Bandung: Universitas Kristen Maranatha dan Universitas Katolik Parahyangan
* Regional Jakarta: Universitas Bina Nusantara dan Universitas Pelita Harapan
(ran/nds)",sport,https://sport.detik.com/basket/d-8512605/campus-league-2026-serie-jakarta-tuntas-lanjut-ke-tingkat-nasional
6,"Derrick Michael Xzavierro akan memulai karier profesional di bola basket. Dia telah resmi menjadi pemain Saga Ballooners di kompetisi kasta tertinggi Liga Jepang, B.LEAGUE Premier.
Sebelumnya, pemain basket kelahiran Jakarta, 1 April 2003, ini merupakan student-athlete NCAA Division I bersama Grand Canyon University dan Long Beach State University. Derrick di sana berjuang selama empat tahun.
""Langkah ini menjadi momen penting setelah empat tahun sebagai student-athlete NCAA Division I bersama Grand Canyon University dan Long Beach State University. Setelah menyelesaikan pendidikan sarjana pada Mei 2026, saya siap memasuki babak baru sebagai pemain basket profesional mulai Augustus 2026,"" kata Derrick dalam rilis PERBASI.
""Dengan syukur dan bangga, saya mengumumkan bahwa saya resmi bergabung dengan Saga Ballooners dan akan memulai karier profesional di B.LEAGUE Premier Jepang musim mendatang,"" lanjut pebasket kelahiran 1 April 2003 ini.
Derrick merupakan bagian Timnas Indonesia saat merebut medali emas di SEA Games Vietnam 2021 cabang olahraga basket. Dia juga ada di tim ketika Indonesia membawa medali perunggu di SEA Games 2025 Thailand.
""Saya berterima kasih kepada Saga Ballooners atas kepercayaan ini dan merasa terhormat menjadi bagian dari organisasi yang terus berkembang,"" ujar Derrick yang pada SEA Games 2021 antarkan Indonesia meraih medali emas dari Bola Basket 5x5.
""Saya juga berterima kasih kepada Ibunda saya tercinta, pelatih, rekan setim, serta seluruh penggemar basket Indonesia atas dukungan yang diberikan selama perjalanan saya,"" ungkap Derrick.
Derrick mengucapkan terima kasih kepada petinggi DPP PERBASI yang terus mendukung perjalanannya sebagai pemain basket. Terutama kepada Ketua DPP PERBASI Budisatrio Djiwandono dan Ketua Badan Tim Nasional DPP PERBASI Syailendra Bakrie.
""Apresiasi saya sampaikan kepada Ketua Umum DPP PERBASI Bapak Budi Satrio Djiwandono, Kepala BTN Bapak Syailendra Bakrie, Coach Rifky Antolyon, serta seluruh pelatih, staf, dan rekan di Tim Nasional Indonesia atas kesempatan membela Merah Putih,"" terang Derrick.
""Saya menyadari ini baru permulaan. Saya datang ke Jepang untuk terus berkembang, bersaing di level tertinggi, dan memberikan yang terbaik bagi tim dan negara. Di atas segalanya, saya bersyukur kepada Tuhan Yesus atas penyertaan-Nya dalam setiap langkah perjalanan ini.""
""Terima kasih atas seluruh dukungan. Ini adalah awal dari babak baru yang saya jalani dengan syukur dan semangat untuk terus memberikan yang terbaik,"" pungkas pemain berinisial DMX ini.
(ran/mrp)",sport,https://sport.detik.com/basket/d-8528681/gabung-klub-basket-jepang-derrick-michael-mulai-karier-profesional
7,"Final NBA 2026 menyajikan San Antonio Spurs vs New York Knicks. Jalen Brunson menggila, Knicks menang 1-0 di game pertama.
Final NBA 2026 game pertama berlangsung di Frost Bank Center, Kamis (4/6). San Antonio Spurs vs New York Knicks berjalan sengit!
San Antonio Spurs memimpin di kuarter pertama 27-19. Namun di tiga game setelahnya, New York Knicks unggul terus!
Knicks tutup game pertama dengan kemenangan 105-95. Jalen Brunson jadi pencetak poin terbanyak.
Brunson bermain total 37 menit. Brunson bukukan 30 poin.
Dari kubu Spurs, Victor Wembanyama jadi pencetak poin terbanyak dengan 26 poin. Wembanyama lepas percobaan tembakan tiga poin sembilan kali, tapi cuma dua yang masuk.
Game kedua Final NBA 2026 bakal berlangsung di tempat yang sama, pada Sabtu (6/6) pukul 07.30 WIB. Untuk diketahui, terakhir San Antonio Spurs jadi juara NBA pada 2014, sementara terakhir New York Knicks jadi juaranya pada 1973.
(aff/cas)",sport,https://sport.detik.com/basket/d-8517296/final-nba-2026-brunson-panas-knicks-kalahkan-spurs-di-game-pertama
8,"IBL 2026 akhir pekan ini akan memanas. Sebab finalis musim lalu akan berhadapan, Pelita Jaya vs Dewa United, siapa menang?
Tidak cuma berstatus juara bertahan, Dewa United datang dengan kepercayaan diri tinggi usai performa apik di Basketball Champions League Asia - East 2026. Lag a
Kemenangan di level regional menunjukkan kesiapan mereka untuk bersaing lebih jauh, termasuk menghadapi tim berpengalaman seperti Pelita Jaya.
Momentum ini membuat laga nanti menjadi kesempatan penting untuk melihat sejauh mana konsistensi mereka di kompetisi domestik.
Di sisi lain, Pelita Jaya tetap tampil sebagai tim yang solid dengan pengalaman panjang di dunia basket Indonesia. Kombinasi pemain terbaik dan strategi permainan yang teruji membuat setiap pertandingan mereka selalu menarik untuk disaksikan. Bermain dengan dukungan penonton juga menjadi nilai tambah yang menghadirkan atmosfer berbeda di arena.
Pertemuan kedua tim ini menghadirkan potensi duel yang kompetitif dan penuh aksi. Para penikmat IBL bisa menyaksikan langsung bagaimana strategi, kecepatan permainan, hingga momen krusial terjadi di lapangan dalam satu pertandingan yang penuh tensi.
Menonton langsung di arena memberikan pengalaman yang lebih terasa. Suasana pertandingan, energi dari para pemain, hingga dukungan penonton akan membuat kamu lebih dekat dengan setiap momen di lapangan.
Amankan tiketmu sekarang dan jadilah bagian dari duel seru Dewa United vs Pelita Jaya di IBL GoPay 2026. Rasakan langsung atmosfer pertandingan yang penuh energi hanya di GOR Soemantri Brodjonegoro. Dapatkan tiketnya sekarang di detikevent sebelum kehabisan!
Pelita Jaya vs Dewa United
Tanggal: 5 April 2026
Waktu: 21.00 WIB
Lokasi: GOR Soemantri Brodjonegoro, Kuningan, Jakarta Selatan
(mrp/mrp)",sport,https://sport.detik.com/basket/d-8425722/pelita-jaya-vs-dewa-united-di-ibl-gopay-2026-siapa-menang
9,"Superstar NBA Kyrie Irving dikonfirmasi bakal singgah ke Jakarta pada 30 Juni 2026. Dia bakal menyapa pecinta basket Tanah Air.
Kehadiran pemain berjuluk Uncle Drew ini dipastikan menjadi magnet besar, terlebih Kyrie Irving memiliki skill handle dan shooting khasnya.
Kyrie Irving dibawa oleh salah satu perusahaan perlengkapan olahraga Anta,yang merupakan sponsor pribadi Kyrie.
Pemain yang telah delapan kali tampil NBA All-Star dan juara NBA 2016 ini akan dihadirkan untuk menyapa para pecinta basket melalui acara Kyrie Irving The Return 2026 World Tour.
Selain Jakarta, pebasket berusia 34 tahun itu akan hadir di enam kota lain yaitu Shanghai, Chengdu, Shenzhen, Las Vegas, New Jersey, dan Macau.
Peraih medali emas Olimpiade 2016 Rio de Janeiro ini sekaligus memperkenalkan sepatu yang merupakan signiture-nya, dan terinspirasi dari ibundanya, Elizabeth Irving.
| Baca juga: Sejarah Buruk San Antonio Spurs | 
Salah satu atlet freestyle street basketball Zifora Mei antusias menyambut pemain Dallas Mavericks ini.
""Kalau untuk yang sudah menjalani dan pencinta basket dari lama, pasti kedatangan Irving menjadi kesempatan yang susah didapatkan. Karena biasanya harus keluar negeri dulu, tapi ini didatangi langsung oleh Anta, terima kasih sekali. Perlu datang karena dia sangat menginspirasi,"" kata Zifora saat ditemui di kawasan Tebet, Jakarta Selatan, pada Jumat (26/6/2026).
""Sebenarnya Irving termasuk yang aku nanti-nanti, apalagi dengan nama besarnya. Kalau ketemu Irving pasti inginnya foto tanda tangan, kalau one on one challenge ya bisa lah,"" ujarnya.
Menurut Zifora, Irving merupakan sosok pebasket yang memiliki gaya bermain khas sehingga menjadi inspirasi bagi banyak pebasket muda.
Bukan hanya kemampuan di atas lapangan, Zifora juga mengaku mengagumi sisi pribadi Irving. Ia pun berharapkedatangan Kyrie Irving di Indonesia dapat memberikan hal positif bagi perkembangan basket nasional, terutama anak-anak muda yang tengah menekuni atau baru menyukai cabor tersebut.
""Sebenarnya karena dia sayang mamanya sampai dia bikin signature Elizabeth itu sangat menginspirasi,"" ucapnya.
(mcy/aff)",sport,https://sport.detik.com/basket/d-8548865/bintang-nba-kyrie-irving-bakal-singgah-ke-jakarta
10,"Pelita Jaya Jakarta bertekad main lebih konsisten dalam laga kedua final Indonesian Basketball League (IBL) 2026. Mereka berjanji tak akan mengulangi kesalahan yang sama.
Hal itu dikatakan pemain asing Pelita Jaya Perrin Buford seusai membawa Pelita Jaya merengkuh kemenangan pertama melawan Bogor Hornbills dalam Game 1 Final IBL, di PJ Arena, Jakarta, Jumat (19/6) malam.
Pelita Jaya menang atas Bogor Hornbills dengan skor 90-87, sekaligus unggul sementara 1-0 pada seri Best Of 5.
""Sejujurnya, saya harus berhenti untuk membuang-buang bola. Tetapi pelatih memberikan kesempatan kedua pada saya (di babak overtime), dan kami akhirnya bisa memenangkan pertandingan ini,"" kata Buford dikutip dari laman IBL.
Pelita Jaya memang nyaris kehilangan muka di kandang sendiri. Tim asuhan David Singleton sempat tertinggal sembilan poin di tiga menit terakhir kuarter keempat. Namun, Buford sukses menyelamatkan Pelita Jaya dan menyamakan kedudukan menjadi 76-76 di akhir waktu normal.
Buford tercatat mencetak poin terbanyak dengan memasukkan 11 dari 21 tembakan, dan delapan free throw dari 10 kesempatan. Buford juga mencetak poin untuk menyamakan kedudukan di detik-detik terakhir kuarter keempat. Tak hanya itu saja, pemain berusia 32 tahun tersebut juga menyumbang 11 rebound, sembilan assist, dan satu steal.
Hasil pertandingan pertama menjadi pelajaran penting bagi Pelita Jaya untuk lebih konsisten di Game 2 yang akan berlangsung pada hari Minggu (21/6).
""Untuk Game 2 kami tidak boleh melakukan kesalahan yang sama dan kami berjanji akan lebih baik lagi,"" kata Buford.
(mcy/aff)",sport,https://sport.detik.com/basket/d-8539905/tekad-pelita-jaya-main-lebih-konsisten-di-laga-kedua-final-ibl-2026
11,"Bogor Hornbills jadi juara IBL kelima dalam lima tahun terakhir. Menteri Pemuda dan Olahraga Erick Thohir senang melihat IBL begitu kompetitif.
Kejutan dibuat Bogor Hornbills usai mengalahkan Pelita Jaya Jakarta 3-2 di partai final yang memakai format best of three.
Hornbills mengangkat trofi juara di markas Pelita Jaya, PJ Arena, setelah menang 64-61 di game kelima, Minggu (28/6). Ini merupakan kemenangan tandang kedua Hornbills di final.
Ini jadi sejarah untuk Hornbills yang mengangkat trofi juara setelah berdiri Agustus 2021. Didirikan dengan nama Bumi Borneo, Bogor Hornbills baru resmi dipakai November 202.
Keberhasilan Hornbills menjuarai IBL 2026 menjadi bukti kompetitifnya persaingan di liga basket tertinggi tanah air. Dalam lima musim terakhir muncul lima tim berbeda yang menjadi juara.
Tahun 2022 menjadi milik Satria Muda, kemudian setahun kemudian giliran Prawira Bandung yang juara. Pelita Jaya menjadi yang terbaik di IBL 2024. Sedangkan musim lalu Dewa United juga menorehkan sejarah juara untuk pertama kalinya di IBL.
Satria Muda jadi tim terakhir yang mempertahkan gelar juara di 2021 dan 2022.
Erick yang menyaksikan final IBL bersama Sekjen Perbasi Nirmala Dewi dan Dirjen Imigrasi Hendarsam Marantoko memuji kesuksesan Hornbills dan kompetitifnya persaingan di IBL.
""Selamat kepada Bogor Hornbills. Selamat, juara baru ini. Beberapa tahun terakhir IBL juara ganti-ganti. Artinya apa? Kompetisi sangat tinggi dan cukup bersaing. Pelita Jaya walau kalah juga luar biasa sudah memberikan semuanya. Mereka mengalahkan juara bertahan Dewa United,"" ujar Erick.
Erick berharap meratanya persaingan di IBL bisa berdampak positif untuk timnas basket Indonesia. Dengan para pemain mendapat banyak pengalaman di liga, maka timnas bisa meraih sukses di level internasional.
""Saya apresiasi kepada IBL dan Perbasi. Liganya menjadi salah satu yang bergulir dengan baik selain tentunya liga sepak bola. Mudah-mudahan, karena dengan liganya baik, tim nasionalnya pasti lebih baik,"" sambung Erick.
Nirmala berharap kesuksesan Hornbills dan Dewa United menjadi juara baru membuat daerah-daerah semakin bergairah memiliki klub basket profesional.
""Yang sudah ada sekarang sudah baik, harapan ke depan tentu akan semakin baik, semakin banyak lagi daerah-daerah yang termotivasi untuk melihat tim basket IBL. Vibes IBL ini tentu akan berdampak pada pembinaan anak-anak muda,"" ucap Nirmala.
(mrp/ran)",sport,https://sport.detik.com/basket/d-8554576/menpora-kagumi-kompetitifnya-ibl-5-musim-5-juara-berbeda
12,"Pelita Jaya menyambut status unggulan di Final IBL 2026. Tapi pemain PJ Andakara Prastawa menegaskan timnya akan fokus satu laga demi satu laga.
Pelita Jaya akan melawan Bogor Hornbills di PJ Arena, Rasuna Said, pada Jumat (19/6/2026). Laga pertama babak final dengan format Best of Five ini bergulir pukul 19.00 WIB.
Pras, panggilan karibnya, menyebut tim sudah mematangkan diri melawan Bogor Hornbills. Termasuk strategi yang akan diterapkan pada pertandingan esok.
""Tinggal bagaimana kami mengeksekusinya di lapangan nanti. Yang terus diingatkan juga adalah bagaimana kami bisa bertahan dengan baik menghadapi Bogor,"" kata Pras saat ditemui seusai latihan di PJ Arena, Jakarta, Kamis (18/6/2026).
""Kalau soal yakin, tentu kami harus yakin. Status unggulan mungkin menjadi keuntungan bagi kami. Namun, kami tetap fokus kepada Pelita Jaya sendiri, tidak perlu terlalu memikirkan lawan.""
""Fokus pada apa yang sudah kami persiapkan dan apa yang harus kami lakukan. Jadi, satu per satu. Kami ingin mengambil kemenangan pertama lebih dulu dan unggul 1-0,"" lanjutnya.
Tekad Pelita Jaya untuk menang di final kali ini memang berlipat. Mereka tak ingin kehilangan kesempatan untuk merengkuh gelar IBL tahun ini. Tahun lalu Pelita Jaya menjadi runner up setelah kalah dari Dewa United 1-2 dalam format best of three.
""Targetnya tentu menang. Mau 1-0, 2-0, atau 3-0, yang penting menang. Kalau bisa menang semua pertandingan, kenapa tidak?"" tegas Prastawa, yang juga kapten Tim.
Waspada Pemain Asing Bogor Hornbills
Pelita Jaya akan mewaspadai trio pemain asing Hornbills, Travin Thibodeaux, Kaleb Wesson dan Stephaun Branch. Mereka merupakan andalan utama Hornbills yang siap membuat kejutan pada laga esok.
Hal itu dibuktikan saat Bogor melawan Satria Muda Bandung di babak semifinal IBL 2026. Mereka menang atas Satria Muda 3-1.
""Yang pasti semua orang tahu kualitas pemain asing mereka. Bahkan ada MVP musim ini di sana. Jadi tentu dibutuhkan usaha lebih dari para pemain kami untuk membatasi kontribusi mereka. Namun, kami percaya bisa mengatasinya dengan pertahanan tim yang solid,"" kata Prastawa.
(mcy/raw)",sport,https://sport.detik.com/basket/d-8537734/final-ibl-2026-pelita-jaya-mau-selangkah-demi-selangkah-saja
13,"Perbasi mulai mematangkan persiapan setelah Indonesia resmi ditunjuk menjadi tuan rumah sejumlah turnamen basket level Asia dan dunia.
Tak hanya fokus sebagai penyelenggara, Perbasi juga membidik prestasi Timnas Indonesia di ajang-ajang tersebut.
Indonesia dijadwalkan menjadi tuan rumah FIBA U16 Asia Cup 2027 dan FIBA U17 Basketball World Cup 2028 untuk sektor putri. Sementara untuk putra, Indonesia akan menggelar FIBA U18 Asia Cup 2028 serta FIBA U19 Basketball World Cup 2029.
Sekretaris Jenderal Perbasi Nirmala Dewi mengatakan persiapan sebenarnya sudah dilakukan sejak tahun lalu.
""Kalau persiapan kami sudah lakukan dari tahun lalu. Baik sebagai tuan rumah maupun tim. Bagaimana supaya Indonesia tak malu-maluin banget, karena ini Asia Cup dan World Cup. Apalagi kita kedatangan tim yang sangat luar biasa. Jadi kami sangat serius sekali untuk ini,"" kata Nirmala Dewi usai rapat di Jakarta, Kamis (7/5/2026).
Indonesia Punya Pengalaman Jadi Tuan Rumah
Indonesia sebelumnya juga sudah berpengalaman menggelar event basket internasional. Jakarta menjadi tuan rumah FIBA Asia Cup 2022, sementara pada 2023 Indonesia ikut menggelar FIBA Basketball World Cup 2023 bersama Filipina dan Jepang.
Untuk prestasi Timnas, Indonesia sempat meraih kemenangan atas Thailand di Kualifikasi FIBA Asia Cup. Sementara di FIBA World Cup 2023, Timnas Indonesia gagal tampil setelah tidak lolos kualifikasi.
""Mudah-mudahan lah, nanti bisa melihat sendiri bagaimana next stepnya persiapannya, dan kami juga membutuhkan dukungan seluruh pihak untuk menyukseskan acara ini,"" ujar Nirmala.
Dalam kesempatan itu, Perbasi juga mengapresiasi dukungan penuh dari FIBA terhadap pengembangan basket Indonesia.
""Kami sangat senang dengan dukungan FIBA, dan dari kemarin sampai hari ini, kami menjadi lebih percaya diri menjalankan program Perbasi. Karena FIBA support full dan masyarakat mendukung juga, dan dari Ketum sudah bilang, jika dari seluruh pihak sudah firm, kita tinggal jalankan,"" kata Nirmala.
(mcy/krs)",sport,https://sport.detik.com/basket/d-8478710/perbasi-matangkan-persiapan-timnas-basket-untuk-asia-cup-dan-world-cup
14,"Campus League 2026 - Basketball The Nationals Season 1 telah sampai di final. Di final kategori putri mempertemukan Soegijapranata Catholic University (SCU) vs Universitas Surabaya (UBAYA), sedangkan final kategori putra Institut Perbanas vs Universitas Kristen Satya Wacana (UKSW).
Campus League seri Nasional berlangsung di Basketball Court Universitas Pelita Harapan (UPH), Karawaci, Tangerang, Banten. Pertandingan digelar mulai tanggal 7 hingga 13 Juni 2026.
Ajang ini diikuti 10 tim putra dan 8 tim putri dari 13 perguruan tinggi yang sebelumnya bersaing di level regional yakni Surabaya, Yogyakarta, dan Bandung yang masing-masing diwakili dua tim putra dan putri yang berstatus juara dan runner-up. Sedangkan Regional Samarinda mengirimkan satu tim putra terbaik, sedangkan terdapat tiga tim putra dan dua tim putri dari Regional Jakarta.
Babak semifinal sektor putri, SCU meraih kemenangan meyakinkan atas UKSW dengan skor 67-23. Di partai final, SCU akan memperebutkan status juara musim ini melawan UBAYA yang mengalahkan UPH dengan kedudukan akhir 81-50.
""Kami sudah pernah menghadapi mereka di Pekan Olahraga Mahasiswa Nasional (POMNAS) 2025. Saat itu, kami cukup beruntung bisa meraih kemenangan karena mereka sangat menyulitkan di sepanjang laga,"" kata Pelatih Tim Putri UBAYA, Wellyanto Pribadi.
""Jadi, menurut saya kali ini peluang menjadi juara bagi kedua tim 50-50. Buat tim kami yang terpenting adalah perlu bermain lebih disiplin dan fokus dalam bertahan,"" sambungnya.
Dari kategori putra, Institut Perbanas sukses memberikan perlawanan hebat dan membalikkan keadaan setelah sempat tertinggal di dua quarter pertama melawan tim tuan rumah Universitas Pelita Harapan. Perbanas pun menutup laga dengan kemenangan 59-50. Sementara di laga semifinal sektor putra lainnya, Universitas Kristen Sayta Wacana berhasil mengatasi perlawanan hebat Universitas Surabaya dengan hasil akhir 63-55.
""Menatap laga final, siapa pun lawannya nanti sudah pernah kami hadapi. Kami hanya perlu fokus ke permainan sendiri untuk lebih disiplin dan menampilkan organisasi permainan baik dalam bertahan mau pun menyerang lebih baik dari hari ini,"" ujar Pelatih Tim Putra Institut Perbanas, Zulfahrizal.
(ran/pur)",sport,https://sport.detik.com/basket/d-8529995/empat-tim-berebut-gelar-juara-di-campus-league-seri-nasional
15,"LeBron James akan bermain untuk Philadelphia 76ers di NBA 2027. Ini jadi jalan terakhir King James mengejar cincin juara kelimanya.
LeBron mengakhiri delapan tahun kariernya bersama LA Lakers yang berujung satu gelar NBA 2020. Bergabung di Lakers mewujudkan mimpi masa kecilnya mengingat LeBron berasal dari Los Angeles.
Di usia 41 tahun, LeBron akan menghabiskan tahun terakhirnya sebagai pemain bersama Sixers. Kepindahannya ke Philadelphia terbilang mengejutkan karena dia sempat kencang diisukan akan memperkuat Golden State Warriors.
LeBron akan dikontrak dua tahun dengan nilai 8 juta dolar AS, jauh dari yang diterimanya di Lakers sebesar 50,7 juta dolar AS. Nomor kebanggaannya akan kembali dipakai, yakni 23.
Dia sempat berpindah ke nomor 6 saat memperkuat Miami Heat karena nomor 23 dipensiunkan karena menghormati Michael Jordan, lalu bersama Lakers di musim 2021/2022 dan 2022/2023.
Namun, nomor 6 dipensiunkan juga oleh Lakers demi menghormati mendiang Bill Russell. Kehadiran LeBron ke Sixes jadi upaya terakhirnya untuk meraih cincin kelima selama kariernya.
LeBron dua kali meraih gelar juara bersama Miami Heat, lalu masing-masing bersama Cleveland Cavaliers dan Lakers.
""Saya masih benar-benar mencintai permainan ini dan saya masih punya banyak hal untuk diberikan,"" ujar James seperti dikutip Yahoosports.
""Saya tidak bermain demi uang. Saya tidak bermain demi keluarga. Lalu, untuk apa saya benar-benar bermain pada tahap ini?""
""Saya masih ingin berkorban. Saya masih ingin bekerja. Saya masih ingin berjuang. Saya masih ingin berkompetisi, menang, dan memiliki kesempatan untuk merasakan bagaimana jadi juara,"" lanjutnya.
Selain soal cincin keenam, kepindahan LeBron ke Sixers untuk menaikkan jumlah pertandingan tim yang disiarkan secara nasional di televisi. Lalu, ada rencana juga Sixes menaikkan harga tiket pertandingan kandang di Xfinity Mobile Arena.
LeBron juga akan memainkan posisi lamanya sebagai point guard di Sixers, untuk bahu-membahu bareng Jaylen Brown dan Joel Embiid.
Bisakah LeBron mendapatkan cincin kelimanya?
(mrp/aff)",sport,https://sport.detik.com/basket/d-8594390/lebron-james-kejar-cincin-kelima-bareng-sixers
16,"Indonesian Basketball League (IBL) resmi dibuka melalui seremoni meriah yang digelar di arena kompetisi. Pembukaan kompetisi basket tertinggi di Indonesia digelar pada Sabtu (10/1) ini juga ditandai dengan signing dan touching simbolik oleh sejumlah tokoh penting IBL di Dewa United Arena, Tangerang.
Dari pantauan detikcom di arena, turut hadir Menteri Pemuda dan Olahraga (Menpora) Erick Thohir, CEO Indonesian Basketball League (IBL) Junas Miradiarsyah, Brand Manager Kahf Rashif Ridlo, dan pemain Dewa United, Lester Prosper.
Junas Miradiarsyah bersama Rashif Ridlo tampil di tengah lapangan untuk melakukan award declaration by Kahf 'Main Bersih Award 2026' dan Simbolik Main Bersih Award. Kahf juga sebagai partnership resmi dari Indonesia Basketball League (IBL) 2026.
Pemain Dewa United, Lester Prosper yang juga penerima Sportmanship Award 2025 melakukan touching simbolik dan mengumumkan bahwa ditahun ini Sportmanship berganti nama menjadi Main Bersih award yang tentu berbeda penilaian dari sebelumnya. Pemain tidak hanya berdasarkan sportmanship dilapangan tetapi juga diluar lapangan.
Erick Thohir melakukan tip-off symbolic sebagai penanda dimulainya kompetisi Indonesian Basketball League (IBL) 2026.
Prosesi pembukaan tersebut diiringi dengan tampilan visual di layar arena yang menampilkan teks bertema semangat sportivitas, kolaborasi, dan persaingan sehat. Pesan tersebut menegaskan nilai utama yang diusung IBL pada musim ini.
Dari pantauan detikcom, dihari yang sama kahf berkomitmen untuk berdonasi sejumlah total skor pada match tersebut yang dikalikan dengan Rp 1.000.000 (satu juta rupiah), skor berakhir 82-98 untuk kemenangan Pelita Jaya, sehingga total donasi senilai Rp 180.000.000 (Seratus delapan puluh juta rupiah) yang akan disalurkan untuk korban terdampak bencana di Sumatera.
Seremoni pembukaan ini menjadi penanda dimulainya musim baru IBL yang diprediksi akan berlangsung ketat. Seluruh klub telah menyiapkan strategi dan skuad terbaik untuk bersaing memperebutkan gelar juara.
Donasi dari Kahf diharapkan dapat membantu proses pemulihan masyarakat terdampak bencana di Sumatera sekaligus menegaskan komitmen IBL terhadap tanggung jawab sosial.
(ega/ega)",sport,https://sport.detik.com/basket/d-8303339/kahf-optimalkan-panggung-ibl-untuk-kampanye-donasi-dan-main-bersih-award
17,"Peraih MVP NBA paling dominan yang tidak hanya unggul secara statistik, tetapi juga membawa dampak besar bagi timnya. Siapa-siapa saja?
Penghargaan Pemain Terbaik NBA atau National Basketball Association Most Valuable Player (MVP)merupakan penghargaan NBA tahunan yang diberikan pada pemain terbaik di musim reguler. MVP dipilih melalui pemungutan suara dari pemain NBA.
Bagi pemain yang memenangkan NBA dan memenuhi syarat, maka akan dilantik ke dalam Naismith Memorial Basketball Hall of Fame.
Pada artikel kali ini, detikSport menyajikan deretan pemain terbaik dengan gelar MVP NBA terbanyak. Yuk, simak informasi lengkapnya berikut ini.
1. Kareem Abdul-Jabbar (6 Gelar)
Rekor pemain dengan MVP NBA terbanyak hingga kini masih dipegang oleh Kareem Abdul-Jabbar dengan total 6 Gelar. Masing-masing tiga dari keenam gelar tersebut diraih di dua tim yang berbeda, yaitu Milwaukee Bucks dan Angeles Lakers.
Abdul Jabbar memenangkan penghargaan pada tahun 1971, 1972, 1974, 1976, 1977, 1980.
2. Michael Jordan (5 Gelar)
Tidak jauh berbeda dengan Abdul-Jabbar, Michael Jordan memperoleh 5 gelar selama kariernya di Chicago Bulls. Ia mendapat penghargaan di tahun 1988, 1991, 1992, 1996, 1998.
3. Bill Russel (5 Gelar)
Di posisi ketiga, ada Bill Russel yang berhasil meraih total 5 gelar. Ia bermain di Boston Celtics dan mendapat gelar MVP pada tahun 1958, 1961, 1962, 1963, 1965.
4. Wilt Chamberlain (4 Gelar)
Pemain dengan gelar MVP terbanyak selanjutnya adalah Wilt Chamberlain dengan total 4 gelar. Ia dinobatkan sebagai pemain terbaik saat bermain di dua klub berbeda, yaitu Philadelphia Warriors (1 gelar) dan Philadelphia 76ers (3 gelar).
Raihan ini diperoleh pada tahun 1960, 1966, 1967, 1968.
5. LeBron James (4 Gelar)
Sama dengan Chamberlain, LeBron James menjadi pemain terbaik dengan 4 gelar MVP. Ia bermain untuk dua tim berbeda, yaitu Cleveland Cavaliers (2 gelar) dn Miami Heat (2 gelar).
James memperoleh gelar MVP di tahun 2009, 2010, 2012, dan 2013.
6. Larry Bird (3 Gelar)
Di urutan berikutnya, ada Larry Bird yang meraih 3 gelar MVP. Pemain Boston Celtic ini memperoleh gelar tersebut di tahun 1984, 1985, 1986.
7. Magic Johnson (3 Gelar)
Magic Johnson melengkapi daftar peraih gelar MVP NBA terbanyak, yaitu 3 gelar. Ia bermain untuk Los Angeles Lakers dan dinobatkan sebagai pemain terbaik pada 1987, 1989, 1990.
Summary:Peraih MVP NBA paling dominan yang tidak hanya unggul secara statistik, tetapi juga membawa dampak besar bagi timnya.
(aff/krs)",sport,https://sport.detik.com/basket/d-8297473/7-pemain-dengan-mvp-nba-terbanyak
18,"NBA All-Star 2026 rampung digelar di Intuit Dome, Los Angeles dengan format baru. USA Stars keluar sebagai juara setelah menaklukkan USA Stripes 47-21 pada final NBA All-Star Championship, Minggu (15/2/2026) waktu setempat.
Format All-Star tahun ini berubah menjadi turnamen round-robin tiga tim yang melibatkan USA Stars, USA Stripes, dan Team World. Setiap gim dimainkan selama 12 menit, dan dua tim terbaik melaju ke laga puncak.
Edwards Dinobatkan MVP
Bintang Minnesota Timberwolves Anthony Edwards tampil luar biasa sepanjang event dan dinobatkan sebagai penerima Kobe Bryant Trophy sebagai MVP NBA All-Star 2026.
Edwards mencetak total 32 poin dalam tiga pertandingan untuk USA Stars, membantu timnya meraih gelar juara sekaligus membawa pulang penghargaan MVP yang dinamai untuk mengenang legenda NBA, Kobe Bryant.
""Ini sangat bermakna... aku cinta Minnesota, dan aku tahu Minnesota juga mencintaiku,"" kata Edwards usai menerima penghargaan itu, seperti dilansir NBA.com.
Ringkasan All-Star
USA Stars menunjukkan performa dominan di turnamen ini. Mereka membuka pekan All-Star dengan kemenangan 37-35 atas Team World setelah perpanjangan waktu, kemudian melaju ke final untuk menghadapi USA Stripes.
Kemenangan 47-21 atas USA Stripes memastikan gelar juara edisi ke-75 NBA All-Star Game dalam format baru yang lebih kompetitif dan intens dibandingkan dengan format klasik sebelumnya.
Hasil All-Star Weekend 2026
NBA All-Star Game
- Juara: USA Stars
- Runner-up: USA Stripes
- Skor Final: 47-21
- MVP (Kobe Bryant Trophy): Anthony Edwards (Minnesota Timberwolves)
Three-Point Contest
- Damian Lillard (Portland Trail Blazers) - 29 poin (final)
Slam Dunk Contest
- Keshad Johnson (Miami Heat)",sport,https://sport.detik.com/basket/d-8358151/usa-stars-juara-nba-all-star-2026-anthony-edwards-raih-kobe-bryant-mvp
19,"Bintang Memphis Grizzlies Brandon Clarke meninggal dunia di kediamannya di Los Angeles. Polisi segera mengusut penyebab kematian power forward 29 tahun itu.
Pemain kelahiran Vancouver, Kanada itu ditemukan tak bernyawa pada Senin (11/5/2026) sore waktu lokal. Namun kabar kematiannya baru diumumkan keesokan harinya.
NBC4 Los Angeles, mengutip penyataan aparat hukum setempat, mengungkap ditemukan alat untuk mengonsumsi narkoba di rumah tersebut, dan kematiannya diselidiki untuk mengetahui apakah ia tewas karena overdosis atau tidak.
— Memphis Grizzlies (@memgrizz) May 12, 2026
""Kami berduka atas kematian Brandon Clarke yang tragis. Brandon adalah rekan setim yang luar biasa dan pribadi yang lebih baik dan sumbangsihnya untk tim serta komunitas Memphis takkan dilupakan,"" bunyi pernyataan resmi Grizzlies, Rabu (13/5) WIB.
Clarke, yang memulai debut NBA pada 2019, sepanjang karier profesionalnya hanya memperkuat Grizzlies. Namun ia hanya turun dua kali musim ini karena cedera. Ia tampil dalam 309 laga NBA dengan rataan 10,2 poin per laga.
Ia sempat ditangkap di Arkansas pada April lalu atas sejumlah tuduhan, termasuk ngebut dan kepemilikan zat terlarang. Ia dilepas dengan jaminan 25 ribu Dolar dan direncanakan menjalani sidang pada 15 Mei mendatang.
NBA Commissioner Adam Silver issued the following statement today regarding the passing of Memphis Grizzlies forward Brandon Clarke:
""We are devastated to learn of the passing of Brandon Clarke. As one of the longest-tenured members of the Grizzlies, Brandon was a beloved… pic.twitter.com/ZjxXtIycwl
Grizzlies gagal lolos ke playoff musim ini usai hanya meraih 25 kemenangan dari 82 laga dan finis di urutan 13 klasemen akhir wilayah barat.
(adp/aff)",sport,https://sport.detik.com/basket/d-8487819/bintang-nba-brandon-clarke-wafat-diduga-od
20,"Hasil undian basket 5on5 Asian Games 2026 telah dirilis. Timnas putra Indonesia berada di dalam grup berat, sementara tim putri segrup dengan juara bertahan, China.
Basket 5on5 nomor putra di Asian Games akan bergulir di Aichi International Arena, Nagoya, mulai 10 sampai 20 September untuk sektor putra. Sedangkan tim putri berlangsung mulai 17-26 September 2026.
Dari hasil drawing, Timnas putra Indonesia langsung dihadapkan pada lawan-lawan kuat di fase grup. Tergabung dalam Grup A mereka harus bersaing ketat dengan Jepang, Korea Selatan, dan Saudi Arabia.
Yang membedakan dengan edisi sebelumnya hanya pada keberadaan Qatar. Saat itu, Indonesia harus puas berada di posisi akhir setelah tak sekali pun menang dalam tiga pertandingan melawan Jepang, Korea Selatan, dan Qatar.
Timnas putra Indonesia juga gagal lolos kualifikasi menuju perempatfinal. Adapun Filipina meraih medali emas Asian Games Hangzhou 2022, sementara Yordania dan China masing-masing meraih medali perak dan perunggu.
Dari sektor putri, Indonesia kembali bersaing dengan China. Negeri Tirai Bambu merupakan juara bertahan Asian Games 2026.
Bedanya dengan tim putra, tim putri Indonesia pada Asian Games 2022 berhasil mencapai perempatfinal setelah menempati peringkat ketiga fase grup.
Indonesia mengemas satu kemenangan atas Mongolia 69-64, dan dua kekalahan dari China (52-101), dan India (46-66).
Lantas apakah Timnas putri Indonesia bisa kembali lolos perempatfinal? Sejauh ini, 24 pemain telah dipanggil Perbasi untuk mengikuti training camp di Surabaya, sejak Mei lalu.
Manajer Timnas Handoyo mengatakan training camp dimulai bulan Mei agar pemain-pemain muda bisa menyesuaikan denagn program latihan pelatih kepala Gitautas Kievinas.
Tim Putra
Grup A
Jepang
Korea Selatan
Saudi Arabia
Indonesia
Grup B
Iran
Yordania
Taiwan
Qatar
Grup C
China
Filipina
Bahrain
Kazakhstan
Tim Putri
Grup A
China
Indonesia
Thailand
Grup B
Jepang
Filipina
Kazakhstan
Hong Kong
Grup C
Korea Selatan
Taiwan
Mongolia
Malaysia.",sport,https://sport.detik.com/basket/d-8609883/hasil-undian-basket-asian-games-2026-indonesia-gabung-siapa
21,"Indonesia Basketball League (IBL) kembali menghadirkan serial dokumenter KITA. KITA 2026 berisi cerita di balik layar yang lebih personal dan emosional.
Melalui serial dokumenter ini, IBL ingin membawa penonton melihat sisi lain dari kehidupan para pemain. Tidak hanya soal kemenangan dan kekalahan di lapangan, tetapi juga tentang proses bangkit dari kegagalan, menghadapi tekanan, mengambil keputusan besar dalam karier, hingga perjuangan untuk terus berkembang sebagai seorang atlet maupun manusia.
AVP Media & Content IBL, Guustave Fabiano, menyebut KITA Season 2026 menjadi bentuk komitmen IBL untuk menghadirkan cerita yang lebih dekat dengan para penggemar basket Indonesia.
""Lewat KITA Season 2026, kami ingin menghadirkan cerita yang lebih dekat dengan sisi manusiawi para pemain. Tidak hanya tentang menang atau kalah di lapangan, tetapi juga tentang proses bangkit, mengambil keputusan besar, menghadapi tekanan, dan bagaimana mereka terus melangkah dalam kariernya. KITA menjadi gambaran bahwa setiap pemain selalu punya cerita perjuangan di balik pertandingan,"" ujar Guustave dalam keterangan resmi.
Episode perdana bertajuk ""The Next Step"" akan menjadi pembuka perjalanan musim ini dengan menghadirkan kisah dua pemain nasional, Andakara Prastawa dan Yesaya Saudale, yang sama-sama berada di fase penting dalam perjalanan karier mereka.
Andakara, pebasket Pelita Jaya, mengatakan dokumenter ini menjadi refleksi personal setelah menghadapi kegagalan mempertahankan gelar juara bersama Pelita Jaya musim lalu. Sementara bagi Yesaya, episode ini menggambarkan keberaniannya keluar dari zona nyaman dan memulai tantangan baru dalam karier profesionalnya.
""Dokumenter ini buat saya sangat personal. Banyak orang cuma melihat hasil akhir di lapangan, tapi jarang melihat bagaimana seorang pemain belajar menerima kekalahan, bangkit lagi, dan menjaga rasa lapar untuk terus berkembang. Saya berharap cerita ini bisa memberikan perspektif baru bahwa menjadi juara bukan cuma soal menang, tapi soal bagaimana kita merespon kegagalan,"" ujar Andakara.
""Kalau ada satu hal yang saya harap bisa dirasakan penonton setelah menonton dokumenter ini, itu adalah semangat untuk terus melangkah. Karena dalam hidup, setiap orang pasti pernah jatuh. Yang membedakan adalah siapa yang mau bangkit dan mengambil next step,"" lanjutnya.
Sementara itu, Yesaya berharap kisah yang ditampilkan dalam dokumenter ini bisa menjadi inspirasi bagi banyak orang untuk terus bertumbuh dan berani mengambil langkah baru dalam hidup.
""Buat saya, dokumenter ini bukan cuma tentang basket atau perjalanan satu musim. Ini tentang bagaimana setiap orang punya prosesnya masing-masing untuk bertumbuh. Ada masa di mana kita harus keluar dari zona nyaman, mengambil keputusan besar, dan belajar menerima tekanan. Saya berharap orang yang menonton bisa melihat bahwa di balik setiap langkah seorang atlet, ada perjuangan yang mungkin tidak selalu terlihat,"" kata Yesaya.
""Semoga tayangan ini bisa jadi pengingat kalau perjalanan menjadi lebih baik itu nggak pernah instan. Kadang kita harus berani memulai langkah baru, walaupun belum tahu hasil akhirnya seperti apa,"" tambahnya.
KITA Season 2026 akan hadir setiap hari Jumat pukul 19.00 WIB secara eksklusif di IBL TV. Episode perdana bertajuk ""The Next Step"" akan tayang malam ini pukul 19.00 WIB sebagai pembuka perjalanan emosional season kedua serial dokumenter tersebut.
Pada musim ini, KITA Season 2026 akan hadir dengan total 15 episode yang menghadirkan berbagai cerita inspiratif dari para pemain dan insan basket Indonesia sepanjang kompetisi IBL.
Serial dokumenter ini diharapkan dapat membawa para penonton lebih dekat dengan perjalanan, emosi, dan perjuangan yang terjadi di balik dunia basket profesional Indonesia.
(mrp/raw)",sport,https://sport.detik.com/basket/d-8511460/dokumenter-kita-dirilis-lagi-cerita-di-balik-layar-ibl-2026
22,"Pandu Wiguna memulai karier barunya bersama Dewa United Banten. Ia berambisi kembali merasakan gelar juara IBL musim depan.
Nama pemain kelahiran Riau 30 tahun silam itu sebelumnya lekat dengan kota Bandung. Ia memulai kariernya bersama Garuda Bandung pada 2017, lalu berlanjut di sana saat tim berganti manajemen dan berubah menjadi Prawira Bandung pada 2018-2025.
Puncak karier Pandu yakni saat memenangi IBL pada 2023 silam. Center bertinggi 194 cm tersebut tetap dipertahankan ketika Prawira melakukan merger dengan Satria Muda pada 2025, namun ia hanya bertahan setahun dan memilih memulai petualangan baru.
| Baca juga: Hangtuah Jakarta Punya Pelatih Interim Baru | 
""Pastinya ini pertama kali buat saya (bermain di klub luar kota Bandung). Hanya saja keputusan ini harus saya ambil. Karena saya butuh suasana baru dan tantangan baru,"" kata Pandu dalam perkenalan resmi di Carstensz Mall, Tangerang, Jumat (21/8/2026), dalam rilis kepada detikSport.
""Alasannya sebenarnya simple saja. Visi dari tim ini juara. Keseriusan dari manajemen dan ambisi tim untuk juara setiap tahun. Oleh karena itu saya mau bergabung dengan tim ini. Juara itu sudah menjadi tujuan utama sebagai pemain basket. Saya juga demikian,"" tegas pemain berjuluk Pan-Dunk itu.
Presiden Dewa United Michael Oliver Wellerz menyebut perekrutan Pandu merupakan bagian dari evaluasi tim setelah perjalanan musim sebelumnya. Setelah menjadi juara pada 2025, mereka kemudian kalah di semifinal pada musim 2026 yang baru usai Juni lalu.
""Kami membutuhkan pemain seperti Pandu. Di Indonesia, pemain dengan ukuran dan posisi seperti dia jumlahnya tidak banyak. Selain itu, kami juga harus memikirkan keberlanjutan tim karena ada pemain-pemain yang semakin senior,"" ujar Michael.
""Jadi kami harus mempersiapkan regenerasi dan komposisi tim untuk jangka panjang. Harapan terbesar saya semua pemain sehat. Semoga kami bisa sukses bersama dan kembali memperjuangkan gelar juara,"" tambahnya.
(adp/adp)",sport,https://sport.detik.com/basket/d-8630426/tekad-pandu-wiguna-kembali-juara-ibl-usai-gabung-dewa-united
23,"Presiden Hangtuah Jakarta, Harryadin Mahardika, terus mempercepat pengembangan klub dengan memperluas kolaborasi internasional. Hangtuah membangun kemitraan global dengan tim basket tersukses di Australia, Perth Wildcats.
Harryadin beberapa hari lalu menyambangi markas Perth Wildcats bersama jajaran pengurus Hangtuah lainnya, yakni Direktur Utama Kurniawan Santoso dan Komisaris Nigel Hembrow. Mereka mengamati langsung standar operasional Wildcats, mulai dari sesi latihan hingga manajemen hari pertandingan.
""Kunjungan ke Perth ini bukan sekadar menghadiri pertandingan, melainkan langkah strategis kami untuk menyerap praktik terbaik global. Kami ingin meletakkan dasar kolaborasi jangka panjang guna mempercepat profesionalisasi klub dan mendukung kebangkitan bola basket Indonesia,"" ujar Harryadin dalam keterangan persnya.
""Merasakan langsung atmosfer NBL memberikan kami tolok ukur yang jelas mengenai profesionalisme dan standar kelas dunia. Budaya kompetitif dan pola pikir juara yang dimiliki Wildcats menjadi inspirasi bagi kami dalam memperkuat kerangka pengembangan pemain di Hangtuah,"" sambungnya.
Selama kunjungan, delegasi Hangtuah berkesempatan menyaksikan langsung laga sengit antara Perth Wildcats melawan Adelaide 36ers di RAC Arena yang dihadiri lebih dari 13.000 penonton. Atmosfer profesionalisme dan ketelitian standar NBL tersebut dijadikan titik acuan bagi Hangtuah untuk meningkatkan level kompetisi domestik di Indonesia.
Dalam aksi simbolis, Harryadin Mahardika juga melakukan pertukaran jersei dengan CEO sekaligus pemilik Perth Wildcats, Mark Arena, sebagai bentuk dimulainya hubungan baik kedua organisasi.
Delegasi Hangtuah juga mengunjungi Bendat Basketball Centre, pusat operasional Wildcats, untuk mendiskusikan empat area potensial kerja sama, yaitu pertukaran pengetahuan teknis dan kepelatihan, jalur pengembangan pemain muda, peluang pertandingan eksibisi lintas negara, kemitraan komersial dan bisnis.
Harryadin menjelaskan bahwa sebagai klub basket yang berbasis di Jakarta, Hangtuah berkomitmen menjadi gerbang kemajuan bola basket di Asia Tenggara. Kolaborasi internasional ini diharapkan dapat memberikan dampak domino bagi peningkatan standar liga nasional dan pembinaan bakat muda di tanah air.
""Kami meyakini bahwa pertumbuhan sejati tidak hanya dibangun di atas lapangan, tetapi juga melalui kepemimpinan visioner dan keberanian untuk terlibat di panggung global,"" Harryadin menegaskan.
(ran/aff)",sport,https://sport.detik.com/basket/d-8374304/kejar-kesuksesan-hangtuah-jakarta-berguru-ke-perth-wildcats
24,"Roster pemain NBA All-Stars 2026 resmi diumumkan pada Senin (19/1). Simak daftar lengkap pemain All-Star dari Wilayah Barat dan Timur beserta posisi dan klubnya.
NBA All-Stars 2026 merupakan kompetisi bola basket yang menghadirkan pemain bintang wilayah timur dan wilayah barat. Ajang ini mulai digelar pada 15 Februari 2026 di markas baru Los Angeles Clippers, Inglewood, California, Amerika Serikat.
Turnamen bola basket tahunan ini secara resmi telah mengumumkan daftar pemain east team dan west team pada 19 Januari 2026.Pemilihan pemain ini didasarkan pada pemungutan suara oleh penggemar (50%), pemain NBA (25%), dan media (25%).
| Baca juga: 7 Pemain dengan MVP NBA Terbanyak | 
Berikut detikSport telah merangkum roster pemain NBA All-Stars 2026dilansir dari situs resmi NBA.
East Team
Giannis Antetokounmpo
Giannis Antetokounmpo merupakan pemain Milwaukee Bucks yang berposisi sebagai frontcourt. Sepanjang musim ini, ia telah meraih rata-rata 24 poin, 5,6 assists pergame, dan 10 rebound.
Jalen Brunson
Jalen Brunson berasal dari New York Knicks dengan posisi sebagai guard. Ia meraih rata-rata 28 poin di musim ini, dengan 6,1 assists dan 3,2 rebound.
Jaylen Brown
Guard andalan Boston Celtics ini membukukan rata-rata 29,8 poin pada musim ini. Ia juga mencatatkan 4,9 assists dan 6,8 rebound.
Cade Cunningham
Cade Cunningham bermain untuk Detroit Pistons sebagai Guard. Sepanjang musim ini, ia tercatat memiliki rata-rata 25,3 poin, 9,7 assists, dan 5,8 rebound.
Tyrese Maxey
Tyrese Maxey bermain untuk Philadelphia 76ers dengan posisi Guard. Ia meraih rata-rata 29,9 poin, 6,8 assists, dan 4,3 rebound pada musim ini.
West Team
Stephen Curry
Stephen Curry bermain sebagai Guard untuk Golden State Warriors. Selama musim ini, ia tercatat memiliki rata-rata 27,4 poin, 4,9 assist, dan 3,7 rebound.
Shai Gilgeous-Alexander
Shai Gilgeous-Alexander membela Oklahoma City Thunder sebagai Guard. Ia meraih rata-rata 32,3 poin, 6,2 assists, dan 4,4 rebound sepanjang musim ini.
Victor Wembanyama
Frontcourt San Antonio Spurs, Victor Wembanyama masuk ke dalamwest teamdengan rata-rata 24,5 poin sepanjang musim, ditambah dengan 2,9 assist, dan 10,9 rebound.
Luka Doncic
Luka Doncic bermain untuk Los Angeles Lakers. Ia tercatat menorehkan rata-rata 33,4 poin, 8,7 assist, dan 7,8 rebound selama musim ini.
Nikola Jokic
Nikola Jokic membela Denver Nuggets sebagai Frontcourt. Di musim ini, ia berhasil meraih rata-rata 29,6 poin, 11 assists, dan 12,2 rebound.",sport,https://sport.detik.com/basket/d-8328127/roster-pemain-nba-all-stars-2026-daftar-lengkap-east-team-west-team
25,"Persaingan di IBL GoPay 2026 semakin menarik untuk diikuti, terutama saat dua tim kuat, Dewa United Banten dan Pelita Jaya Bakrie Jakarta, bertemu dalam satu laga. Performa impresif yang ditunjukkan Dewa United di ajang Basketball Champions League Asia - East 2026 menjadi sinyal kuat bahwa pertandingan ini akan berjalan dengan intensitas tinggi.
Dewa United datang dengan kepercayaan diri yang semakin matang. Kemenangan di level regional menunjukkan kesiapan mereka untuk bersaing lebih jauh, termasuk menghadapi tim berpengalaman seperti Pelita Jaya.
Momentum ini membuat laga nanti menjadi kesempatan penting untuk melihat sejauh mana konsistensi mereka di kompetisi domestik.
Di sisi lain, Pelita Jaya Bakrie Jakarta tetap tampil sebagai tim yang solid dengan pengalaman panjang di dunia basket Indonesia. Kombinasi pemain terbaik dan strategi permainan yang teruji membuat setiap pertandingan mereka selalu menarik untuk disaksikan. Bermain dengan dukungan penonton juga menjadi nilai tambah yang menghadirkan atmosfer berbeda di arena.
Pertemuan kedua tim ini menghadirkan potensi duel yang kompetitif dan penuh aksi. Kamu bisa menyaksikan langsung bagaimana strategi, kecepatan permainan, hingga momen krusial terjadi di lapangan dalam satu pertandingan yang penuh tensi.
Laga ini akan diselenggarakan pada
Tanggal: 5 April 2026
Waktu: 21.00 WIB
Lokasi: GOR Soemantri Brodjonegoro, Kuningan, Jakarta Selatan
Menonton langsung di arena memberikan pengalaman yang lebih terasa. Suasana pertandingan, energi dari para pemain, hingga dukungan penonton akan membuat kamu lebih dekat dengan setiap momen di lapangan.
Amankan tiketmu sekarang dan jadilah bagian dari duel seru Dewa United vs Pelita Jaya di IBL GoPay 2026. Rasakan langsung atmosfer pertandingan yang penuh energi hanya di GOR Soemantri Brodjonegoro. Dapatkan tiketnya sekarang di detikevent sebelum kehabisan!
(aff/aff)",sport,https://sport.detik.com/basket/d-8423597/saksikan-duel-seru-pelita-jaya-vs-dewa-united-di-ibl-gopay-2026
26,"Atmosfer Indonesian Basketball League GoPay 2026 menghadirkan musim yang semakin kompetitif dengan rivalitas klub yang kian panas. Musim ke-23 IBL ini mempertemukan tim-tim dengan ambisi besar, roster yang semakin solid, dan experience pertandingan yang semakin immersive untuk para penonton.
Pelita Jaya Jakarta sebagai klub legendaris dengan sejarah lebih dari 37 tahun siap menyuguhkan laga home yang penuh energi, hiburan, dan atmosfer khas arena basket profesional.
Bogor Hornbills hadir sebagai wajah baru yang membawa semangat segar bagi komunitas basket Indonesia. Transformasi identitas dari Borneo Hornbills menjadi Bogor Hornbills menandai era baru klub yang kini menjadi kebanggaan Kabupaten Bogor.
Momentum kebangkitan itu semakin terasa dengan kedatangan Travin Thibodeaux sebagai pemain asing baru untuk musim IBL 2026. Power forward setinggi 199 cm ini dikenal dengan fisik kuat, intensitas permainan tinggi, dan kontribusi seimbang di offense serta defense.
Travin membawa pengalaman bermain di G-League, klub-klub Eropa dan Timur Tengah, hingga tampil di final Basketball Champions League Asia 2024. Kehadirannya mempertegas komitmen Bogor Hornbills untuk meningkatkan daya saing dan menjaga konsistensi performa sepanjang musim.
Pertandingan Pelita Jaya Jakarta vs Bogor Hornbills menjadi salah satu laga yang layak masuk agenda wajib kamu. Pelita Jaya akan tampil dengan kekuatan tradisi, kedalaman roster, dan pengalaman panjang di kompetisi nasional, sementara Bogor Hornbills hadir dengan identitas baru dan pemain asing yang siap memberi dampak instan.
Saksikan keseruannya pada:
- Tanggal: 22 Februari 2026
- Waktu: 20.00 WIB - selesai
- Lokasi: GOR Soemantri Brodjonegoro, Jakarta Selatan
Duel ini menawarkan kombinasi permainan cepat, duel fisik di paint area, serta momen highlight yang selalu ditunggu para penggemar basket.
Pastikan kamu tidak melewatkan momen debut dan aksi Travin Thibodeaux bersama Bogor Hornbills saat menghadapi Pelita Jaya Jakarta.
Amankan tiket lebih awal hanya di detikevent dan jadikan laga ini sebagai agenda hiburan olahraga yang seru, kompetitif, dan penuh energi!
(krs/cas)",sport,https://sport.detik.com/basket/d-8349675/pj-vs-bogor-hornbills-aksi-perdana-travin-thibodeaux-di-musim-ibl-gopay-2026
27,"Final NBA 2026 tuntaskan game kedua. Laga berjalan ketat, ada drama di akhir-akhir Knicks menang 105-104 atas Spurs dan memimpin 2-0.
New York Knicks vs San Antonio Spurs digelar di Frost Bank Center, Texas pada Sabtu (6/6) pagi WIB dalam game kedua Final NBA 2026. Di kuarter pertama, tuan rumah memimpin 34-25.
Knicks bangkit di kuarter kedua. Mereka bertahan kuat, Karl-Anthony Towns turut agresif dengan total cetak 17 poin sampai half time. Tim tamu berbalik unggul 56-52.
Di awal kuarter ketiga, Knicks nyaman menambah keunggulan selisih 10 poin, 64-54. Setelah tiga poin Wembanyama gagal, Brunson membalasnya dengan mulus.
Tembakan para pemain Spurs banyak yang gagal. Knicks jaga keunggulan di akhir kuarter ketiga 84-75.
Kuarter keempat dimulai, tensi makin tinggi. Landry Shamet yang masuk dari bench terus on fire dengan cetak 13 poin, Knicks masih jaga keunggulan 90-82.
Spurs terus coba mendekat. Mereka berlari cetak 14-0 dalam tiga menit terakhir untuk samakan poin 97-97! Ada dua kali percobaan tiga poin Brunson yang gagal.
Spurs berbalik unggul 104-102 lewat Wembanyama di satu menit terakhir. Brunson dengan jump shot samakan poin lagi 104-104!
Saat berbalik menyerang, ada turnover antara Wembanyama dan Castle. Wembanyama lepas umpan tapi Castle tidak melihat dan mengenai punggungnya. Brunson dapat bola, kena foul, bisa tambah satu poin lewat free throw 105-104 Knicks unggul lagi.
Drama di tujuh detik akhir. Wembanyama gagal tembakannya, Knicks menang 105-104 di game kedua Final NBA 2026!
Game ketiga gantian di kandang Knicks pada Selasa (9/6).
(aff/mrp)",sport,https://sport.detik.com/basket/d-8520275/final-nba-2026-ketat-knicks-menang-105-104-di-game-kedua
28,"Klub IBL Hangtuah Jakarta baru saja menjalin kerjasama dengan Federasi Bola Basket Dunia (FIBA). Tujuannya mengembangkan baket para pebasket muda.
Program tersebut bernama Play it Forward, yang melibatkan 60 siswa tingkat SMP/sederajat dari dua sekolah terpilih, yaitu SMP Garuda Cendekia dan SMP BPK Penabur. Program ini merupakan bagian dari gerakan global ""Basketball for Good"" yang diinisiasi oleh FIBA Foundation.
Basketball for Good memanfaatkan bola basket tidak hanya untuk meningkatkan kesehatan fisik, tetapi juga untuk memberdayakan, mendidik, dan menginspirasi masyarakat dalam berbagai isu yang berkaitan dengan komunitas. Program ini meningkatkan kesadaran terhadap isu-isu sosial, melawan ketidakadilan dan kesenjangan, serta membangun komunitas yang sehat dan tangguh.
Bertempat di GOR Ciracas, Jakarta Timur, Jumat (8/5), para peserta didampingi oleh dua guru Pendidikan Jasmani, Olahraga, dan Kesehatan (PJOK) yang sebelumnya mendapat pelatihan dari fasilitator FIBA Indonesia terkait metode latihan yang akan diterapkan.
Sebagai bagian dari pengalaman menyeluruh, para peserta juga akan menghadiri pertandingan IBL 2026 antara Hangtuah Jakarta melawan Satria Muda Bandung pada malam harinya serta menerima plakat penghargaan pada saat jeda pertandingan (halftime break).
Melalui program ini, Hangtuah dan FIBA Indonesia berharap dapat menciptakan ekosistem olahraga yang inklusif, berkelanjutan, serta berdampak nyata bagi perkembangan generasi muda di Indonesia.
""Kami percaya olahraga adalah sarana membangun karakter. Melalui inisiatif ini, kami ingin menghadirkan akses dan kesempatan bagi lebih banyak anak Indonesia untuk tumbuh dengan disiplin, percaya diri, dan semangat juang,"" ujar Kurniawan Santoso selaku Managing Director Hangtuah Jakarta sekaligus Pendiri Marvin Foundation dalam rilis kepada detikSport.
""Inisiatif ini mencerminkan komitmen kami dalam mengembangkan ekosistem bola basket yang tidak hanya berorientasi pada performa, tetapi juga pada pembangunan karakter dan kesejahteraan masyarakat. Kami berharap kolaborasi ini dapat menjadi langkah awal dari dampak yang berkelanjutan dan menginspirasi lebih banyak pihak untuk bersama-sama menggunakan olahraga sebagai sarana perubahan sosial,"" timpal Manager Basketball for Good FIBA Indonesia, Sarah Nicolina.
Kegiatan ini juga mendapat dukungan penuh dari Marvin Foundation bersama para sponsor serta mitra pendukung, seperti Deorex, Koko Bakso Gepeng, dan Yoona, yang memiliki komitmen serupa dalam mendukung pengembangan generasi muda melalui olahraga.
(mrp/ran)",sport,https://sport.detik.com/basket/d-8481218/hangtuah-dan-fiba-kerjasama-demi-masa-depan-basket-indonesia
29,"Pelita Jaya (PJ) siap menuntaskan misi balas dendam setelah gagal juara pada Indonesian Basketball League (IBL) tahun lalu. Bersama David Singleton, PJ tak ingin patah hati dua kali.
Pelita Jaya akan melakoni laga pertama melawan Bogor Hornbills di PJ Arena, Rasuna Said, pada Jumat (19/6/2026). Laga bergulir pukul 19.00 WIB.
David menyadari timnya akan memasuki seri yang sangat berat. IBL menerapkan format baru, Best of 5. Format Best of 5 dengan sistem Home-Home-Away-Away-Home (untuk tim dengan peringkat terbaik) membuat setiap pertandingan jadi lebih sengit dan memiliki arti yang sangat penting bagi tiap tim.
""Persiapannya sejauh ini bagus, kami telah memulihkan kondisi fisik kami kembali. Sekarang kami sedang mengerjakan aspek teknis dan tentunya bagian mental dari permainan ini,"" kata David Singleton, saat ditemui di PJ Arena, Kamis (18/6/2026).
""Saat ini, kami memiliki ritme dan momentum yang baik. Kami hanya perlu turun ke lapangan dan mewujudkannya,"" lanjutnya.
Soal lawan, Bogor Hornbills memang menjadi tim kejutan. PJ sukses menembus final untuk kali pertama. Atas dasar itu, pelatih berusia 38 tahun itu mengingatkan atlet-atletnya untuk tetap waspada dan jangan lengah.
""Kami menghormati lawan. Semua lawan kami adalah lawan yang sangat tangguh. Jadi kami berharap bisa memberikan hal yang lebih dari biasanya, dan sekali lagi, kami bersemangat untuk laga nanti,"" tuturnya
""Jadi kami harus fokus pada hari Jumat, dan wajib tampil lebih baik daripada laga di seri terakhir. Dan kami menantikan untuk bermain dengan baik di kandang.""
David juga tak ingin mengulang kegagalan musim lalu. Pelita Jaya harus puas menjadi runner up setelah kalah dari Dewa United 1-2 dalam format best of three.
""Kami tak ingin semua kerja keras yang dilakukan sia-sia. Saya pikir musim lalu adalah patah hati bagi tim ini, dan saya tahu seberapa besar keinginan mereka untuk merespons dan melakukan yang lebih baik kali ini karena kami telah bekerja sangat keras,"" ujar David.
""Kami tetap setia pada proses kami musim ini. Kami akan melakukan segala yang kami bisa agar tidak merasakan perasaan (kalah) itu lagi,"" tegas pelatih asal San Francisco, California ini.
(mcy/cas)",sport,https://sport.detik.com/basket/d-8537620/tak-mau-kecewa-lagi-pelita-jaya-bertekad-menang-terus-di-final-ibl-2026
30,"New York Knicks kalah 111-115 dari San Antonio Spurs di game ketiga Final NBA 2026. Kata Jalen Brunson start lambat sulitkan tuan rumah.
San Antonio Spurs kontra New York Knicks berlangsung di Madison Square Garden, Selasa (9/6) pagi WIB dalam game ketiga Final NBA 2026. Laga ketat, Spurs bisa curi kemenangan dan kejar ketertinggalan jadi 1-2.
New York Knicks yang bermain di markasnya sendiri kesulitan di awal. Selama dua menit gagal cetak poin, barulah lewat three point Josh Hart bisa pecah kebuntuan 3-7.
Knicks sempat menggila di kuarter kedua dan balikkan keadaan. Mereka total mencetak 42 poin, Spurs hanya 24 poin.
Namun setelahnya, Spurs jaga jarak. Wembanyama dkk akhirnya menang 115-111.
| Baca juga: Horor Victor Wembanyama | 
Bintang New York Knicks, Jalen Brunson sesalkan start lambat timnya. Itu yang buat mereka kesulitan dapatkan ritme dan dikte permainan.
""kami stagnan di awal. Seharusnya kami melakukan pendekatan sejak kuarter pertama, tapi tidak berjalan dengan baik,"" jelasnya dilansir dari ESPN.
Brunson menegaskan, Knicks tidak boleh di atas angin. Meski kini masih dalam posisi unggul, dirinya tahu betul San Antonio Spurs tetaplah tim yang berbahaya.
""Sebelum laga ini, orang-orang sudah bilang kalau kami bisa menang 3-0 dan jadi juara. Kami harus membumi dan tetap fokus, kami harus punya mindset, skor masih 0-0 ketika laga dimulai,"" paparnya.
""Akan ada banyak gangguan, positif dan negatif, tetapi yang terpenting adalah bagaimana kami bersikap sebagai tim. Kami memastikan memiliki akuntabilitas sebagai tim, menang atau kalah, kami terus maju sebagai tim,"" tutup pencetak 32 poin di game ketiga tersebut.
Game keempat Final NBA 2026 bakal digelar di Madison Square Garden pada Kamis (11/6) pukul 07.30 WIB.
(aff/mrp)",sport,https://sport.detik.com/basket/d-8524998/final-nba-2026-start-lambat-yang-sulitkan-knicks
31,"Timnas 3x3 Putri siap tempur di FIBA 3x3 Women's Series Xiantao Stop 2026. Pertandingan ini sebagai persiapan menuju Asian Games Nagoya 2026.
FIBA 3x3 Women's Series Xiantao Stop dimulai Sabtu-Minggu (4-5/7/2026). Timnas 3x3 Putri Indonesia akan memulai perjalanan dari babak kualifikasi dan tergabung di Grup A, bersama tim asal China, Jingshi, dan dari Paraguay.
Jika Timnas 3x3 Putri sukses lewati ujian ini, dengan menguasai klasemen Grup A, maka lanjut ke babak utama. Indonesia akan tergabung di Grup C yang dihuni Filipina dan wakil China, Yanjing.
Menurut Pelatih Timnas 3x3 IndonesiaAndrie Ekayana Satya Santosakondisi tim saat ini baik, meski jalani perjalanan panjang ke China.
""Kondisi tim baik. Kami hadapi perjalanan panjang tapi istirahat juga cukup bagus. Semua berjalan baik termasuk latihan hari ini,"" kata Ekayana, dalam keterangan tertulisnya Sabtu (5/7).
Terkait kekuatan lawan, Yayan menyebut, Indonesia mendapat tantangan berat karena di atas kertas Paraguay dan Jingshi kuat.
Namun hal itu tak membuat semangat tim Merah Putih kendur. Terlebih, skuad diisi empat pemain berpengalaman seperti Diva Nur Fadillah, Ayu Sriartha Kusuma Dewi, Thasya Heri Saputera, dan Lidwina Ruth Riratri Dwi Saputri.
Ayu Sriartha pernah antarkan Timnas 3x3 Putri juara di SEA Games Thailand 2025. Diva Nur Fadillah dan Thasya Heri pernah satu tim di FIBA 3x3 Women's Series Manila Stop 2026, awal Mei lalu.
Adapun Lidwina Ruth pernah menjadi bagian dari Timnas 3x3 Putri di ajang Youth Nations League 2025, U21 Asia Pasifik.
""Tapi memang standar mereka juga tinggi. Jadi tantangan tersendiri menghadapi kedua tim kuat tersebut,"" jelas pelatih yang biasa disapaYayan ini.
""Harapannya kami mampu tampil baik, tetap fokus dan percaya diri. Series ini akan menjadi bekal menghadapi seri selanjutnya dan untuk beberapa pemain seri ini dan seri-seri ke depan merupakan bagian persiapan dari Asian Games,"" terangnya.
Dalam perjuangan di Xiantao Stop, Timnas 3x3 Putri juga sekaligus membangun kekuatan menghadapi rivalitas di Asian Games 2026 yang akan berlangsung di Jepang pada 19 September-4 Oktober mendatang. Sebelumnya, Timnas 3x3 Putri bersaing di FIBA 3x3 Women's Series Manila Stop, awal Mei lalu.
""Jadi kita perlu memanfaatkan betul kesempatan di Women's Series ini,"" ujar Ekayana.
(mcy/aff)",sport,https://sport.detik.com/basket/d-8559665/timnas-putri-3x3-jadikan-womens-series-bekal-ke-asian-games
32,"Prestasi mentereng diraih tim basket Universitas Surabaya (Ubaya). Ubaya sukses merebut gelar ganda di Campus League Basketball Regional Surabaya.
Partai final Campus League Basketball Regional Surabaya berlangsung di GOR Basket Universitas Negeri Surabaya (Unesa), Rabu (29/4/2026). Ubaya sukses merebut gelar ganda dengan menjadi juara tim putri dan tim putra sekaligus.
Di laga final pertama, Tim Putri Ubaya melibas Universitas Ciputra Makassar (UCM) dengan skor meyakinkan 95-28. Berikutnya, giliran Tim Putra Ubaya yang mengandaskan perlawanan wakil Papua Universitas Cendrawasih (Uncen) 84-48.
Tim Putri Ubaya tampil impresif dan solid di semua lini. Meski sempat mendapat perlawanan dari UCM di awal laga, skuad asuhan Wellyanto Pribadi ini mampu menjaga tempo permainannya.
Transisi yang cepat dan disiplin defense membuat UCM kesulitan menembus. Masuk quarter kedua Ubaya makin panas dan cukup efektif mengonversi poin lewat fastbreak maupun second chance. Ubaya mampu menutup babak pertama dengan margin lebar 44-14.
Usai halftime Ubaya tak mengendurkan intensitas, rotasi pemain berjalan dengan mulus dengan tetap menjaga kualitas permainan. UCM hanya mampu mencatatkan 4 poin di quarter ketiga.
Masuk quarter keempat, laga praktis dikuasai Ubaya. Mereka tetap bermain disiplin hingga buzzer berbunyi, yang memastikan medali emas dan podium juara putri Campus League Basketball Regional Surabaya jadi milik Tim Putri Ubaya.
Pencapaian tim putri ini kemudian digandakan dengan kemenangan Tim Putra Ubaya atas Universitas Cendrawasih (Uncen). Sejak tip-off sebenarnya Uncen bermain lebih berani dan dominan dengan memberikan tekanan keras kepada Ubaya. Namun agresivitas Uncen berhasil diredam Ubaya yang lebih rapi dan efektif meraup poin. Meski keduanya ngotot dalam perebutan poin, namun hingga turun minum Ubaya tetap unggul dengan 45-27.
Selepas halftime, giliran Ubaya tampil lebih lugas. Offense yang presisi membuat Ubaya kian memperlebar jarak. Puncaknya di quarter terakhir, Ubaya makin di atas angin. Meski Uncen berusaha keras mengejar defisit poin, namun margin yang terlanjur jauh membuat upaya mereka tidak cukup untuk membalik keadaan. Alhasil Ubaya memastikan medali emas putra Campus League Basketball Regional Surabaya juga berhasil dibawa pulang.
Dengan hasil ini, Tim Putri dan Putra Ubaya otomatis mengantongi tiket untuk melangkah ke babak The National Campus League Basketball yang akan berlangsung di Jakarta pada 6-13 Juni 2026. Mereka melaju bersama Tim Putri Universitas Ciputra Makassar dan Tim Putra Universitas Cendrawasih sebagai peringkat kedua, untuk menghadapi tim-tim terbaik yang berasal dari empat regional lainnya, yaitu Bandung, Yogyakarta, Samarinda, dan Jakarta.
Stimulasi Ekosistem Basket di Surabaya
Sementara itu, CEO Campus League Ryan Gozali menyebut kompetisi di Regional Surabaya berjalan dengan lancar dengan antusiasme yang besar dari perguruan tinggi dan para student-athlete di Jawa Timur dan sekitarnya. Sejak dimulai Rabu (22/4), sebanyak 16 tim putra dan 8 tim putri dari 17 perguruan tinggi telah ambil bagian.
Ryan mengatakan meski rentang kualitas antar tim peserta di Regional Surabaya cukup beragam, namun hal itu merupakan dinamika yang justru jadi tantangan bersama untuk terus melakukan peningkatan dalam pembinaan dan kompetisi yang lebih baik agar kualitas tim basket kampus di Surabaya semakin merata.
""Justru kita berharap dengan Campus League ini ekosistem olahraga di kampus ini jadi termotivasi. Ada pergerakan-pergerakan baru. Saya mengamati dari tahun 2012 di Jawa Timur itu secara tradisional ada Ubaya dan Unair yang kuat. Tapi karena ada kekosongan (kompetisi) cukup lama, jadi petanya agak berubah. Maka kemudian kita ingin agar ini menjadi stimulasi baru untuk ekosistem basket, tidak hanya Surabaya, tapi juga seluruh Indonesia,"" jelas Ryan.
Dalam kesempatan yang sama Wakil Rektor IV Universitas Negeri Surabaya (Unesa) Prof. Dr. Dwi Cahyo Kartiko S.Pd., M.Kes. menyampaikan apresiasi terhadap Campus League sebagai wadah kompetisi dan prestasi para mahasiswa di Surabaya dan sekitarnya. Ia merasa bangga, meski Tim Putra Unesa hanya meraih juara ketiga, namun di sisi lain berhasil menjadi tuan rumah yang baik sekaligus berkolaborasi untuk ikut menstimulasi kembali ekosistem basket di Surabaya.
""Kami bersyukur dan berterima kasih dipercaya sebagai tuan rumah Campus League Basket di Surabaya. Ini menjadi komitmen dan semangat kami di Unesa sebagai kampusnya para juara. Untuk saat ini, lumayan kami masih bisa meraih peringkat ketiga. Ini menjadi sengatan bagi kami untuk lebih intensif lagi supaya bisa bersaing di level atas di tahun-tahun berikutnya. Saya juga ingin mengajak untuk generasi muda para mahasiswa untuk ikut di Campus League. Karena melalui olahraga dan berkompetisi merupakan sarana pembentukan karakter yang sesungguhnya,"" Dwi Cahyo menuturkan.
Simak Video ""Video: RANS Entertainment Bakal Gelar Turnamen Basket Antarpelajar SMA""
[Gambas:Video 20detik] (bay/mrp)",sport,https://sport.detik.com/basket/d-8467876/ubaya-rebut-gelar-ganda-di-campus-league-basketball-regional-surabaya
33,"Campus League 2026 Basketball Jakarta sudah memasuki babak final hari ini. Universitas Pelita Harapan dan Universitas Bina Nusantara menguasai dua sektor.
Hal ini terjadi setelah tim putra dan putri kedua universitas meraih kemenangan di semifinal, Sabtu (30/5/2026). Partai puncak akan berlangsung di lokasi yang sama, Basketball Court UPH, Tangerang, Minggu (31/5/2026).
Tim putra UPH melaju ke final setelah menggebuk Universitas Trisakti. UPH yang tampil dominan sedari kuarter pertama akhirnya menang dengan skor telak, 51-37.
Binus menyingkirkan Institut Perbanas dengan skor 68-56. Sementara di sektor putri, Di UPH menggulingkan Institut Perbanas meski sempat tertinggal lebih dulu di kuarter pertama. Sedangkan, Binus mengalahkan Universitas Budi Luhur.
Pelatih tim putri UPH, Fajar Kusumasari, mengungkap persiapan yang matang dan kepercayaan diri tinggi menjadi resep keberhasilan timnya. Dia berharap timnya tetap tampil konsisten di final agar jadi juara.
""Persiapan kami sudah cukup untuk menghadapi siapapun nanti di final, jadi fokus recovery, besok just play good basketball. Karena di Regional Jakarta ini saya rasa semua tim kuat dan punya potensi saling mengalahkan. Tidak mudah, tapi kami tetap optimis, kami akan lakukan yang terbaik dan kejar juara,"" kata Fajar dalam keterangan resminya.
Sementara itu pelatih tim putra Binus, Jap Ricky Lesmana, menyebut keberhasilan tim besutannya berkat kedisiplinan tinggi dalam bertahan. Namun, Jap Ricky menyatakan timnya harus tampil sempurna untuk mengatasi agresivitas tuan rumah.
""Yang pasti kemenangan kami di disiplin defense ya, terus kita juga agresif, akhirnya kita pelan-pelan menemukan ritme dan akhirnya bisa menjauh. Jadi buat ke depannya nanti, kami harus mempersiapkan dua hal itu. Karena secara skill, itu kami perlu dilatih terus, itu sudah bukan jadi pertanyaan dan bukan jadi jawaban, itu sudah jadi hal wajib buat kami,"" kata Jap.
Edisi perdana Campus League 2026 ini berlangsung di lima kota, yakni Surabaya, Yogyakarta, Samarinda, Bandung, dan Jakarta. Khusus di regional Jakarta, pesertanya tidak cuma dari ibukota, namun dari Serang, Banten, hingga Pekanbaru.
Nantinya bakal ada fase The Nationals yang akan mempertemukan para pemenang regional. Regional Jakarta akan mengirimkan tiga wakil, yakni parafinalis dan pemenang perebutan ketiga.
""Format awal yang kami rancang adalah meloloskan dua tim terbaik (juara dan runner-up) dari masing-masing regional ke babak nasional. Namun dinamika di lapangan terjadi saat kompetisi berjalan, saat masuk Samarinda, kami hanya mendapatkan (peserta) empat tim putra, sangat tidak adil dan tidak kompetitif kalau kami langsung meloloskan dua tim ke tingkat nasional,"" kata Head of Competition & Talent Development Campus League Dave Leopold.
""Melalui penyesuaian tersebut, total jatah tim putra tetap 10 dengan pembagian Jakarta sebagai tuan rumah mengirim tiga wakil, jadi mekanismenya ditentukan melalui pertandingan perebutan peringkat ketiga dan keempat, pemenang dari pertandingan itu yang secara resmi akan mendampingi juara dan runner-up dari Regional Jakarta,"" lanjutnya.
(mrp/adp)",sport,https://sport.detik.com/basket/d-8511506/uph-dan-binus-kuasai-final-campus-league-2026-jakarta
34,"PP Perbasi memanggil delapan pemain basket 3x3 putra untuk dipersiapkan menuju Asian Games 2026. Kedelapan pemain tersebut sebelumnya juga masuk dalam tim yang dipersiapkan menghadapi FIBA 3x3 Challenger di Batam.
Pemanggilan itu tertuang dalam surat PP Perbasi bernomor 545/DPP/VIII/2026 tertanggal 19 Agustus 2026. Delapan pemain yang dipanggil adalah Erick Ibrahim Junior dari Dewa United, Mohammed Aymane Garudi Arip dan Justin Jaya Wiyanto dari Tangerang Hawks, Halmaheranno Aprianto Lolaru Hady dan Richard Cornellius dari Hangtuah Jakarta, Daffa Dhoifullah dari Pacific Caesar Surabaya, Almando Davin Nepa Bait dari Borneo Hornbills, serta Aven Ryan Pratama dari Kesatria Bengawan Solo.
Mereka bukan nama baru dalam persiapan Timnas Basket 3x3 Putra Indonesia. Sebelumnya, terdapat 11 pemain yang dipersiapkan untuk menghadapi FIBA 3x3 Challenger di Batam pada akhir Juli. Saat itu, para pemain dibagi ke dalam dua tim, yakni Waisai dan Balige.
Dari daftar tersebut, kini hanya delapan pemain yang kembali dipanggil. Empat pemain lainnya, yakni Aaron Nathanael, Hosea Kenneth, I Made Duta, dan Hakim Malano, telah dikembalikan ke klub masing-masing.
Manajer Timnas Basket 3x3 Putra Bastian Arief mengatakan delapan pemain tersebut masih harus bersaing untuk memperebutkan tempat di komposisi utama Asian Games 2026. Mereka masih berstatus pemain seleksi di bawah asuhan Nico Donnda Fitzgerald dan Bastian Arief sebagai manajer tim.
""Regulasi Asian Games 2026 yang mewajibkan pemain U23 untuk 3x3 menjadi tantangan tersendiri dalam membentuk tim. Kami memaksimalkan waktu dan pemain terpilih untuk membentuk tim terbaik,"" kata Bastian dalam keterangan tertulisnya, Kamis (20/8/2026).
Dari delapan pemain tersebut nantinya hanya empat yang akan dibawa ke Jepang untuk tampil di Asian Games 2026. Karena itu, periode persiapan menjadi kesempatan penting bagi para pemain untuk menunjukkan perkembangan dan merebut tempat di tim utama.
""Kami akan menempa pemain untuk lihat progres pemain selama latihan dengan ikuti dua Challenger terdekat sebelum ke Asian Games 2026,"" ujar Bastian.
Dua turnamen yang akan diikuti Timnas Basket 3x3 Putra Indonesia adalah FIBA 3x3 Kaohsiung Challengers 2026 pada 5-6 September 2026 dan FIBA 3x3 Aichi Challengers 2026 pada 10-11 Oktober 2026.
""Mohon doa dan dukungan masyarakat Indonesia agar Timnas Kita bisa menjalani persiapan dengan lancar dan pada Asian Games nanti memberikan permainan terbaik untuk kebanggaan Indonesia,"" ucap Bastian.",sport,https://sport.detik.com/basket/d-8627075/perbasi-panggil-8-pemain-basket-3x3-untuk-seleksi-asian-games-2026
35,"Pelita Jaya Jakarta memasang target juara di IBL musim 2026. Keyakinan tinggi itu diusung setelah tim dengan label empat gelar juara tersebut merekrut David Singleton sebagai pelatih.
Menyambut musim baru, Pelita Jaya diketahui melakukan banyak perubahan. Mereka merekrut Andrew William Lensun, Oka Ananta Yogiswara, Putu J. Satria Pande, dan Victory Jacob Emilio Lobbu untuk pemain lokal anyar. Ada juga dua rookie Candra Irawan dan Russell Nyoo. Mereka menggantikan Yesaya Saudale, Anthony Beane, Greans Tangkulung, Harits Prasidya, Nick Gosal, dan Abiyyu Ramadhan.
Di jajaran pemain asing, Pelita Jaya memakai jasa Jeffree David Withey, Amorie Archibald dan Darious Lee Moten. Hanya Withey yang dipertahankan dari musim lalu. Kursi pelatih juga mengalami perubahan. PJ kini ditangani David Singleton yang juga merupakan arsitek timnas bola basket Indonesia.
Sejumlah perubahan tersebut diharapkan membawa Pelita Jaya kembali merengkuh gelar juara di IBL 2026. Pada IBL 2025, Pelita Jaya finis sebagai runner-up setelah dikalahkan Dewa United pada laga final dalam sistem best of three.
""Setiap tahun kami ada sesuatu yang baru dan beda untuk tujuan positif. Kami usung 'Nyalakan Pelitamu' karena kami semangat untuk mencapai tujuan,"" ujar Presiden Pelita Jaya Andiko Purnomo, dalam jumpa persnya di kawasan Kuningan, Jakarta, Kamis (8/1/2026).
""Kami sudah empat kali juara. Yang menarik sekarang desain jersey kami memang warnanya sama tapi yang menarik ada desain gigi balang artinya tegas dan berani. Itu mempresentasikan Jakarta. Karena kami tim Jakarta. PJ adalah tim Jakarta yang sudah berdiri 1988. Kita tim yang konsisten. Memang berganti-ganti nama. Tapi rintangan kami jalani dengan tangguh makanya kami namakan 'Nyalakan Pelitamu'.""
""Kami sudah empat kali juara nasional. Bintang kelima yang dikejar. Kami rombak dan upgrade ujung-ujungnya untuk juara. Ada beberapa (pemain) lokal baru semuanya sesuai kebutuhan tim setelah diskusi dengan coach. Semua sistem, semua lini sampai non teknis kami perkuat sehingga tradisi juara terasa pada kami,"" tambahnya.
Kapten tim Pelita Jaya Andakara Prastawa antusias dengan adanya banyak pemain baru yang bergabung. Menurutnya, mereka adalah pemain yang juga berprestasi di tim masing-masing sebelumnya.
""Excited karena banyak pemain baru. Mereka bisa membawa warna baru ke kami yang sebelumnya belum kami punya. Jadi apa yang mereka punya, yang bagus, mereka bawa ke kami. Itu hal baru yang membuat excited,"" kata Andakara.
""Ada Anto (Febrianto Boyratan), Dede (Hendrick Xavi Yonga) yang baru balik dari camp (di Amerika Serikat). Mereka juga sudah tidak sabar untuk bertanding bersama Pelita Jaya, jadi excited banget untuk season ini,"" ujarnya.
Sementara itu, Muhamad Arighi juga optimis target menjadi juara IBL 2026 bisa tercapai. Arighi percaya pemain-pemain baru akan membawa perubahan positif. Arighi melihat PJ akan tampil berbeda musim ini.
""Banyak perubahan di Pelita Jaya. Semuanya baik untuk kami. Kekurangan tahun lalu kami perbaiki. Dari pemain impor sampai lokal. Tim sekarang sangat fresh untuk menghadapi musim baru dengan sistem baru dari coach Dave yang berbeda. Kami akan berbeda dari tahun lalu,"" kata Arighi.
(mcy/adp)",sport,https://sport.detik.com/basket/d-8298427/misi-bintang-lima-pelita-jaya-di-ibl-2026
36,"Simak daftar lengkap MVP NBA All-Star sepanjang sejarah. Mulai dari era Michael Jordan hingga LeBron James, berikut nama-namanya!
NBA All Star merupakan kompetisi bola basket yang digelar oleh NBA dengan menghadirkan para pemain bintang dari Wilayah Timur (East Team)dan Wilayah Barat (West Team). Edisi terbarunya,NBA All Star 2026dijadwalkan bergulir pada 15 Februari 2026.
Para pemain yang bertanding di setiap edisi dipilih melalui pemungutan suara, yakni dari penggemar, pemain NBA, dan media. Lalu para pemain akan dibagi menjadi dua tim yang terdiri dari masing-masing lima pemain utama dan tujuh pemain cadangan.
Sejak pertama kali dihelat pada 1951, daftar pemenang NBA All-Star selalu mengalami perubahan.East Team mendominasi dengan raihan 38 kemenangan, selisih dengan West Team yang menang sebanyak 29 kali.
Berikut detikSport telah merangkum daftar lengkap MVP NBA All-Star sepanjang sejarah, mulai dari edisi perdana hingga edisi terakhir tahun 2025.
Daftar MVP NBA All-Star Sepanjang Sejarah
2025 - Stephen Curry, Golden State Warriors
2024 - Damian Lillard, Milwaukee Bucks
2023 - Jayson Tatum, Boston Celtics
2022 - Steph Curry, Golden State Warriors
2021 - Giannis Antetokounmpo, Milwaukee Bucks
2020 - Kawhi Leonard, LA Clippers
2019 - Kevin Durant, Golden State Warriors
2018 - LeBron James, Cleveland Cavaliers
2017 - Anthony Davis, New Orleans Pelicans
2016 - Russell Westbrook, Oklahoma City Thunder
2015 - Russell Westbrook, Oklahoma City Thunder
2014 - Kyrie Irving, Cleveland Cavaliers
2013 - Chris Paul, Los Angeles Clippers
2012 - Kevin Durant, Oklahoma City Thunder
2011 - Kobe Bryant, Los Angeles Lakers
2010 - Dwyane Wade, Miami Heat
2009 - Shaquille O'Neal/Kobe Bryant, Phoenix Suns/Los Angeles Lakers
2008 - LeBron James, Cleveland Cavaliers
2007 - Kobe Bryant, Los Angeles Lakers
2006 - LeBron James, Cleveland Cavaliers
2005 - Allen Iverson, Philadelphia 76ers
2004 - Shaquille O'Neal, Los Angeles Lakers
2003 - Kevin Garnett, Minnesota Timberwolves
2002 - Kobe Bryant, Los Angeles Lakers
2001 - Allen Iverson, Philadelphia 76ers
2000 - Shaquille O'Neal/Tim Duncan, Los Angeles Lakers/San Antonio Spurs
1998 - Michael Jordan, Chicago Bulls
1997 - Glen Rice, Charlotte Hornets
1996 - Michael Jordan, Chicago Bulls
1995 - Mitch Richmond, Sacramento Kings
1994 - Scottie Pippen, Chicago Bulls
1993 - John Stockton/Karl Malone, Utah Jazz
1992 - Magic Johnson, Los Angeles Lakers
1991 - Charles Barkley, Philadelphia 76ers
1990 - Magic Johnson, Los Angeles Lakers
1989 - Karl Malone, Utah Jazz
1988 - Michael Jordan, Chicago Bulls
1987 - Tom Chambers, Seattle SuperSonics
1986 - Isiah Thomas, Detroit Pistons
1985 - Ralph Sampson, Houston Rockets
1984 - Isiah Thomas, Detroit Pistons
1983 - Julius Erving, Philadelphia 76ers
1982 - Larry Bird, Boston Celtics
1981 - Tiny Archibald, Boston Celtics
1980 - George Gervin, San Antonio Spurs
1979 - David Thompson, Denver Nuggets
1978 - Randy Smith, Buffalo Braves
1977 - Julius Erving, Philadelphia 76ers
1976 - Dave Bing, Washington Bullets
1975 - Walt Frazier, New York Knicks
1974 - Bob Lanier, Detroit Pistons
1973 - Dave Cowens, Boston Celtics
1972 - Jerry West, Los Angeles Lakers
1971 - Lenny Wilkens, Seattle SuperSonics
1970 - Willis Reed, New York Knicks
1969 - Oscar Robertson, Cincinnati Royals
1968 - Hal Greer, Philadelphia 76ers
1967 - Rick Barry, Golden State Warriors
1966 - Adrian Smith, Cincinnati Royals
1965 - Jerry Lucas, Cincinnati Royals
1964 - Oscar Robertson, Cincinnati Royals
1963 - Bill Russell, Boston Celtics
1962 - Bob Pettit, St. Louis Hawks
1961 - Oscar Robertson, Cincinnati Royals
1960 - Wilt Chamberlain, Philadelphia Warriors
1959 - Bob Pettit, St. Louis Hawks
1958 - Bob Pettit, St. Louis Hawks
1957 - Bob Cousy, Boston Celtics
1956 - Bob Pettit, St. Louis Hawks
1955 - Bill Sharman, Boston Celtics
1954 - Bob Cousy, Boston Celtics
1953 - George Mikan, Minneapolis Lakers
1952 - Paul Arizin, Philadelphia Warriors
1951 - Ed Macauley, Boston Celtics.",sport,https://sport.detik.com/basket/d-8331421/daftar-mvp-nba-all-star-sepanjang-masa-dari-michael-jordan-hingga-lebron
37,"Ratusan alumni dari berbagai Perguruan Tinggi Negeri (PTN) di Indonesia turun ke lapangan. Mereka bernostalgia dan bersinergi di PTN Hoops Fest 2026.
Turnamen bola basket antaralumni ini berlangsung di GOR Bulungan, Jakarta Selatan pada 22-25 Agustus 2026. Mengusung agenda resmi Senior Unity Alumni PTN Hoops Fest 2026, mengusung tema besar ""One Basketball, Countless Memories"".
Tema ini mencerminkan misi utama kegiatan, yaitu menyediakan wadah kompetisi yang sehat sekaligus menjadi jembatan silaturahmi dan ruang nostalgia bagi para alumni senior semasa menduduki bangku kuliah.
Turnamen tahun ini diikuti oleh jajaran kampus ternama di negeri ini, antara lain: Universitas Indonesia (UI), Universitas Gadjah Mada (UGM), Institut Teknologi Bandung (ITB), Institut Pertanian Bogor (IPB), Universitas Padjadjaran (UNPAD), Universitas Diponegoro (UNDIP), Universitas Sebelas Maret (UNS).
Demi memastikan jalannya pertandingan yang adil dan berimbang, kompetisi dibagi ke dalam beberapa Kelompok Umur (KU) yaitu, KU 30+ Putri, KU 40+ Putra, KU 50+ Putra, KU 55+ Putra.
Ketua Lembaga Penjamin Simpanan Indonesia (LPSI), Anggito Abimanyu hadir untuk menutup perhelatan PTN Hoops Fest 2026. Anggito yang juga mantan Ketua Umum PB Perbasi periode 2010-2014 itu mengapresiasi ajang ini karena menjadi wadah untuk bertemu dengan rekan-rekan saat masih kuliah dahulu.
""Semangat dari turnamen ini adalah semangat untuk unity, semangat untuk bertanding, semangat untuk tetap sehat, sekaligus bersilaturahmi, khususnya para alumni dari perguruan tinggi negeri,"" kata Anggito dalam pernyataannya, Selasa (25/8/2026).
""Dengan adanya turnamen ini saya bisa kembali bertemu dengan teman-teman saat kami kuliah dahulu. Sekarang kami bertemu lagi dan bermain basket bersama. Dulu juga pernah bermain bersama mereka, jadi sekarang seperti nostalgia,"" ujarnya menambahkan
PTN Hoops Fest memiliki banyak manfaat bagi alumni perguruan tinggi negeri. Anggota Dewan Komisaris Otoritas Jasa Keuangan (OJK) Hasan Fawzi mengatakan ajang ini tidak hanya sebagai wadah silaturahmi, tetapi juga sebagai wadah sinergitas antar alimni yang kini berkerja di instansi-intanai berbeda.
""Saat ini kami masing-masing sudah berkarya di instansi masing-masing. Tentu melalui pertemuan dalam ajang turnamen basket seperti ini, ada banyak hal yang bisa kami lakukan dan sinergikan di luar olahraga bola basket itu sendiri. Suasananya juga lebih cair,"" tutur Hasan Fawzi.
""Kami mengapresiasi panitia yang menyelenggarakan kegiatan ini dengan tujuan yang sangat baik. Selain terus menyemarakkan olahraga basket di tingkat nasional, ajang ini juga menjadi sekaligus mengenang masa-masa ketika mereka berada di puncak stamina sebagai mahasiswa dan pebasket di perguruan tinggi masing-masing,"" ucapnya.
Di kategori KU-30 putri, tim alumni Universitas Padjadjaran (Unpad) keluar sebagi juara setelah di final mengalahkan tim Universitas Indonesia (UI) dengan skor 38-21. Kategori KU 30+ putra, titel juara diraih oleh UGM setelah mengalahkan Unpad, 32-29.
Kegagalan tim UI 30+ putri, beruntung mampu dibayar lunas dengan kemenangan tiim UI putra di kategori KU 40+. Melalui pertandingan seru, UI melewati perlawanan ketat Universitas Diponegoro (Undip) dengan skor meyakinkan 46-32, sekaligus memastikan titel juara.
""Sungguh pertandingan yang keras dan melelahkan. Kami bersyukur bisa keluar dari ketertinggalan di dua kuarter awal sehingga bisa menjadi juara,"" ucap Firdaus, kapten tim UI KU 40+ putra.
""Saya berterima kasih kepada tim dan semua pemain yang telah bekerja keras sehingga kami bisa menjadi juara,"" kata Daus.
Sementara di KU 50+ putra, tim alumni Institut Teknologi Bandung (ITB) mengamankan mahkota juara setelah di partai puncak menumbangkan tim Universitas Padjadjaran (Unpad) dengan skor akhir 40-27.
(mro/raw)",sport,https://sport.detik.com/basket/d-8634365/ptn-hoops-fest-2026-jadi-ajang-nolstagia-sinergi-di-lapangan-basket
38,"Awal tahun ini, atmosfer basket Indonesia terasa berbeda. Tribun makin penuh, sorakan makin keras, dan setiap pertandingan IBL berubah jadi hiburan besar yang sayang dilewatkan.
Pelita Jaya Bakrie Jakarta datang di musim IBL Gopay 2026 dengan satu paket lengkap: tim bertabur bintang, pengalaman nonton kelas dunia, dan deretan home match yang selalu sold out.
Bukan cuma soal menang atau kalah. Setiap laga Pelita Jaya sekarang terasa seperti show.
Menggabungkan pemain terbaik Indonesia dan tiga eks-NBA dalam satu kostum, Pelita Jaya menyuguhkan permainan cepat, intens, dan penuh highlight. Dunk keras, tembakan tiga angka, sampai momen clutch di detik akhir, semuanya terasa lebih hidup saat kamu menyaksikannya langsung dari tribun.
Antusiasme terbesar sudah mulai terasa menjelang Match Pelita Jaya Januari 2026. Tiket pertandingan awal musim biasanya jadi yang paling cepat habis karena semua orang ingin merasakan euforia pertama di kandang. Datang terlambat sedikit saja, kursi favorit bisa langsung lenyap.
Karena itu, ada opsi yang lebih praktis dan lebih hemat untuk mendapatkan akses untuk keseluruhan rangkaian match, dengan tiket Season Pass Pelita Jaya IBL Gopay 2026.
Season Pass memberimu akses all access ke seluruh Home Game Regular Season Pelita Jaya Jakarta. Satu kali beli, kamu bisa masuk ke semua pertandingan kandang tanpa ribet beli tiket satuan lagi. Tidak perlu war tiket, tidak perlu takut kehabisan, dan sudah punya tempat duduk tetap sepanjang musim.
Keuntungannya terasa sejak match pertama. Saat penonton lain masih sibuk cari tiket Match Pelita Jaya Januari 2026, kamu tinggal datang ke stadion dan langsung menikmati pertandingan.
Soemantri Brodjonegoro Stadium sendiri selalu berubah jadi lautan energi setiap Pelita Jaya bermain. Sorak suporter, musik, interaksi penonton, sampai selebrasi tiap poin bikin suasana weekend terasa jauh lebih hidup. Rasanya bukan cuma nonton basket, tapi ikut jadi bagian dari momen besar.
Kalau kamu memang berencana datang lebih dari sekali musim ini, Season Pass jelas pilihan paling masuk akal. Semua match aman, semua momen dapat, tanpa drama kehabisan tiket.
Musim ini cuma datang sekali. Highlight terbaik Pelita Jaya cuma terjadi satu kali. Amankan Season Pass Pelita Jaya IBL Gopay 2026 sekarang dan nikmati semua keseruan Match Pelita Jaya Januari 2026 sampai akhir musim langsung dari tribun, beli sekarang juga melalui detikevent!",sport,https://sport.detik.com/basket/d-8321966/season-pass-pelita-jaya-ibl-gopay-2026-all-akses-match-beli-detik-ini-juga
39,"Indonesia Basketball League (IBL) 2026 langsung dibuka dengan laga Dewa United vs Pelita Jaya. Andakara Prastawa, pentolan Pelita Jaya, ingin awal yang baik.
Pertandingan itu akan digelar di Dewa United Arena, Tangerang Selatan, Sabtu (10/1/2025), pukul 19.00 WIB. Ini adalah laga ulangan bagi kedua klub tersebut.
Pertemuan terakhir membuat Pelita Jaya kalah dari Dewa United di laga penentuan juara IBL 2025 di GMSB Kuningan, Jakarta. Dewa United menang 74-73, dan meraih trofi dengan agregat 2-1 dalam final best of three.
Jelang laga nanti, pentolan Pelita Jaya Andakara Prastawa, menargetkan hasil yang baik di laga perdananya. Ia menepis laga nanti beraroma dendam, melainkan cuma fokus memulai musim dengan lancar.
""Targetnya sih bukan balas dendam tapi open season harus dibuka dengan baik. Last season, kita sudah banyak berubah ya, pelatih baru, pemain asing baru. Jadi targetnya cuma satu, memulai season dengan baik,"" kata Andakara Prastawa dalam jumpa persnya di kawasan FX Sudirman, Jakarta, pada Selasa (6/1/2026).
Hal serupa diungkapkan Muhamad Arighi. Ia dan tim akan lebih fokus pada game plan yang sudah dijalankan.
""Pasti target kami untuk game pertama menang. Jadi yang tahun lalu jadi yang lalu, lembaran baru kita mulai dengan lebih baik. Sementara untuk IBL secara keseluruhan ingin juara dan semua pemain sehat, karena beberapa pemain kita ada yang cedera. Semoga sembuh, sehat lagi, dan juara bareng,"" ujarnya.
Dari sisi Dewa United, Arki Dikania Wisnu, mengatakan hanya berfokus pada tim sendiri. Ia bertekad menjaga penampilan usai menyandang status juara bertahan.
""Kemarin itu saat juara, kita harus mempertahankan (gelar) dan harus kasih 100 persen dan kami akan improve terus setiap hari,"" kata Arki dalam kesempatan yang sama.
Senada, Rio Disi bertekad untuk tak kecolongan di laga perdana melawan Pelita Jaya. Terutama soal mental.
""Kami harus membawa mental kita waktu juara di setiap pertandingan. Tak boleh kecolongan seperti tahun-tahun sebelumnya. Kami harus siap, ketemu siapa pun harus siap (termasuk bertemu Pelita Jaya),"" kata Rio.
(mcy/yna)",sport,https://sport.detik.com/basket/d-8295144/dewa-united-vs-pelita-jaya-buka-ibl-2026-andakara-ingin-awal-yang-baik
40,"Final NBA 2026 game keempat dimenangkan New York Knicks, comeback atas San Antonio Spurs. Sakit rasanya, kata Victor Wembanyama.
Final NBA 2026 sajikan game keempat, San Antonio Supurs vs New York Knicks berlangsung di Madison Square Garden, New York pada Kamis (11/6) pagi WIB. Knicks menang 107-106 dan lebarkan jarak jadi 3-1.
San Antonio Spurs nyatanya memulai dengan baik. Spurs bisa unggul jauh di babak pertama, dengan keunggulan terbesar mencapai selisih 29 poin!
Namun, New York Knicks tidak menyerah. Main di kandang sendiri, Brunson dkk terus mengejar dan bisa samakan kedudukan di menit-menit akhir kuarter keempat. Akhirnya bisa menang.
Knicks catatkan comeback terbesar dalam sejarah final NBA!
Bintang Spurs, Victor Wembanyama kecewa betul. Simpel saja, kena comeback sakit rasanya.
""Kami sudah bekerja keras dan lepas keunggulan begitu saja. Sederhana saja, sakit rasanya,"" ujarnya dilansir dari ESPN.
""Saya tidak bisa berkata-kata dan menjelaskannya. Sejak babak kedua, kami tidak bersemangat,"" sambungnya.
Hal senada disampaikan pelatih Spurs, Mitch Johnson. Kemenangan yang ada di depan mata, seketika buyar!
""Kami merasakan momentum yang bergeser dan rasanya sulit diatasi. Kami menjauh dari gaya permainan yang membawa kami unggul. Kemudian Anda melihat, agresivitas dan keyakinan yang kami tunjukkan di awal pertandingan menghilang dan mereka berhasil mencetak beberapa poin,"" paparnya.
Game kelima akan digelar di kandang San Antonio Spurs pada Minggu (14/6) pukul 07.30 WIB. Spurs harus samakan kedudukan jika mau jaga asa jadi juara!
(aff/yna)",sport,https://sport.detik.com/basket/d-8528020/spurs-kena-comeback-knicks-wembanyama-sakit-rasanya
41,"Perkembangan industri olahraga kini tidak hanya berbicara soal pertandingan di lapangan, tetapi juga bagaimana pengalaman penonton ikut berevolusi. Menonton langsung di arena menjadi bagian dari gaya hidup, terutama ketika atmosfer pertandingan mampu menghadirkan energi yang tidak bisa digantikan oleh layar mana pun. Hal ini semakin terasa dalam gelaran Indonesian Basketball League yang terus menghadirkan inovasi di setiap musimnya.
Memasuki musim IBL GoPay 2026, intensitas kompetisi meningkat dengan jadwal pertandingan yang semakin padat dan penuh tensi. Setiap tim datang dengan persiapan matang, termasuk Pelita Jaya Bakrie Jakarta yang sudah lebih dari 37 tahun menjadi salah satu kekuatan utama di kancah basket nasional. Bermain di kandang sendiri, Pelita Jaya tidak hanya menghadirkan permainan kompetitif, tetapi juga pengalaman menonton yang terasa lebih hidup dan menyenangkan.
Setiap home game kini terasa seperti event tersendiri. Atmosfer tribun yang penuh semangat, interaksi antar penonton, hingga momen-momen krusial di lapangan menciptakan pengalaman yang sulit untuk dilewatkan. Tidak heran jika banyak penonton mulai ingin mengikuti perjalanan tim secara lebih konsisten, bukan hanya di satu atau dua pertandingan saja.
Dengan rentang jadwal dari 24 Januari hingga 10 Mei 2026, mengikuti seluruh pertandingan kandang tentu membutuhkan cara yang lebih praktis. Di sinilah Season Pass Pelita Jaya IBL GoPay 2026 hadir sebagai solusi yang memudahkan kamu menikmati setiap pertandingan tanpa perlu repot mengatur tiket berulang kali.
Season Pass memberikan akses ke seluruh Home Game Regular Season dalam satu paket tiket. Kamu cukup memilih kategori tempat duduk sesuai preferensi, lalu bisa langsung menikmati semua pertandingan tanpa khawatir kehabisan tiket, terutama di laga-laga besar yang biasanya cepat terjual habis.
Selain efisiensi, Season Pass juga membuka pengalaman menonton yang lebih utuh. Kamu bisa melihat bagaimana tim berkembang dari pertandingan ke pertandingan, merasakan atmosfer yang terus berubah, hingga menjadi bagian dari perjalanan Pelita Jaya sepanjang musim.
Ada energi, ada cerita, dan ada pengalaman yang terus berkembang di setiap game. Dengan Season Pass Pelita Jaya, kamu bisa memastikan tidak melewatkan satupun momen penting sepanjang perjalanan tim di IBL GoPay 2026.
Yuk, beli tiketnya sekarang juga sebelum kehabisan melalui detikevent!
(deve/krs)",sport,https://sport.detik.com/basket/d-8427043/praktis-ikuti-semua-home-game-pelita-jaya-dengan-season-pass-di-detikevent
42,"Indonesia akan menurunkan tiga tim pada ajang FIBA 3x3 Challengers Batam Stop 2026. Dewan Pengurus Pusat Persatuan Bola Basket Seluruh Indonesia (DPP Perbasi) mengandalkan pemain-pemain terbaik dari Indonesia Basketball League (IBL) untuk bersaing di level internasional.
FIBA 3x3 Challengers Batam Stop 2026 akan digelar pada 25-26 Juli. Badan Tim Nasional (BTN) Perbasi menyusun ketiga tim berdasarkan hasil pemantauan di kompetisi domestik sebagai bagian dari persiapan menghadapi persaingan internasional.
Tiga tim tersebut menggunakan nama daerah, yakni Tim Balige, Tim Waisai, dan Tim Ambon. Mayoritas pemain yang dipanggil merupakan penggawa klub-klub IBL.
Tim Waisai diperkuat duet Tangerang Hawks, Mohammed Aymane Garudi Arip dan Justin Jaya Wiyanto. Keduanya akan bermain bersama Daffa Dhoifullah (Pacific Caesar), Aven Ryan Pratama, dan Richard Cornellius.
Sementara Tim Balige dihuni Junior Erick Ibrahim (Dewa United), Hosea Kenneth Darmawan (Satria Muda), Aaron Nathanael, Halmaheranno Aprianto, I Made Duta Wahyundara, serta Hakim Abdul Malik Malano.
Adapun Tim Ambon diperkuat Kevin Moses Poetiray (Kesatria Bengawan Solo), Daniel Salamena (RANS Simba Bogor), Nazareth Fralex Ruimassa, dan Xavier Charles Cannefax.
Perbasi menunjuk Nico Donnda Fitzgerald sebagai pelatih Tim Balige dan Tim Waisai. Sementara Tim Ambon akan ditangani Andrey Rido Mahardika.
""Kami berharap para pemain bisa mempersiapkan diri dengan baik dan menunjukkan kemampuan terbaiknya di Batam Stop nanti,"" ujar Sekretaris Jenderal DPP Perbasi, Nirmala Dewi, Selasa (7/7/2026).
Dengan menurunkan tiga tim sekaligus, Perbasi berharap para pemain mendapat pengalaman bertanding yang maksimal sekaligus mampu bersaing di level internasional.
Persaingan di Batam dipastikan tidak mudah. Tim-tim Indonesia akan menghadapi lawan dari Amerika Serikat, Taiwan, Spanyol, Republik Ceko, Lituania, Belgia, China, hingga Mongolia.
Keikutsertaan di FIBA 3x3 Challengers Batam Stop 2026 juga menjadi kesempatan bagi BTN Perbasi untuk mengukur perkembangan para pemain Indonesia sebelum menghadapi agenda internasional berikutnya.
(mcy/krs)",sport,https://sport.detik.com/basket/d-8564004/3-tim-ri-tampil-di-fiba-3x3-challengers-batam-diperkuat-banyak-bintang-ibl
43,"Timnas basket putra Indonesia bakal tampil di babak pra-kualifikasi untuk merebut tiket Piala Asia FIBA 2029. Dalam membentuk tim, Perbasi bakal merekrut pemain terbaik dari IBL dan kompetisi luar negeri.
Sekretaris Perbasi Nirmala Dewi mengatakan Timnas akan dibentuk secara serius dengan diperkuat pemain-pemain terbaik di setiap posisinya. IBL sebagai kompetisi tertinggi skala nasional akan dimanfaatkan untuk memilih pemain yang tepat.
""Melalui Badan Tim Nasional, kami memantau perkembangan pemain di IBL. Pemantauan juga dilakukan di kompetisi luar negeri. Banyak pemain potensial kita berkarir di luar negeri seperti Derrick Michael Xavier, Marques Bolden, dan lainnya,"" kata Nirmala seperti dikutip Kamis (14/5/2026).
""Kami akan bekerja keras dan serius untuk mengumpulkan talenta terbaik yang kita miliki baik di dalam maupun luar negeri. Juga para pemain yang memiliki keturunan atau darah Indonesia yang ada di luar negeri.""
Nirmala menegaskan Perbasi memberikan kesempatan luas dan menegaskan bahwa semua memiliki peluang yang sama membela Merah Putih di kancah internasional.
Timnas Indonesia memulai perjuangannya ke Piala Asia FIBA 2029 dari Grup C bersama Hong Kong, Singapura, dan Malaysia.
Babak Pra-Kualifikasi ini akan dilaksanakan di Seremban, Malaysia, mulai 24 Agustus hingga 1 September 2026.
Sesuai jadwal yang dirilis FIBA, Timnas Basket Putra akan menghadapi Singapura pada 28 Agustus 2026. Usai rehat sehari, Tim Merah Putih kemudian bersua Hong Kong. Lalu melawan Malaysia pada 31 Agustus 2026.
(mcy/rin)",sport,https://sport.detik.com/basket/d-8489316/menuju-pra-kualifikasi-piala-asia-perbasi-jaring-atlet-ibl-dan-luar-negeri
44,"Turnamen basket usia muda bergengsi kawasan Asia Pasifik, Asia Pacific Cup 2026, resmi hadir di Jakarta untuk pertama kalinya.
Ajang ini menjadi momentum penting bagi perkembangan basket usia muda Indonesia karena mempertemukan klub-klub terbaik Tanah Air dengan tim internasional.
Jakarta Jadi Tuan Rumah Basket Muda Asia Pasifik
Selama lebih dari 10 tahun, Asia Pacific Cup (APC) dikenal sebagai salah satu platform kompetisi basket internasional terbesar di kawasan Asia Pasifik.
Turnamen ini sebelumnya berkembang di Singapura dan Malaysia sebelum akhirnya hadir di Indonesia. Asia Pacific Cup Jakarta 2026 akan digelar di kawasan Ancol, Jakarta Utara, pada 23-26 Juli 2026.
Turnamen ini bakal menghadirkan pertandingan penuh gengsi antara klub-klub internasional dan klub basket muda terbaik Indonesia.
Salah satu daya tarik utama APC Jakarta 2026 adalah kesempatan tampil di Asia Pacific Cup Singapore 2026. Seluruh juara di tiap kategori usia akan mendapat tiket tampil di APC Singapore 2026 pada Oktober mendatang dengan biaya registrasi gratis.
Dengan begitu, tim-tim Indonesia bisa mendapat pengalaman internasional tanpa harus mengeluarkan biaya besar untuk berkompetisi di luar negeri.
Pertandingkan Basket 5x5 dan 3x3
Asia Pacific Cup Jakarta 2026 akan mempertandingkan dua nomor utama:
- basket 5x5
- basket 3x3
Kompetisi dibuka untuk kategori putra maupun putri:
- U12
- U14
- U16
- U18
Ajang ini diharapkan menjadi wadah pembinaan sekaligus pengembangan mental bertanding atlet muda Indonesia.
Ingin Lahirkan Talenta Basket Indonesia
Founder Event Organizer Roro Jongrang Indonesia sekaligus penyelenggara turnamen, Joko Setyo Pramuji, berharap APC Jakarta 2026 menjadi salah satu turnamen usia muda paling kompetitif di kawasan Asia Pasifik.
""Turnamen ini bukan hanya soal kompetisi, tetapi juga menjadi sarana pembinaan, pengalaman internasional, dan mempererat persahabatan antaratlet muda dari berbagai daerah maupun negara.""
""Kami ingin menghadirkan atmosfer pertandingan yang profesional dan berkualitas bagi seluruh peserta,"" ujar Joko dalam keterangan tertulisnya, Rabu (20/5/2026).
Basket Usia Muda Indonesia Dinilai Berkembang
Menurut Joko, perkembangan basket usia muda Indonesia menunjukkan tren positif dalam beberapa tahun terakhir. Karena itu, kompetisi internasional dinilai penting untuk meningkatkan kualitas permainan dan mental bertanding atlet muda.
""Melalui Asia Pacific Cup Jakarta 2026, kami berharap lahir talenta-talenta baru yang nantinya bisa menjadi masa depan basket Indonesia,"" katanya.
Selain pertandingan, event ini juga diharapkan memperkuat ekosistem basket nasional melalui keterlibatan komunitas, pelatih, akademi, hingga orang tua atlet.
(mcy/krs)",sport,https://sport.detik.com/basket/d-8497308/asia-pacific-cup-2026-hadir-di-jakarta-panggung-basket-muda-asia-pasifik
45,"Mario Wuysang adalah legenda basket Indonesia. Tapi, ada satu penyesalan Mario melihat format Indonesia Basketball League (IBL) saat ini.
Mario berkarier di IBL sejak 2003 bersama Aspac Jakarta dan sempat pindah ke beberapa klub seperti Garuda Bandung, Satria Muda, Indonesia Warrios, dan CLS Knights.
CLS jadi klub terakhir Mario sebelum pensiun pada 2018. Meski sudah delapan tahun pensiun dan lebih banyak berada di Amerika Serikat, Mario tidak pernah ketinggalan mengikuti perkembangan basket tanah air.
Salah satu yang menyita perhatiannya adalah format baru IBL yang sudah berjalan tiga musim terakhir, yakni kandang dan tandang. Mario mengaku iri karena tidak pernah merasakan format baru ini.
| Legenda basket Indonesia Mario Wuysang. (Foto: Wahyu Putro A/Antara Foto) | 
Di mata Mario, sistem tersebut harusnya sudah diterapkan sejak dahulu. Format home and away memungkinkan suporter untuk menyaksikan tim mereka tampil di kota sendiri.
Format ini juga mampu menciptakan atmosfer yang lebih hidup dan emosional dibanding sekadar pertandingan di satu lokasi netral.
Menurut Mario, atmosfer basket di Indonesia selalu luar biasa sejak dahulu. Beberapa kota seperti Bandung, Jakarta, Surabaya, dan Solo selalu penuh ketika Mario masih aktif bermain.
""Saya sangat suka dengan home and away, saya berharap sistem ini bisa diterapkan dahulu ketika saya masih bermain. Saya tidak pernah suka sistem series,"" ujar Mario dalam perbincangan dengan pemain Kesatria Bengawan Solo Avan Seputra di akun Youtub Uncleroetalk.
Dalam perbincangan tersebut, Mario menilai Kesatria Bengawan Solo bisa mendapat keuntungan dengan format home and away.
""Dan dengan format ini seharusnya setiap pertandingan KBS bisa selalu penuh karena Solo merupakan satu di antara kota yang atmosfer basketnya luar biasa,"" papar Mario.
""Sejak 2003 ketika saya datang ke sini, para penonton selalu penuh di Bandung, Surabaya, bahkan untuk turun dari bis saja susah saat itu.""
Sejak format kandang-tandang diperkenalkan pada 2024, klub-klub IBL berbenah terutama dari sisi venue. Mereka merenovasi venue terdekat agar layak menggelar pertandingan IBL.
Musim ini, IBL juga mengubah format semifinal dan final dengan memakai sistem best of five dari sebelumnya best of three.
| Baca juga: Agar Pelita Jaya Makin Besar di Jakarta | 
(mrp/pur)",sport,https://sport.detik.com/basket/d-8374840/mario-wuysang-iri-lihat-format-ibl-saat-ini
46,"PP Perbasi bakal mengirimkan atet untuk mengikuti ajang FIBA 3x3 Women's Series 2026. Kegiatan ini jadi bagian dari seleksi menuju Asian Games di Nagoya, September mendatang.
FIBA 3x3 Women's Series 2026 berlangsung di Manila, Filipina, pada 7-8 Mei ini. Pelatih Kepala Timnas Basket 3x3 Putri Fandi Andika Ramadhani telah menyiapkan tim yang akan turun di pertandingan tersebut.
Di antaranya merupakan pemain yang memperkuat Asian Beach Games 2026, yaitu Angelica Jennifer Candra dan Diva Intan Nurfadillah. Kemudian pemain lainnya adalah Evelyn Fiyo, atlet Timnas Basket 3x3 Putri saat mempersembahkam medali emas di SEA Games 2025 Thailand. Sedangkan satu lagi adalah Thasya Heri Saputera.
Rama, sapaan karibnya, mengatakan kerikutsertaan Indonesia di Women's Series 2026 sebagai bagian dari proses pembentukan tim ideal menuju Asian Games Nagoya 2026.
""Keikutsertaan di Women's Series ini merupakan langkah kami dalam mempersiapkan tim menuju Asian Games 2026. Dengan tujuan mendapatkan komposisi tim yang kompetitif, perubahan pemain dilakukan di Women's Series ini,"" kata Rama dalam keterangannya, dikutip Selasa (5/5/2026).
""Kami membuka kesempatan bagi siapa pun untuk menjadi bagian dari Timnas 3x3. Kami akan terus mencari hingga mendapatkan komposisi yang pas untuk Asian Games nanti,"" lanjutnya.
Pada Women's Series Manila nanti, Indonesia akan memulai perjuangan dari babak kualifikasi. Di fase tersebut tim Merah-Putih, berada di Grup B bersama Singapura dan Mongolia.
Jika mampu menaklukkan persaingan di babak kualifikasi, Indonesia akan gabung di Pool D. Di Pool ini, Indonesia ditunggu Jepang dan Lithuania.
""Kami akan berjuang semaksimal mungkin untuk bisa melawati setiap pertandingan dengan baik. Jadi, anak-anak harus bisa menikmati pertandingan dan menjadikan ini bagian dari proses menjadi lebih kuat,"" tegas Rama.
Sementara itu, Sekjen Perbasi Nirmala Dewi berharap para atlet dapat bermain lepas demi mendapatkan hasil maksimal.
""Di samping fokus pada target yang mau dicapai, juga harus enjoy dalam bermain. Jadi nikmati permainannya dan bikin hati kalian bahagia. Kuncinya adalah bahagia dalam hadapi setiap permainan,"" kata Nirmala.",sport,https://sport.detik.com/basket/d-8475426/fiba-3x3-womens-series-2026-jadi-bagian-seleksi-atlet-ke-asian-games
47,"Final NBA adalah panggung paling elite di dunia bola basket. Tampil di partai puncak bukan hanya soal gelar, tetapi juga bukti konsistensi, dominasi, dan mental juara sebuah tim sepanjang sejarah.
Sepanjang perjalanan National Basketball Association (NBA), hanya segelintir tim yang berkali-kali mampu menembus final. Siapa saja mereka? Berikut daftar tim dengan penampilan final NBA terbanyak sepanjang masa.
Los Angeles Lakers (32 Final)
Los Angeles Lakers menjadi tim yang paling sering tampil di Final NBA, yakni 32 kali. Dari jumlah tersebut, Lakers meraih 17 gelar juara dan 15 kali kalah.
Era 1960-an menjadi masa pahit Lakers karena enam kali kandas di final oleh Boston Celtics. Namun kebangkitan datang pada era Magic Johnson di 1980-an dan berlanjut ke era Kobe Bryant hingga LeBron James.
| Baca juga: 7 Pemain dengan MVP NBA Terbanyak | 
Boston Celtics (23 Final)
Boston Celtics berada di posisi kedua dengan 23 penampilan final. Celtics justru lebih efisien dengan 18 gelar juara dan hanya 5 kekalahan.
Dominasi Celtics terjadi pada era Bill Russell (1950-1960-an), menjadikan mereka tim tersukses sepanjang sejarah NBA dari sisi gelar.
Golden State Warriors (12 Final)
Golden State Warriors telah tampil 12 kali di final NBA dengan 7 gelar juara. Era Stephen Curry membawa Warriors menjadi dinasti modern NBA pada 2010-an.
Philadelphia 76ers (9 Final)
Philadelphia 76ers tampil 9 kali di final, namun hanya meraih 3 gelar juara. Final terakhir mereka terjadi pada 2001 saat dipimpin Allen Iverson.
New York Knicks (8 Final)
Knicks mencatat 8 penampilan final, dengan dua gelar juara (1970, 1973). Sejak 1999, Knicks belum pernah lagi menembus Final NBA.
Detroit Pistons (7 Final)
Detroit Pistons tampil 7 kali di final dengan 3 gelar juara, dikenal lewat era ""Bad Boys"" dan kejutan besar pada 2004.
Miami Heat (7 Final)
Miami Heat juga mencatat 7 final NBA, dengan 3 gelar juara. Era Dwyane Wade-LeBron James menjadi periode tersukses mereka.
Chicago Bulls (6 Final)
Chicago Bulls tampil 6 kali di final dan selalu juara. Keenam gelar itu diraih pada era Michael Jordan di bawah arahan Phil Jackson.
San Antonio Spurs (6 Final)
San Antonio Spurs juga enam kali tampil di final dan meraih 5 gelar juara, dipimpin Tim Duncan dan Gregg Popovich.
Oklahoma City Thunder (5 Final)
Oklahoma City Thunder melengkapi daftar tim dengan penampilan Final NBA terbanyak dengan total lima kali tampil di partai puncak, termasuk satu gelar di era Thunder.
Jika digabung dengan sejarah franchise saat masih bernama Seattle SuperSonics, Thunder meraih dua gelar juara NBA, masing-masing pada 1979 dan 2025.
Gelar NBA 2025 menjadi momen bersejarah bagi Thunder setelah menaklukkan Indiana Pacers lewat pertarungan tujuh gim. Keberhasilan ini menandai kebangkitan Thunder sebagai kekuatan baru NBA pasca-era Kevin Durant, Russell Westbrook, dan James Harden.
Tabel Final NBA hingga 2025
| Tim | Final | Menang | Kalah | 
|---|---|---|---|
| Lakers | 32 | 17 | 15 | 
| Celtics | 23 | 18 | 4 | 
| Warriors | 12 | 7 | 5 | 
| 76ers | 9 | 3 | 6 | 
| Knicks | 8 | 2 | 6 | 
| Pistons | 7 | 3 | 4 | 
| Heat | 7 | 3 | 4 | 
| Bulls | 6 | 6 | 0 | 
| Spurs | 6 | 5 | 1 | 
| Thunder | 5 | 2 | 3 |",sport,https://sport.detik.com/basket/d-8298263/tim-dengan-final-nba-terbanyak-sepanjang-masa-ada-tim-jagoanmu
48,"San Antonio Spurs meraih kemenangan pertamanya di Final NBA 2026. Spurs mengalahkan New York Knicks 115-112 di gim ketiga.
Pada duel di Madison Square Garden, Selasa (9/6/2026) pagi WIB, Spurs yang dua kali kalah di kandang butuh kemenangan demi menjaga asa juara.
Seperti biasa, Spurs tancap gas di kuarter pertama ketika unggul 7-0 usai tip off. Bintang Spurs Victor Wembanyama sudah mencetak sembilan poin di lima menit waktu tersisa untuk bikin timnya memimpin 24-13.
Kuarter pertama jadi milik Spurs dengan keunggulan 33-22. Di kuarter kedua, gantian Knicks yang mendominasi dengan menciptakan 11 poin beruntun di awal sementara Spurs cuma diberi dua poin.
Knicks berbalik unggul 40-38 dan terus menjauhkan keunggulan jadi 49-44 di sisa lima menit. Spurs berupaya mendekati Knicks tapi selalu gagal karena Wemby selalu dijaga sehingga sulit menciptakan poin.
Knicks menutup half time gim ketiga dengan keunggulan 64-57. OG Anunoby dan Jalen Brunson jadi mesin poin Knicks dengan 17 poin serta 15 poin.
Knicks masih dominan di awal kuarter ketiga, tapi Spurs pelan-pelan bisa memangkas skor hingga 69-71 di tujuh menit waktu tersisa. Selisih jadi satu poin, 80-81, di sisa empat menit.
| Baca juga: Horor Victor Wembanyama | 
Spurs memaksimalkan turnover pemain tuan rumah untuk mencetak 19 poin di kuarter ketiga dan berbalik unggul 92-91.
Di kuarter keempat, Spurs mendominasi Knicks dan menjaga jarak enam poin 108-102 ketika laga tersisa di bawah tiga menit. Perang tiga poin terjadi di sisa 30 detik laga ketika dua kali tembakan Brunson dan Anunoby, diselingi De'Aaron Fox.
Spurs akhirnya bisa mempertahankan kemenangan 115-112 di akhir gim dan memangkas skor jadi 1-2 dalam sistem best of seven. Gim keempat masih digelar di kandang Knicks, Kamis (11/6) pagi WIB besok.
Wembanyama tampil sebagai top performer Spurs dengan 32 poin, delapan rebound, dan enam assist. Jadi pemain termuda kedua, sejak Magic Johnson, yang bikin minimal 30 poin, lima rebound, dan lima assist. Dia ditopang Stephon Castle dengan 23 poin.
32 poin Brunson dan 28 poin Anunoby tidak mampu menghindarkan Knicks dari kekalahan.
Lihat juga Video: Igor Tudor Out, Spurs Selamat atau Turun Kasta Perdana Sejak 1977?
(mrp/mrp)",sport,https://sport.detik.com/basket/d-8524173/final-nba-2026-gim-ketiga-milik-san-antonio-spurs
49,"Perbasi memanggil 24 pemain tim nasional basket putri 5on5 untuk menjalani training camp (TC) menuju Asian Games 2026 di Nagoya. Skuad ini memadukan pemain senior dan talenta muda.
Dari daftar tersebut, sembilan pemain merupakan bagian dari tim yang tampil di SEA Games 2023. Mereka adalah Agustin Gradita Retong, Priscilla Annabel Karen, Jesslyn Angelique Aritonang, Faizzatus Shoimah, Nathania Claresta Orville, Dewa Ayu Made Sriartha Kusuma Dewi, Lea Elvensia Wolobubo Kahol, Erinindita Prias Madafa, dan Kimberley Pierre-Louis.
Perbasi juga memasukkan pemain dari tim 3x3 putri yang meraih emas di SEA Games 2025 Thailand, yakni Evelyn Fiyo. Selain itu, sejumlah pemain muda dengan pengalaman level Asia di kelompok umur turut dipanggil, di antaranya Maxine Maria Sutisna, Kartika Hatta Mahanani, Putu Kezia Angelie Setiawan, dan Bella Alana Hasan.
Para pemain sudah berkumpul di Surabaya sejak Senin (4/5/2026). Mereka menjalani latihan di GOR CLS Kertajaya di bawah arahan pelatih kepala Gitautas Kievinas.
Manajer timnas, Handoyo, menjelaskan TC ini menjadi bagian dari proses regenerasi tim putri Indonesia. ""Persiapan dilakukan sejak bulan Mei ini karena kita mau memanggil beberapa pemain muda yang kita persiapkan untuk menjadi penerus di Timnas Putri. Sehingga kita harapkan cukup waktu untuk pemain-pemain muda ini menyesuaikan dengan apa yang diminta Coach Gitautas Kievinas,"" kata Handoyo dalam rilis Perbasi, Selasa (5/5).
Ia menambahkan kondisi pemain dalam keadaan prima dan menunjukkan antusiasme tinggi. Program latihan diawali dengan peningkatan fisik sebelum dikombinasikan dengan materi teknik. ""Kami saat ini fokus pembenahan fisik dan teknik di awal. Mengenai rencana uji coba masih coba kita diskusikan,"" ujarnya.
Dari total pemain yang dipanggil, tiga di antaranya juga akan memperkuat tim 3x3 putri di ajang Women's Series Manila 2026. Mereka adalah Diva Intan Nurfadillah, Thasya Hery Saputera, dan Evelyn Fiyo.
Daftar 24 Pemain TC Timnas Basket Putri 5on5
- Agustin Gradita Retong
- Priscilla Annabel Karen
- Jesslyn Angelique Aritonang
- Maxine Maria Sutisna
- Diva Intan Nurfadillah
- Kartika Hatta Mahanani
- Erinindita Prias Madafa
- Yualita Rency Novia
- Thasya Hery Saputera
- Evelyn Fiyo
- Erlita Christiana
- Faizzatus Shoimah
- Mayviana Lysandra Tandiono
- Lidwina Ruth Riratri Dwi Saputri
- Nathania Claresta Orville
- Keren Kezia Supit
- Dewa Ayu Made Sriartha Kusuma Dewi
- Putu Kezia Angelie Setiawan
- Ni Kadek Winda Sandia Kanita
- Lea Elvensia Wolobubo Kahol
- Kimberley Pierre-Louis
- Bella Alana Hasan
- Rachel Lie Setiawan
- Nicole Lukito",sport,https://sport.detik.com/basket/d-8475799/perbasi-panggil-24-pemain-timnas-basket-putri-untuk-tc-asian-games-2026
50,"San Antonio Spurs catatkan sejarah buruk di NBA. Spurs jadi tim yang gagal juara di final, dengan selalu unggul dua digit poin tiap game-nya!
Dilansir dari ESPN, New York Knicks menang atas San Antonio Spurs di Final NBA 2026 dengan 4-1. Knicks buka puasa gelar setelah 53 tahun lamanya!
San Antonio Spurs bukannya tanpa perlawanan. Setiap game, Spurs mampu unggul dua digit poin.
Lebih dari itu, Spurs punya total keunggulan seluruh poin capai +173 poin jika dihitung dari babak playoff. Itu adalah selisih poin terbesar bagi keunggulan tim di final NBA tapi tidak jadi kampiun!
| Knicks angkat trofi NBA di kandang Spurs setelah game kelima (Foto: IMAGN IMAGES via Reuters Connect/Dustin Safranek) | 
Di laga kontra New York Knicks, San Antonio Spurs sempat memimpin 15 poin di game pertama, 16 poin di game kedua, 13 poin di game ketiga (hanya jadi satu-satunya kemenangan mereka), 29 poin di game keempat, dan 16 poin di game kelima.
Game keempat adalah selisih poin terjauh di final NBA. Knicks bisa comeback dan menang 107-106!
""Salah satu dari banyak hal yang saya pelajari adalah margin kesalahan sangat, sangat tipis,"" kata bintang Spurs, Victor Wembanyama.
""Dominasi kami benar-benar mutlak. Kami benar-benar mendominasi sebagian besar seri ini, tetapi kesalahan kami, kekeliruan kami, dihukum dengan sangat berat. Kami tidak punya alasan apa-apa,"" tutupnya.
(aff/mrp)",sport,https://sport.detik.com/basket/d-8534597/sejarah-buruk-san-antonio-spurs
51,"Dinamika dunia olahraga Indonesia terus berkembang, terutama di ranah bola basket yang kini semakin mendapat perhatian luas dari berbagai kalangan. Kompetisi profesional seperti Indonesian Basketball League menjadi salah satu bukti nyata bagaimana kualitas permainan, atmosfer pertandingan, hingga pengalaman penonton semakin meningkat dari tahun ke tahun.
Memasuki musim ke-23, IBL GoPay 2026 hadir dengan level kompetisi yang jauh lebih menarik. Tidak hanya dari sisi permainan yang semakin kompetitif, tetapi juga dari segi entertainment yang semakin matang. Salah satu pertandingan yang paling dinanti adalah duel antara Pelita Jaya Basketball Jakarta melawan Rans Simba Bogor.
Sebagai klub yang telah berdiri lebih dari 37 tahun, Pelita Jaya tidak hanya dikenal karena prestasinya, tetapi juga karena konsistensinya menghadirkan pengalaman pertandingan yang berbeda. Di musim ini, mereka membawa sesuatu yang lebih besar, kehadiran pemain internasional, termasuk tiga eks-NBA yang memperkuat tim dalam satu roster.
Pertandingan ini bukan sekadar laga biasa. Kamu akan merasakan atmosfer pertandingan kelas dunia yang dikemas dengan hiburan modern, energi penonton yang luar biasa, serta aksi-aksi spektakuler di lapangan. Ini adalah kombinasi antara sport dan entertainment yang sulit kamu temukan di event lainnya.
Catat tanggalnya! 
- Hari, tanggal: Minggu, 26 April 2026 
- Waktu: pukul 19.00 WIB 
- Lokasi: Soemantri Brodjonegoro Stadium, Jakarta Selatan
Pertandingan ini menjadi momentum penting untuk kamu yang ingin merasakan langsung kemeriahan IBL GoPay 2026.
Jika kamu mencari pengalaman olahraga yang lebih dari sekadar menonton, maka pertandingan ini adalah jawabannya. Atmosfer, kualitas pemain, hingga energi penonton akan membuat kamu benar-benar terlibat dalam setiap detik pertandingan.
Yuk, jangan sampai ketinggalan! Beli tiketnya sekarang juga melalui detikevent!",sport,https://sport.detik.com/basket/d-8458449/musim-ke-23-yang-lebih-seru-jangan-lewatkan-pelita-jaya-vs-rans-simba-bogor
52,"Berbagai macam ajang basket usia muda terus digalakkan di Indonesia belakangan ini. Terbaru ada Urban Hoops 3x Challenge 2026.
Emporium Urban Hoops 3x3 Challenge 2026 merupakan kompetisi bola basket 3x3 yang dirancang untuk mengembangkan bakat dan minat generasi muda, sekaligus memberikan hiburan berkualitas bagi masyarakat luas melalui perpaduan olahraga dan entertainment.
Kegiatan ini merupakan program kerjasama antara Emporium Pluit Mall dan Arsa Gema Nusantara sebagai pihak penyelenggara mulai 30 April hingga 3 Mei.
Mengusung tema ""Level up your skills, rise your game"", acara ini bertujuan mendorong generasi muda Indonesia untuk mengembangkan potensi diri melalui olahraga basket, sekaligus membangun karakter yang kompetitif, sportif dan inspiratif.
Kompetisi diikuti oleh 48 tim dari berbagai kategori usia, mulai dari U9 hingga kategori Men's Open, dengan format pertandingan 3x3 yang dinamis dan kompetitif.
Selain pertandingan utama, pengunjung juga akan disuguhkan berbagai aktivitas menarik, termasuk exhibition match dan tantangan interaktif seperti Call Out The Pro Challenge, yang menghadirkan streetballer dan content creator basket ternama.
| Urban Hoops 3x3 Challenge 2026 digelar di Emporium Mall Pluit 30 April-3 Mei. (Foto: Istimewa) | 
Ketua Pelaksana kegiatan, Ahmad Kholil Robbani, menyampaikan bahwa acara ini tidak hanya menjadi wadah kompetisi, tetapi juga ruang aktualisasi bagi generasi muda.
""Melalui kegiatan ini, kami ingin memberikan pengalaman berharga bagi para peserta untuk berkompetisi secara sehat sekaligus menghadirkan hiburan yang positif bagi masyarakat,"" ujar Ahmad dalam rilis kepada detikSport.
Dengan konsep sportainment, Emporium Urban Hoops 3x3 Challenge 2026 diharapkan mampu menjadi ajang tahunan yang mendorong semangat olahraga sekaligus mempererat kebersamaan komunitas, keluarga, dan pecinta basket di Indonesia.
(mrp/aff)",sport,https://sport.detik.com/basket/d-8471140/urban-hoops-3x3-challenge-ajang-pengembangan-talenta-basket-muda
53,"Memasuki musim ke-23 IBL, liga basket profesional Indonesia ini menyajikan pertandingan dengan kualitas permainan yang semakin tinggi, roster yang kompetitif, serta experience menonton yang lebih seru bagi para penonton di arena.
Pelita Jaya Jakarta siap untuk menghidupkan kembali atmosfer laga home yang penuh energi. Klub dengan perjalanan lebih dari 37 tahun di dunia basket nasional ini konsisten menghadirkan pertandingan yang kompetitif, atraktif, dan sarat hiburan, menjadikan setiap laga kandang sebagai agenda yang sayang dilewatkan.
Bogor Hornbills datang membawa semangat baru setelah resmi melakukan transformasi identitas dari Borneo Hornbills. Perubahan nama ini menandai babak baru perjalanan klub sebagai representasi kebanggaan Kabupaten Bogor.
Identitas baru ini memperkuat kedekatan klub dengan komunitas lokal sekaligus menegaskan ambisi mereka untuk tampil lebih kompetitif di IBL 2026.
Pertandingan Pelita Jaya Jakarta vs Bogor Hornbills menjadi salah satu laga yang patut masuk agenda kamu!
Pelita Jaya akan mengandalkan tradisi panjang, kedalaman skuad, dan pengalaman di level tertinggi, sementara Bogor Hornbills hadir dengan energi baru, identitas baru, dan motivasi besar untuk menunjukkan eksistensi mereka di liga.
Jangan lewatkan keseruannya pada:
- Tanggal: 22 Februari 2026
- Waktu: 20.00 WIB - selesai
- Lokasi: GOR Soemantri Brodjonegoro, Jakarta Selatan
Duel ini menawarkan tempo permainan cepat, duel fisik di area paint, serta momen highlight yang selalu dinanti para penggemar basket. Menonton langsung di arena memberi kamu pengalaman yang lebih hidup, penuh sorak penonton, dan atmosfer kompetisi yang autentik.
Beli tiket sekarang di detikevent dan jadikan laga ini sebagai pilihan hiburan olahraga yang seru, kompetitif, dan penuh energi untuk agenda akhir pekan kamu!
Lihat juga Video: Perbasi Hukum Pebasket yang Pukul Lawan di Bogor, Dilarang Main 2 Tahun",sport,https://sport.detik.com/basket/d-8351085/bogor-hornbills-buka-era-baru-hadapi-pelita-jaya-di-ibl-gopay-2026
54,"Berkarier sebagai pebasket di Amerika Serikat selalu jadi impian setiap orang. Termasuk pebasket muda Indonesia Maxime Pellegrini.
Mungkin belum banyak yang mengenal siapa Pellegrini itu. Tapi, jika melihat sosial media belakangan, Maxime lagi naik daun setelah mempermalukan streetballer asal Amerika Serikat, K Showtime, dengan pengikut nyaris 1 juta.
Maxime dengan mantap mengadang shot Showtime dan aksinya itu mengundang decak kagum. Dengan postur tubuh dan potensi yang menjanjikan, tidak sulit bagi Maxime melakukannya.
Lalu, siapa itu Maxime? Maxime sudah menekuni basket sejak usia 10 tahun. Pemuda yang kini berusia 14 tahun itu telah berhasil merebut sejumlah gelar bergengsi. Runner-up Merpati Cup Bali, juara Lion Cup Surabaya, peringkat ketiga Liga BBYL 2025 sekaligus menjadi MVP.
Pada level internasional, Maxime juga berhasil menjadi juara FIBA Christmas Cup 2026 di Republik Ceko dan juara World Youth Championship KU14 di Perth Australia bulan April lalu
""Kalo di luar negeri, saya sudah bertanding di Ceko dan Perth. Alhamdulillah, saya mendapatkan gelar juara di laga itu. Dan jika tidak ada halangan beberapa bulan ke depan saya akan bermain di tiga negara lain,"" ujar Maxime dalam keterangan kepada media.
""Klub saya bernaung saat ini BBA Bali, tapi belum lama ini mendapat undangan untuk memperkuat klub UNO dan menjadi juara KU15 di kejuaraan Achilessport (Medan). Alhamdulillah, saya pun mendapat 3 MVP sekaligus (reguler season, final, best defender),"" tambahnya.
Sebagai pebasket muda, Maxime tentu punya ambisi besar untuk bermain di kompetisi luar negeri, terutama NBA. Tapi sebelum itu, Maxime mau menjajal menjajal Elite Youth Basketball League (EYBL) di Amerika Serikat, yang merupakan liga akar rumput berisikan 40 tim elite memperebutkan gelar juara nasional.
""Saya berharap bisa bermain di tim EYBL di Amerika Serikat untuk mendapatkan pengalaman dan pengembangan basket di level tertinggi,dan tentunya mimpi semua orang yaitu main di NBA.""
Lalu, siapa sih pebasket idola Maxime? Untuk itu, Maxime menunjuk shooting guard Minnesota Timberwolves Anthony 'The Ant Man' Edwards.
Saat membicarakan final Indonesia Basketball League (IBL), Maxime memprediksi Pelita Jaya Jakarta bakal unggul atas Bogor Hornbill.
""Menurut pendapat saya yang berpotensi juara Pelita Jaya,"" tutur Maxime.
(mrp/mrp)",sport,https://sport.detik.com/basket/d-8536250/pebasket-muda-indonesia-ini-impikan-main-di-as
55,"Satria Muda Pertamina Jakarta dan Pelita Jaya Basketball Jakarta berada dalam tekanan besar pada semifinal IBL 2026. Keduanya wajib meraih kemenangan di Game 2 agar tidak semakin tertinggal sebelum seri berpindah ke kandang lawan.
Babak semifinal IBL musim ini langsung menghadirkan kejutan pada pertandingan pertama. Di Bandung Arena, Jumat (5/6/2026), Bogor Hornbills sukses mencuri kemenangan penting atas Satria Muda dengan skor 99-93.
Hasil tersebut membuat Hornbills unggul 1-0 dalam seri best of 5 dan membuka peluang menciptakan sejarah dengan menyingkirkan salah satu klub tersukses dalam sejarah IBL.
Sementara itu pada semifinal lainnya, juara bertahan Dewa United Banten berhasil mencuri kemenangan di kandang Pelita Jaya. Bertanding di PJ Arena, Jakarta, Sabtu (6/6/2026), Dewa United menang tipis 78-76 dan unggul 1-0 dalam seri.
""Kedua tim memiliki kualitas yang sama. Kedua tim dibangun untuk perebutan gelar juara. Setiap pertandingan akan menjadi pertarungan ketat dan sengit. Kami harus siap menghadapi segalanya,"" ujar pelatih Dewa United Agusti Julbe Bosch dalam keterangan tertulisnya, Minggu (7/6/2026).
Kekalahan pada Game 1 membuat posisi Satria Muda dan Pelita Jaya menjadi tidak ideal. Kedua tim berstatus tuan rumah pada dua pertandingan pertama semifinal. Karena itu, kekalahan kembali di Game 2 akan membuat mereka tertinggal 0-2 sebelum seri berlanjut ke markas lawan.
Situasi tersebut jelas akan menyulitkan langkah mereka menuju final. Game 2 semifinal akan berlangsung pada Minggu (7/6) dan Senin (8/6), dengan tekanan besar berada di kubu Satria Muda maupun Pelita Jaya.
Format Baru Bikin Persaingan Makin Sengit
Musim ini IBL menerapkan format baru best of 5 pada semifinal dan final. Format tersebut menggunakan sistem home-home-away-away-home bagi tim dengan peringkat musim reguler yang lebih baik.
Konsekuensinya, setiap pertandingan menjadi sangat krusial karena satu kekalahan dapat mengubah arah seri secara signifikan. Selain kualitas permainan, tim juga dituntut memiliki kedalaman skuad, konsistensi performa, dan kemampuan beradaptasi sepanjang rangkaian pertandingan.
Kondisi itu sudah langsung terlihat sejak Game 1, ketika dua unggulan, Satria Muda dan Pelita Jaya, justru harus menelan kekalahan di kandang sendiri.
(mcy/krs)",sport,https://sport.detik.com/basket/d-8521682/satria-muda-dan-pelita-jaya-wajib-menang-di-game-2-semifinal-ibl
56,"Indonesia tergabung di Grup B bersama Laos dan Malaysia. Pasukan Merah Putih akan memulai perjuangan dengan menghadapi Laos pada 11 Juni, sebelum melawan Malaysia sehari berselang.
Target Indonesia jelas, yakni finis di dua besar grup untuk membuka jalan menuju semifinal sekaligus menjaga peluang merebut tiket ke FIBA U18 Asia Cup 2026.
""Kami telah siap bersaing di Thailand,"" kata pelatih Timnas Basket U18 Putra, Ismael, dalam keterangan tertulisnya.
Indonesia membawa 12 pemain ke Krabi. Sejumlah nama sudah memiliki pengalaman membela Merah Putih di level Asia, seperti Steven Sebastian, Muhammad Fakhrizal Firdaus, dan Miracle Christiano yang tampil pada FIBA U16 Asia Cup 2025 di Mongolia.
""12 pemain ini sesuai dengan karakter permainan yang kami butuhkan. Karakternya yang kita pilih setelah evaluasi dari beberapa kali scrimmage,"" ujar Ismael.
Modal Empat Uji Coba
Sebelum berangkat ke Thailand, Timnas U18 menjalani empat laga uji coba.
Indonesia mengawali persiapan dengan kemenangan 80-67 atas Tim Pelatda DKI Jakarta pada 22 Mei. Setelah itu, mereka menundukkan Tim Basket Universitas Cenderawasih dengan skor 93-60 pada 30 Mei.
Pada dua uji coba terakhir, Indonesia kalah tipis 62-64 dari Dewa United Academy dan 77-78 dari Perbanas. Tapi Ismael tetap optimistis timnya mampu bersaing di Krabi.
""Di Thailand nanti, kami sudah melihat dari berbagai sumber yang kami miliki terkait kekuatan tim seperti Malaysia, Thailand, dan Filipina. Kami yakin bisa lolos ke FIBA U18 Asia Cup,"" katanya.
Persaingan Ketat di Krabi
Kualifikasi FIBA U18 Asia Cup 2026 zona Asia Tenggara diikuti tujuh negara yang dibagi ke dalam dua grup. Grup A dihuni Filipina, Thailand, Singapura, dan Vietnam. Sementara Grup B ditempati Indonesia, Malaysia, dan Laos.
Dari ajang ini, hanya tersedia dua tiket menuju FIBA U18 Asia Cup 2026.
Daftar Pemain Timnas Basket U18 Putra Indonesia
- Orlando Timothy Kaihena
- Bryan Jonathan Kovith
- Miracle Christiano
- Ryansen Bastian Gunawan
- Chimaobi Nzekwue
- Hansel Orleans Hermawan
- Fathy Muhammad Zhafif
- Steven Sebastian
- Muhammad Fakhrizal Firdaus
- Efrael Yerusyalom Enrichia
- Sean Jason Nathan Kilapong
- Jaya James Anak Agung Bayuntara
(mcy/krs)",sport,https://sport.detik.com/basket/d-8526612/timnas-basket-u18-incar-2-besar-grup-demi-tiket-fiba-asia-cup-2026
57,"Kehadiran wasit asing pada fase Playoffs IBL 2026 dirasa masih belum memuaskan. Wasit asing dinilai belum mampu mendongkrak kualitas pertandingan.
Sorotan terhadap kinerja perangkat pertandingan asing ini dibahas oleh pengamat basket sekaligus content creator Indonesia, Ilham Patria. Dia membahasnya dalam konten berjudul Satu Peluit Ubah Game.
""Satu keputusan wasit bisa mengubah momentum pertandingan, bahkan menentukan hasil akhir laga. Karena itu, kualitas dan konsistensi officiating menjadi aspek yang sangat penting dalam kompetisi profesional,"" ujar Ilham Patria.
Sejumlah momen kontroversial yang muncul sepanjang semifinal IBL 2026 pun menjadi perhatian publik. Salah satunya terjadi pada Game 1 semifinal antara Satria Muda Pertamina Jakarta melawan Bogor Hornbills.
Dalam laga tersebut, pemain Satria Muda, Shandy Ibrahim, dinilai tidak memperoleh ruang pendaratan (landing space) yang memadai saat melakukan percobaan tembakan. Namun, wasit tidak memberikan pelanggaran atas insiden tersebut.
Perdebatan lain muncul pada Game 2 semifinal antara Pelita Jaya Jakarta dan Dewa United Banten. Pelatih Dewa United, Augustí Julbe, menerima technical foul pada babak pertama tanpa adanya peringatan sebelumnya.
Selain itu, pada possession terakhir Game 1 semifinal Pelita Jaya kontra Dewa United, terjadi kontak antara Troy Gillenwater dan Perrin Buford yang hingga kini masih menjadi bahan diskusi mengenai interpretasi pelanggaran pada momen krusial pertandingan.
Menurut Ilham, fakta bahwa kontroversi tetap muncul meski liga telah menggunakan wasit asing menunjukkan persoalan kualitas perwasitan tidak dapat diselesaikan hanya dengan mendatangkan perangkat pertandingan dari luar negeri.
""Wasit asing bisa menjadi benchmark dan sarana transfer ilmu. Namun kehadiran mereka bukan jaminan bahwa seluruh keputusan di lapangan akan bebas dari kontroversi,"" kata Ilham.
Ia menilai perhatian juga perlu diberikan kepada perkembangan wasit lokal Indonesia agar kualitas kompetisi dapat meningkat secara berkelanjutan.
Peningkatan kesejahteraan, sistem evaluasi berbasis performa, program pendidikan berkelanjutan, hingga kesempatan memimpin pertandingan internasional dinilai menjadi faktor penting dalam mencetak wasit berkualitas.
""Keberhasilan sesungguhnya adalah ketika pertandingan-pertandingan terbesar di Indonesia dapat dipimpin oleh wasit Indonesia dengan standar yang sama baiknya di tingkat internasional,"" ucapnya.
(ran/adp)",sport,https://sport.detik.com/basket/d-8528561/kualitas-wasit-asing-di-ibl-2026-dianggap-belum-memuaskan
58,"Imma Do Great Basketball memberikan kesempatan emas kepada pebasket putri Indonesia KU 19. Sebanyak 12 atlet terbaik akan mewakili RI di Berlin, Jerman.
Ajang ini menjadi kesempatan langka buat para pebasket muda putri dengan membawa bendera Indonesia di level internasional. Sesuatu yang menjadi impian banyak atlet akan dirasakan para pebasket yang lolos seleksi.
Kesempatan ini datang setelah Imma Do Great Basketball mendapatkan undangan langsung dari Alba Berlin, tim profesional Jerman untuk bertanding dalam turnamen eksibisi. Turnamen ini diselenggarakan dalam rangkaian FIBA Women's Basketball World Cup 2026 yang juga digelar di Berlin.
Turnamen ini bertajuk ""adidas x Alba Next Up Tournament"". Khusus pada turnamen eksibisi ini, pesertanya merupakan Kelompok Usia (KU) 19 tahun ke bawah.
""Kami memang menjalin kerja sama pengembangan basket dengan Alba Berlin, salah satu klub basket terbaik Jerman. Oleh sebab itu, kami mendapatkan kesempatan untuk merepresentasikan Indonesia di turnamen ini,"" kata Head of Operation Imma Do Great Basketball, Krishna Juwono, dalam pernyataannya.
""Oleh karena itu, kami mengundang pemain putri di seluruh Indonesia, kelahiran maksimal tahun 2007 untuk turut serta dalam seleksi. Nantinya, akan ada 12 pemain yang berangkat ke Berlin. Seluruh akomodasi dalam perjalanan dan selama di Berlin akan ditanggung semua oleh kami dan sponsor,"" ujarnya menambahkan.
Seleksi atlet basket putri KU 19 digelar di Agora Sports Hall, Jakarta, pada 8 dan 9 Agustus 2026. Totalnya, ada 50 pemain yang terdaftar dalam seleksi dengan peserta datang dari berbagai kota.
Imma Do Great Basketball melibatkan pelatih senior Indonesia, Johannis Winar dan pemain peraih MVP 3 kali Indonesia, Abraham Grahita dalam proses seleksi dan persiapan ke Berlin. Setelah seleksi, tim akan menjalani Training Camp (TC) selama 8 hari yang bertempat di Agora Sports Hall dan ROAR Performance Center.
""Imma Do Great berdiri dengan harapan bisa membantu atlet-atlet basket Indonesia mencapai performa terbaik mereka. Salah satunya tentu dengan melihat cakrawala basket internasional,"" ucap Krishna.
""Nantinya, kami akan bermain empat kali plus menyaksikan dua laga FIBA Women's Basketball World Cup 2026. Semoga kita bisa memetik banyak manfaat dari perjalanan ini,"" tuturnya.
Imma Do Great Basketball berada di bawah naungan PT. Ambisi Dahsyat Gema Prestasi, sebuah institusi basket yang memiliki program untuk pembinaan pebasket muda dalam mengembangkan atlet menjadi versi terbaik dari dirinya. Menggandeng Alba Berlin sebagai partner untuk materi pengembangan atlet, Imma Do Great Basketball berharap Indonesia bisa menelurkan pebasket-pebasket yang bersaing di kancah internasional.
""Undangan ini memang sangat mendadak, tapi kami tidak ingin melewatkannya begitu saja. Harapan kami, pebasket-pebasket putri muda Indonesia ini bisa memanfaatkan kesempatan ini dengan baik. Kami tidak punya target macam-macam pada kesempatan kali ini. Merepresentasikan Indonesia, memberikan usaha yang sepenuhnya, dan belajar sebanyak-banyaknya,"" kata Krishna menjelaskan.
Total ada delapan tim yang akan berlaga di adidas x Alba Next Up Tournament. Mereka dibagi menjadi dua grup. Indonesia masuk ke Grup B bersama Basketball Magic Australia, CB Canarias, dan Sopron Basket. Nantinya pertandingan akan disiarkan di kanal resmi YouTube Alba Berlin.
Jadwal pertandingan Imma Do Great Basketball
 
-Vs Basketball Magic Australia - 3 September 2026 (20:00 WIB)
-Vs Sopron Basket - 4 September 2026 (19:00 WIB)
-Vs CB Canarias - 5 September 2026 (19:00 WIB)
-Classification Games - 6 September 2026 (TBC).",sport,https://sport.detik.com/basket/d-8611644/mencari-12-pebasket-putri-ku-19-buat-wakili-indonesia-di-berlin
59,"Campus League Basketball Season 1 2026 telah tuntas. Tim Putra Institut Perbanas dan Tim Putri Universitas Surabaya (UBAYA) menjadi juaranya.
Laga puncak Campus League basket seri Nasional berlangsung di UPH Basketball Court, Tangerang, Banten, Sabtu (13/6/2026). Tim putra Perbanas juara usai mengalahkan Universitas Kristen Satya Wacana Salatiga (UKSW) dengan skor akhir 47-45 dan tim putri UBAYA mengalahkan Soegijapranata Catholic University (SCU) 59-51.
""Season 1 bukan hanya tentang mencari juara. Yang paling penting adalah membangun fondasi. Kami melihat antusiasme kampus, mahasiswa, pelatih, dan berbagai pihak yang terlibat sangat besar,"" kata CEO Campus League, Ryan Gozali, dalam keterangan persnya.
""Masih banyak kekurangan yang harus dibenahi, tapi sudah ada indikator bahwa olahraga kampus di Indonesia memiliki masa depan yang menjanjikan apabila dibangun secara konsisten dan berkelanjutan,"" sambungnya.
Campus League dibangun di atas tiga pilar utama: Athleticism, Academics, dan Affinity, yang menempatkan olahraga sebagai bagian dari proses pembelajaran mahasiswa. Melalui pendekatan tersebut, student-athlete tidak hanya dituntut berprestasi di lapangan, tetapi juga berkembang secara akademik dan sosial.
Tidak hanya berfokus pada basketball, tahun ini Campus League juga akan menyelenggarakan kompetisi di nomor badminton dan futsal, sebelum menutup kalender dengan UniGames yang akan menghadirkan berbagai cabang olahraga lainnya.
""Kami setia mendukung Campus League sebagai wadah bagi para student-athlete untuk tidak hanya berprestasi tapai juga berkreasi menunjukkan kemampuannya sehingga menjadi generasi yang lebih baik di masa mendatang,"" kata Commercial Director Polytron, Tekno Wibowo.
Keberhasilan ini memastikan Perbanas menjadi tim putra pertama yang menjuarai Campus League Basketball. Selain itu, gelar juara ini pun membuat mereka berhak untuk mewakili perguruan tinggi Indonesia bertanding di Asia University Basketball League (AUBL) pada 2027.
(ran/yna)",sport,https://sport.detik.com/basket/d-8531063/campus-league-basketball-season-1-2026-tuntas
60,"Timnas basket putri Indonesia lolos ke Piala Asia U-18 2026. Tiket itu diraih setelah srikandi muda Merah Putri meraih tiga kemenangan beruntun di FIBA U-18 Women's Asia Cup SEABA Qualifiers 2026.
Timnas basket U18 putri menang atas Thailand 67-53 di STI West Negros University Gym, Bacolod City, pada Jumat malam (5/6). Sebelumnya, Indonesia sudah mengantongi kemenangan atas Singapura 66-49 dan Vietnam dengan skor 81-32.
Rentetan kemenangan Timnas Basket U-18 Putri ini mengantarkan Indonesia lolos ke FIBA Women's Asia Cup 2026 yang akan berlangsung di Thailand pada 13-19 Juli mendatang.
Di ajang ini, Indonesia bertanding di Divisi B FIBA U-18 Women's Asia Cup 2026 yang akan dilangsungkan di Thailand.
""Filipina merupakan peserta Divisi A FIBA U-18 Women's Asia Cup 2026. Jadi mereka lolos otomatis. Sementara Thailand juga langsung lolos karena tuan rumah FIBA U18 Women's Asia Cup Divisi B,"" kata Pelatih Timnas Basket U18 Putri Amin Prihantono dalam keterangam tertulisnya Sabtu (6/6/2026).
""Kita perebutkan 1 tiket ke FIBA U-18 Women's Asia Cup dengan Thailand, Singapura, dan Vietnam. Dengan kemenangan atas Thailand ini, kita berhasil melakukannya,"" ujar Amin.
Tantang Filipina
Indonesia selanjutnya akan melawan Filipina untuk memperebutkan puncak klasemenFIBA U-18 Women's Asia Cup SEABA Qualifiers 2026. Amin berharap timnya tampil lebih semangat lagi.
""Melawan Filipina, kita harus lebih fight lagi. Jika enggak bisa shooting harus ada opsi lain. Filipina tim yang komplet. Shooting oke, penetrasi oke, speed bagus dan kuat juga. Tapi kita akan fight dan tetap optimis dengan apa yang kita punya,"" kata Amin.
Sementara itu, Sekjen DPP PERBASI Nirmala Dewi apresiasi capaian ini. Timnas Basket U18 Putri sukses menjaga tradisi menembus FIBA U-18 Women's Asia Cup.
""Kami apresiasi semangat juang para pemain dan tim pelatih yang mampu menyuguhkan permainan yang baik selama ini, namun ini tentu bukan perjuangan akhir,"" ucap Nirmala.
""Tiket FIBA U-18 Women's Asia Cup memang sudah di tangan. Masih ada satu pertandingan yang harus kita perjuangkan bersama. Pertandingan melawan Filipina jadi penentu pemimpin peringkat di ajang ini.""
""Kami mohon doa dan dukungan masyarakat Indonesia agar para pemain timnas kita mampu bermain maksimal dan mendapatkan hasil yang membanggakan,"" ujarnya.
(mcy/aff)",sport,https://sport.detik.com/basket/d-8520558/timnas-basket-putri-ri-lolos-piala-asia-u-18-2026
61,"Panitia Asian Games Aichi-Nagoya 2026 telah merilis pembagian grup dari cabang olahraga bola basket 3x3 putra dan putri. Indonesia satu grup dengan juara Asian Games 2023.
Total ada 16 tim negara peserta di Asian Games 2026. Mereka terbagi menjadi 4 pool dengan masing-masing pool diisi empat tim.
Dalam drawing yang diumumkan, Jumat (31/7/2026),Timnas Basket 3x3 Putra Indonesia berada di Pool C. Garuda akan bersaing dengan Qatar, Bahrain, dan Taiwan, yang merupakan juara basket 3x3 d Asian Games 2023.
Sementara itu, Pool A dihuni Mongolia, Filipina, Kazakhstan, dan Sri Lanka. Lalu Pool B terdapat China, Iran, Malaysia, dan Hong Kong. Kemudian untuk Pool D, ada Jepang, Singapura, Korea Selatan, dan Thailand.
Kepala pelatih Timnas Basket 3x3 Putra Nico Donnda Fitzgerald merespons hasil drawing Asian Games 2026. Menurutnya, tidak ada grup yang mudah di Asian Games. Semua pertandingan memiliki tantangan dan strategi unik dalam konsep 3x3.
""Saya pribadi sedikit lebih familiar dengan Taiwan, yang mana negara ini paling aktif di ajang 3x3 dibandingkan dengan Qatar dan Bahrain,"" ungkap Donnda dalam keterangan tertulisnya.
""Taiwan memiliki pemain dengan rata-rata tinggi yang cukup baik dan kemampuan menembak yang merata,"" ujarnya.
""Untuk Qatar dan Bahrain, karena kita baru dapat hasil drawing-nya, kami masih dalam tahap mempelajari lebih dalam kekuatan lawan. So far kita hanya melihat 3 dari 8 pemain Bahrain dan Qatar yang aktif berkompetisi. Tapi dari prediksi kami, mereka akan bermain lebih fisik dan mengeksploitasi size mereka,"" ucap Donnda.
Donnda menyebut, telah menyusun rencana untuk menghadapi hasil drawing ini. Langkah pertama adalah komitmen bersama pemain, pelatih, dan manajemen untuk menjalankan hasil evaluasi saat tampil di FIBA 3x3 Challenger Batam Stop.
""Sesuai dengan review kita terhadap performa di Batam kemarin, dibutuhkan peningkatan kemampuan fisik. Kemampuan fisik ini juga yang menjadi faktor kunci dalam eksekusi sistem offense dan defense yang dibangun, termasuk mentalitas,"" jelasnya.
Putri Satu Grup dengan Korea Selatan
Selanjutnya, untuk kategori putri, drawing menempatkan Indonesia di Grup D. Di sana, Indonesia satu grup dengan Thailand, Korea Selatan, dan Singapura.
Sama seperti kategori putra, total ada 16 tim yang bersaing di kategori putri. Mereka terbagi menjadi empat pool dengan masing-masing pool diisi oleh empat tim.
Pool A dihuni China, Kazakhstan, Qatar, dan Sri Lanka. Lalu, di Pool B ada Jepang, Taiwan, Iran, dan Uzbekistan. Adapun Pool C diisi oleh Mongolia, Filipina, Malaysia, dan Makau.
Dalam laman sosial media Asian Games 2026, pertandingan bola basket 3x3 akan berlangsung 21 hingga 25 September 2026. Semua pertandingan dikonsentrasikan di Kinjo Futo Station Square.
Persaingan bola basket 3x3 di Asian Games ke-20 ini diprediksi akan diwarnai kejutan karena regulasi anyar yang diterapkan. Pada Asian Games ini, hanya pemain berusia di bawah 23 tahun yang boleh bermain.
Indonesia menyiasati regulasi ini dengan mematangkan pemain U-23. Mereka dalam satu tim dikirim ke berbagai kejuaraan Challenger dan Women's Series, untuk menghadapi pemain-pemain senior dan tim terbaik di dunia.
Timnas Putra saat ini masih terdiri dari 12 pemain, sebelum pada akhirnya mengerucut pada 4 pemain utama. Direncanakan timnas 3x3 Basket Putra akan mengikuti 3x3 stop di Taiwan, sebelum pergelaran Asian Games 2026.
Kemudian untuk kategori putri, sesuai usia, ada tiga pemain U-23 tahun yang terus diasah kemampuannya. Mereka adalah Diva Intan, Thasya Saputera, dan Lidwina Ruth. Dalam mematangkan permainan, mereka dimentori oleh seniornya, Ayu Sriartha.
(mcy/aff)",sport,https://sport.detik.com/basket/d-8598318/hasil-undian-basket-3x3-asian-games-2026-indonesia-segrup-sama-siapa
62,"Lexyndo Hakim kembali terpilih sebagai Ketua Perbasi DKI Jakarta untuk periode 2026-2030. Ia melanjutkan kepemimpinan setelah menjadi calon tunggal dalam Musyawarah Daerah (Musda) yang digelar di Kantor Dinas Pemuda dan Olahraga (Dispora) DKI Jakarta, Jatinegara, Rabu (22/4/2026).
Dalam laporan panitia, Ketua Pelaksana Musda Arief Satria Kurniagung menyebut Lexyndo telah diterima dan ditetapkan sebagai satu-satunya calon. Ia mendapat dukungan dari lima Pengurus Kota (Pengkot) dan satu Pengurus Kabupaten (Pengkab).
Calon Tunggal, Lanjutkan Kepemimpinan
Lexyndo menilai mandat ini sebagai tantangan baru untuk menjaga konsistensi program yang sudah berjalan di periode sebelumnya.
""Tentu ini adalah tantangan baru, amanah baru bagi kita untuk bisa sama-sama terus membersamai anak-anak basketball di Jakarta melalui federasi,"" kata Lexyndo.
""Saya ingat di tahun ke-2 dan ke-3, teman-teman pengurus, bukan saya sendirian, di periode kemarin, sudah memenuhi dan menjalankan seluruh visi, misi, dan program kerja yang saya siapkan,"" ujarnya menyoal hal yang perlu dievaluasi pada periode sebelumnya.
Sebagai Chef de Mission (CdM) Indonesia di SEA Games 2023, Lexyndo menegaskan pentingnya menjaga kesinambungan kerja sama dengan berbagai pihak.
""Artinya kita menjaga komunikasi baik dengan Kadispora, dengan KONI, dengan Pengprov, dengan seluruh klub yang ada di DKI Jakarta. Kita jaga sinergitasnya,"" ujarnya.
Fokus Konsistensi dan Pembinaan Atlet
Menurut Lexyndo, penyelenggaraan turnamen bukan persoalan utama. Tantangan terbesarnya adalah menjaga kualitas kompetisi dan kenyamanan atlet.
""Saya rasa kalau soal penyelenggaraan turnamen dan pertandingan, itu bukan hal yang sulit karena itu hampir setiap hari banyak tokoh atau ornamen, komponen basket yang mampu dan mumpuni banget untuk membuat pertandingan.""
""Tinggal bagaimana kita jaga konsistensi dan supaya atlet-atlet yang bertanding nyaman dan juga bisa berkembang, serta tidak ada persaingan internal karena fokusnya pertama Jakarta, kemudian dari Jakarta bisa memberikan dampak yang positif untuk Indonesia,"" tegasnya.
Rencana Bangun Lapangan Basket Khusus
Selain program organisasi, Lexyndo juga menyiapkan rencana pembangunan fasilitas khusus basket di Jakarta.
""Kami masih mencari usulan-usulan tanah, dan sudah masuk beberapa, tinggal finalisasi. Doakan, insyaAllah bisa segera rampung dan menjadi kebanggaan setidaknya untuk sebagian kecil anak basket di Jakarta,"" Lexyndo mengungkapkan.
Ia menilai fasilitas yang ada saat ini masih bersifat umum dan digunakan bersama cabang olahraga lain.
""Karena memang kita lihat kan Jakarta ini memang terlihat banyak GOR, tapi lebih banyak fungsi untuk multicabor. Dan kami tidak bisa mengunci lapangan basket atau GOR itu untuk hanya Pelatda basket,"" tuturnya.
""Mudah-mudahan dengan niat teman-teman pengurus ya, bukan saya doang, bisa terwujud dan saya yakin pasti ada manfaat yang lebih baik lagi seperti ini,"" tegas Lexyndo.
(mcy/krs)",sport,https://sport.detik.com/basket/d-8456100/lexyndo-hakim-terpilih-lagi-jadi-ketua-perbasi-dki-2026-2030-ini-programnya
63,"San Antonio Spurs kalah di game kedua Final NBA 2026 dari New York Knicks. Apes buat Victor Wembanyama, dirinya lakukan dua kesalahan fatal di akhir.
New York Knicks vs San Antonio Spurs digelar di Frost Bank Center, Texas pada Sabtu (6/6) pagi WIB dalam game kedua Final NBA 2026. Knicks menang tipis 105-104, unggul 2-0.
10 Detik terakhir, San Antonio Spurs bisa saja membalikkan keadaan. Apa daya, Victor Wembanyama kena apes.
Kesalahan fatal dilakukan saat lancarkan serangan balik. Wembanyama ambil rebound, sedikit mendribel bola, lalu mengoper ke Stephon Castle di depannya dengan niat lakukan fast break.
Castle tidak melihat, bola kiriman Wembanyama kena ke punggungnya. Brunson sigap mengamankan, kena foul, lalu lewat free throw bawa Knicks unggul 105-104.
Kemudian di tujuh detik terakhir, San Antonio Spurs dalam posisi menyerang. Victor Wembanyama lepas tembakan, sayangnya gagal masuk dan buzzer berbunyi. Tuan rumah pun akhirnya kalah tipis.
Wembanyama memang jadi pencetak poin terbanyak Spurs dengan 29 poin. Namun di first half, dirinya hanya bisa cetak tujuh poin.
Game ketiga Final NBA 2026 akan digelar di kandang New York Knicks pada Jumat (9/6). Apakah Spurs bisa comeback?
(aff/mrp)",sport,https://sport.detik.com/basket/d-8520339/horor-victor-wembanyama
64,"Dewan Pengurus Pusat Persatuan Basket Seluruh Indonesia (DPP Perbasi) mengesahkan 10 peraturan organisasi baru dalam upaya membangun tata kelola bola basket Indonesia yang lebih baik.
Pengesahan dilakukan dalam Rapat Pleno di kawasan FX Sudirman, Jakarta Pusat, yang dipimpin langsung oleh Ketua Umum Dewan Pengurus Pusat Perbasi, Budisatrio Djiwandono. Kegiatan ini dihadiri oleh jajaran pengurus, baik secara langsung maupun daring melalui format hybrid.
Ketua Umum DPP Perbasi Budisatrio Djiwandono menyampaikan bahwa penguatan regulasi organisasi merupakan bagian penting dari upaya membangun tata kelola bola basket Indonesia yang lebih baik.
""Kita paham bahwa dalam penyelenggaraan apa pun, masih banyak perbaikan yang harus terus kita lakukan sebagai induk organisasi. Rapat Pleno ini menjadi kesempatan penting, sekaligus momen bersejarah sebagai komitmen bersama untuk membesarkan organisasi dan memajukan cabang olahraga bola basket,"" ujar Budisatrio, dalam keterangannya Jumat (3/7/2026).
Menurut Budisatrio, kemajuan bola basket Indonesia tidak dapat dilepaskan dari penguatan fondasi kelembagaan Perbasi sebagai rumah besar bola basket nasional.
""Pondasi yang kuat berawal dari filosofi dan aturan tata kelola yang kokoh. Karena itu, DPP Perbasi melalui bidang Organisasi, dengan dukungan Sekretaris Jenderal dan tim, telah merumuskan dan merampungkan aturan-aturan organisasi yang nantinya menjadi pedoman pelaksanaan tata kelola bola basket Indonesia ke depan,"" jelasnya.
Ketua Badan Legal, Etik, dan Disiplin DPP Perbasi Fritz Siregar merinci 10 peraturan organisasi yang telah ditetapkan tersebut. Sepuluh peraturan organisasi tersebut mencakup pengaturan mengenai etik, disiplin, struktur organisasi, musyawarah dan rapat-rapat. Kemudian penyelenggaraan kegiatan bola basket 5on5, tenaga keolahragaan bola basket 5on5, minibasket, penyelenggaraan kegiatan dan pengelolaan tenaga keolahragaan bola basket 3x3, perpindahan olahragawan, pengelolaan dan penyelenggaraan keuangan, serta sistem audit.
Fritz menjelaskan, dua dari 10 peraturan tersebut merupakan penyempurnaan dari peraturan lama, sementara delapan lainnya merupakan produk baru. Antara lain mengatur penyelenggaraan kegiatan bola basket 5on5, tenaga keolahragaan bola basket 5on5, minibasket, penyelenggaraan kegiatan dan pengelolaan tenaga keolahragaan bola basket 3x3, serta perpindahan olahragawan.
Salah satu peraturan lama yang diperbarui adalah peraturan organisasi mengenai etik dan disiplin yang dipisahkan ke dalam dua peraturan organisasi yang berdiri sendiri. Pemisahan dilakukan agar proses penelaahan dan penanganan kasus dapat dilakukan secara lebih spesifik, baik terhadap dugaan pelanggaran kode etik maupun pelanggaran kode disiplin.
Menurut Fritz, paket peraturan organisasi Perbasi merupakan instrumen kelembagaan yang penting untuk memastikan organisasi berjalan berdasarkan norma, prosedur, dan standar tata kelola yang dapat dipertanggungjawabkan.
""Paket peraturan organisasi Perbasi ini sebelumnya telah dibahas bersama. Kami berpandangan bahwa peraturan ini merupakan instrumen kelembagaan untuk memastikan Perbasi bergerak tidak semata-mata berdasarkan kebiasaan, tetapi berdasarkan norma, prosedur, dan standar tata kelola yang dapat dipertanggungjawabkan,"" tegasnya.
Fritz menambahkan, secara umum materi dalam paket peraturan tersebut terbagi ke dalam tiga rumpun besar, yaitu tata kelola kelembagaan, kegiatan dan kompetisi, serta perilaku dan norma.
""Pembagian ini menunjukkan bahwa peraturan organisasi tidak hanya berbicara mengenai struktur, tetapi juga bagaimana kegiatan dilaksanakan, bagaimana standar sumber daya manusia ditetapkan, serta bagaimana standar etik dan disiplin dijaga,"" kata Fritz.
(mcy/rin)",sport,https://sport.detik.com/basket/d-8558877/dpp-perbasi-benahi-tata-kelola-lewat-10-peraturan-organisasi
65,"IBL Gopay 2026 kembali meramaikan kalender hiburan, dengan pertandingan basket profesional yang dikemas semakin atraktif!
Musim ke-23 Indonesian Basketball League siap membawa energi baru melalui persaingan ketat, kualitas permainan yang meningkat, dan pengalaman menonton yang terasa lebih dekat dengan penonton.
Pelita Jaya Bakrie Jakarta hadir sebagai salah satu daya tarik utama musim ini. Klub legendaris ini menurunkan kombinasi pemain terbaik Indonesia bersama tiga mantan pemain NBA dalam satu kostum.
Kolaborasi tersebut menghadirkan permainan cepat, penuh intensitas, dan sarat momen kelas dunia yang membuat setiap menit pertandingan terasa bernilai untuk disaksikan.
Lebih dari sekadar pertandingan, laga home Pelita Jaya menawarkan experience yang dirancang menyeluruh.
Klub yang telah berdiri lebih dari 37 tahun ini menyuguhkan atmosfer arena yang hidup, dukungan suporter yang solid, serta hiburan pendukung yang menyatu dengan jalannya pertandingan.
Pertandingan akan berlangsung pada:
Tanggal: Sabtu, 24 Januari 2026
Waktu: 17.00-19.00 WIB 
Lokasi: GOR Soemantri Brodjonegoro, Jakarta
| Baca juga: Misi Bintang Lima Pelita Jaya di IBL 2026 | 
Melalui IBL Gopay 2026, basket Indonesia menunjukkan wajah yang semakin modern dan kompetitif.
Laga home Pelita Jaya Bakrie Jakarta menjadi kesempatan untuk menyaksikan langsung pertandingan berstandar internasional, sekaligus merasakan atmosfer basket yang seru dan berkelas di jantung kota Jakarta.
Jangan lewatkan momen spesial laga home Pelita Jaya Bakrie Jakarta di IBL Gopay 2026, dapatkan tiketnya secara resmi melalui detikevent!
(raw/rin)",sport,https://sport.detik.com/basket/d-8318711/pemain-ex-nba-siap-warnai-laga-pelita-jaya-vs-satya-wacana-di-ibl-gopay-2026
66,"Format baru Indonesia Basketball League (IBL) 2026 diantisipasi betul oleh Satria Muda Bandung. Kebugaran pemain jadi faktor penting untuk menjaga performa.
Format semifinal dan final di IBL 2026 berubah. Klub-klub akan lebih terkuras tenaganya karena memakai format best of five, bukan lagi best of three.
Itulah mengapa setiap klub harus bisa kebugaran pemain sebaik mungkin, agar tidak habis gas duluan ketika sampai Playoff. Selain jadwal lebih panjang di akhir, persaingan di IBL 2026 juga akan lebih ketat karena hampir semua tim melakukan perombakan perombakan skuad. IBL mencatat ada 36 pemain yang berpindah klub.
Satria Muda sebagai klub favorit juara berpotensi melakoni laga lebih banyak dari kebanyakan tim. Oleh karenanya, manajemen Satria Muda menjalin kerjasama dengan salah satu pusat layanan kesehatan olahraga terkemuka yakni Royal Sports.
Seremoni penandatanganan berlangsung di Royal Sports, Sunter, disaksikan oleh tim Satria Muda Pertamina Bandung, jajaran manajemen Royal Sports, RS Royal Progress dan didukung oleh para spesialis lintas disiplin, Selasa (13/1/2026).
Sebagai bagian dari komitmen dalam MOU, para pemain Satria Muda akan menjalani medical check up yang dirancang khusus untuk olahraga basket, ini merupakan sebuah asesmen komprehensif berbasis evidence‑based medicine agar kebugaran fisik dan kesiapan mental berada pada level optimal menjelang kompetisi.
Tim medis yang menangani para pebasket Satria Muda nantinya juga sudah tersertifikasi.
""Royal Sports menghormati kebutuhan yang berbeda dari setiap cabang olahraga dan setiap atlet. Asesmen yang kami berikan untuk pemain basket harus berbeda dengan pesepak bola karena mereka menggunakan tubuhnya dengan cara yang berbeda. Kami ingin memastikan mereka berada pada kondisi yang tepat untuk bermain, bahwa kami mendeteksi cedera sejak tahap awal, dan membekali atlet dengan multidisiplin dokter karena tubuh mereka adalah investasi untuk karier dan kecintaan mereka pada olahraga,"" ujar Pendiri Royal Sports, Derice Sumantri, dalam keterangan persnya.
Satria Muda juga bakal mendapatkan akses terhadap layanan komprehensif Royal Sports. Dalam penanganan cedera muskuloskeletal dan upaya pemulihan performa, Royal Sports mengerahkan tim Sports Orthopedic & Arthroscopic Surgeons bersama Sports Medicine Specialists.
Dengan kerjasama ini, Satria muda berharap para pemainnya bisa tetap bugar dan fit, sehingga terbebas dari cedera. Ini jadi faktor penting Satria Muda untuk bisa melaju ke final.
""Satria Muda Pertamina Bandung selalu menempatkan kesehatan dan kesejahteraan jasmani para atlet sebagai prioritas utama dalam setiap program tim. Kehadiran Royal Sports sebagai mitra strategis sangat membantu kami untuk memperkuat komitmen tersebut, dengan menghadirkan dukungan untuk para pemain tetap terjaga, pulih dengan optimal, dan siap tampil konsisten dalam setiap pertandingan,"" kata Christian Ronaldo Sitepu selaku Managing Director Satria Muda.
""Program kesehatan, nutrisi, dan pemulihan yang sesuai standar membantu kami menjaga konsistensi performa sepanjang musim. Ini adalah bagian penting dari persiapan kami untuk bersaing di level tertinggi dan menghadirkan prestasi terbaik bagi klub dan para pendukung kami. Dengan kemitraan ini, kami semakin percaya diri melangkah menuju target kami menjadi juara,"" sambung Ronaldo.
(mrp/yna)",sport,https://sport.detik.com/basket/d-8308012/agar-pemain-satria-muda-tetap-fit-dan-bebas-cedera
67,"Final NBA 2026 sajikan game keempat dengan epik. Laga ketat sampai satu detik terakhir, New York Knicks menang comeback 107-106 dan lebarkan jarak 3-1!
San Antonio Spurs vs New York Knicks berlangsung di Madison Square Garden, New York pada Kamis (11/6) pagi WIB. San Antonio Spurs memimpin di kuarter pertama dengan nyaman 41-22.
Banyak tembakan Knicks yang gagal. Lain sisi, Spurs mampu bertahan dengan kuat dan tidak buang-buang peluang.
Spurs masih melaju di kuarter kedua. Mereka bahkan terus jaga keunggulan dua digit poin. Malah, keunggulan terbesar Spurs mencapai 29 poin!
Di kuarter ketiga, Knicks akhirnya bangkit. Mereka mampu gaspol 13-0 perolehan poin dalam tempo empat menit!
Total di kuarter ketiga, Knicks raih 26 poin. Spurs merana cuma 14 poin.
New York Knicks terus panas dan tidak menyerah. Di kuarter empat pada dua menit terakhir, penuh drama!
Josh Hart gagal dunk-nya yang gagal pula perkecil ketertinggalan 103-104. Kemudian, dua free throw Wembanyama turut gagal untuk jauhkan jarak!
Kemudian, Knicks akhirnya bisa comeback 105-104. Tembakan Brunson masuk!
| Baca juga: Horor Victor Wembanyama | 
Dua free throw Castle masuk, gantian Spurs memimpin 106-105 di 30 detik terakhir. Brunson lalu gagal tembakannya, Fox berlari cepat mengejar bola untuk lakukan lay up, tapi bisa dibendung oleh Hukporti.
Satu detik terakhir Knicks memimpin! Tembakan tiga poin Brunson gagal masuk, tapi Anunoby menyambar bola dan masuk. Knicks memimpin 107-106!
1,2 Detik terakhir waktu tersisa. Castle gagal menembak bola dan kemenangan game ketiga buat Knicks. Comeback epik!
Tonton juga Video: Perdana, Denver Nuggets Juara NBA 2023!",sport,https://sport.detik.com/basket/d-8527256/final-nba-2026-comeback-epik-knicks-menangi-game-keempat
68,"Final NBA 2026 antara San Antonio Spurs vs New York Knicks akan mulai digelar pekan ini. Siapakah yang akan bersinar, Victor Wembanyama atau Jalen Brunson?
Partai pertama akan digelar di Frost Bank Center, San Antonio, Kamis (4/6/2026) pukul 07.30 WIB. Baik Brunson dan Wemby sedang dalam performa terbaik.
Brunson, di tahun keempatnya bersama Knicks, menjadi kepingan penting dalam perjalanan menuju final. Dengan rataan 26 poin per laga di musim reguler, ia menjadi penyumbang angka terbanyak.
Saat playoff, ia kembali tampil apik untuk membawa Knicks berturut-turut menyingkirkan Atlanta Hawks, Philadelphia 76ers, dan Cleveland Cavaliers. Gelar MVP final wilayah timur pun disabet olehnya.
Sementara Wemby tak kalah cemerlang. 'Alien' asal Prancis itu juga menjadi pencetak angka tertinggi Spurs di musim reguler, yakni 25 poin per laga.
Peraih NBA Defensive Player of the Year 2026 itu juga menjadi bintang Spurs saat menjungkalkan juara bertahan Oklahoma City Thunder, yang menjadikannya MVP final wilayah barat. Patut ditunggu siapa di antara keduanya yang akan meraih cincin juara NBA.
Ulangan final 1999, namun dengan kondisi berbeda
Spurs vs Knicks merupakan ulangan final 1999 alias 27 tahun silam. Saat itu, Spurs terlalu tangguh bagi Knicks dan akhirnya mengunci titel juara pada gim kelima dengan skor 4-1. Namun situasi semacam itu diprediksi sulit terjadi lagi.
Sebab kekuatan Spurs dan Knicks diyakini seimbang, berkaca pada hasil di musim reguler. Spurs finis kedua di wilayah barat dengan 62 kemenangan dari 82 laga, sedangkan Knicks finis ketiga di wilayah timur dengan 53 kali menang.
Knicks punya keunggulan waktu istirahat yang lebih panjang karena hanya kehilangan dua gim selama playoff. Tumbangnya tim-tim unggulan seperti Detroit Pistons dan Boston Celtics di fase awal playoff bak memberikan 'jalan tol' bagi Knicks untuk ke final.
Usai menang 4-2 atas Hawks, Knicks hanya bermain delapan gim untuk menyingkirkan Sixers dan Cavaliers, masing-masing dengan skor 4-0. Tak hanya itu, Knicks juga punya bekal kemenangan 124-113 atas Spurs di final NBA Cup 2026 pada Desember lalu.
Namun perjalanan Spurs ke final juga membuktikan mereka punya mental baja. Dengan skuad muda yang mereka miliki (rataan usia starting 5 Spurs yakni 22 tahun 346 hari), mereka bisa menumbangkan OKC yang di atas kertas lebih diunggulkan.
Masing-masing tim hanya berjarak empat kemenangan untuk mencatat sejarah. Akankah Knicks meraih titel NBA pertama sejak 1973 sekaligus mengawinkan piala? Atau Spurs, pemilik lima gelar juara, yang menambah koleksi trofi?
Jadwal final NBA 2026
Gim 1: Kamis, 4 Juni pukul 07.30 WIB (San Antonio)
Gim 2: Sabtu, 6 Juni pukul 07.30 WIB (San Antonio)
Gim 3: Selasa, 9 Juni pukul 07.30 WIB (New York)
Gim 4: Kamis, 11 Juni pukul 07.30 WIB (New York)
Gim 5: Minggu, 14 Juni pukul 07.30 WIB (San Antonio)*
Gim 6: Rabu, 17 Juni pukul 07.30 WIB (New York)*
Gim 7: Sabtu, 20 Juni pukul 07.30 WIB (San Antonio)*
*) jika diperlukan
| Baca juga: LA Lakers PHK Belasan Karyawan |",sport,https://sport.detik.com/basket/d-8513255/final-nba-2026-pembuktian-wembanyama-vs-brunson
69,"Assist bukan cuma angka di statistik NBA. Di balik setiap operan matang, ada visi, kecerdasan, dan kemampuan mengangkat performa satu tim. Sepanjang sejarah NBA, sejumlah pemain menjelma jadi ""raja assist"" yang namanya terus dikenang hingga kini.
NBA mencatat deretan pemain dengan assist terbanyak sepanjang sejarah. Beberapa di antaranya merupakan pemain aktif yang ternyata mampu mengungguli pemain-pemain hebat pada masanya.
Lantas, siapa playmaker paling berpengaruh pada setiap laga NBA? Berikut detikSport telah merangkum daftar lengkapnya. Sebagian pemain dalam daftar ini masih aktif dan berpeluang memperbaiki catatan assist mereka.
10 Pemain dengan Assist Terbanyak di NBA
1. John Stockton (15.806)
John Stockton menempati posisi pertama dengan assist terbanyak sepanjang sejarah NBA, dengan total 15.806 assist dalam 1.504 pertandingan. Stockton merupakan point guard kebanggaan Utah Jazz. Selama kariernya bersama tim (1984-2003), ia selalu membawa tim lolos ke babak playoff di 19 musim.
Tak hanya mencetak rekor sebagai assist terbanyak, Stockton juga meraih gelar pemain All-Star NBA sepuluh kali dan memegang rekor NBA untuk steal terbanyak sepanjang kariernya.
2. Chris Paul (12.552)
Chris Paul menorehkan sebanyak 12.552 assist dalam 1.370 game yang dimainkan selama kariernya. Paul bermain untuk beberapa tim, termasuk New Orleans Hornets (2005-2011), Los Angeles Clippers (2011-2017, 2025), Houston Rockets (2017-2019), Oklahoma City Thunder (2019-2020), Phoenix Suns (2020-2023), Golden State Warriors (2023-2024) dan San Antonio Spurs (2024-2025).
Pemain yang dijuluki ""The Point God"" ini tak hanya memimpin NBA dengan assist terbanyak, namun juga menerima penghargaan NBA Rookie of the Year Award, pemain terbaik NBA All-Star, dan dua medali emas olimpiade.
3. Jason Kidd (12.091)
Jason Kidd dianggap sebagai point guard terhebat dan paling serbaguna sepanjang sejarah NBA. Ia mengumpulkan total 12.091 assist dalam 1.391 pertandingan. Ini membuatnya memiliki rata-rata assist 8,7 per game.
Semasa kariernya di NBA, Kidd bermain untuk beberapa tim seperti Dallas Mavericks (1994-1996, 2008-2012), Phoenix Suns (1996-2001), New Jersey Nets (2001-2008), dan New York Knicks (2012-2013).
4. LeBron James (11.682)
Pemain ikonik LeBron James masuk deretan pemain dengan assist terbanyak sepanjang masa, dengan total 11.682 assist dalam 1.577 pertandingan. Ia bermain untuk beberapa tim seperti Cleveland Cavaliers (2003-2010, 2014-2018), Miami Heat (2010-2014), dan aktif dengan Los Angeles Lakers dari 2018 hingga sekarang.
Dijuluki sebagai ""King James"", ia telah menerima banyak penghargaan, termasuk penghargaan MVP NBA, 4 MVP Final NBA, 1 Rookie of The Year, 3 penghargaan MVP All-Star Game, hingga MVP Piala NBA perdana.
5. Steve Nash (10.335)
Steve Nash menyusul di posisi selanjutnya dengan total 10.335 assist dalam 1.217 pertandingan. Raihan ini menjadikannya pemain dengan rata-rata assist 8,5 per pertandingan. Nash bermain untuk beberapa tim semasa kariernya di NBA, yakni Phoenix Suns (1996-1998, 2004-2012), Dallas Mavericks (1998-2004), dan Los Angeles Lakers (2012-2015).
Tak hanya assist, Nash menjadi salah satu pemain terhebat NBA dalam hal tembakan three-point, dan free-throw. Ia delapan kali terpilih sebagai All-Star, 7 kali All-NBA, dan dua kali sebagai MVP NBA.
6. Mark Jackson (10.334)
Di urutan selanjutnya ada Mark Jackson dengan total 10.334 assist dalam 1.296 pertandingan. Ia memiliki rata-rata 8,0 assist per pertandingan. Semasa kariernya sebagai pemain, Jackson telah bermain untuk New York Knicks (1987-1992, 2001-2002), Los Angeles Clippers (1992-1994), Indiana Pacers (1994-1996, 1997-2000), Denver Nuggets (1996-1997), Toronto Raptors (2000-2001), Utah Jazz (2002-2003), dan Houston Rockets (2003-2004).
7. Russell Westbrook (10.163)
Russell Westbrook menempati peringkat berikutnya dengan total 10.163 assist dalam 1.271 pertandingan. Ia meraih rata-rata 8,0 assist per pertandingan.
Westbrook dikenal sebagai salah satu point guard paling eksplosif dan berpengaruh sepanjang sejarah berkat kecepatan, daya ledak, dan intensitasnya. Ia bermain untuk beberapa klub, yakni Oklahoma City Thunder (2008-2019), Houston Rockets (2019-2020), Washington Wizards (2020-2021), Los Angeles Lakers (2021-2023), Los Angeles Clippers (2023-2024), Denver Nuggets (2024-2025), dan aktif dengan Sacramento Kings mulai 2025 sampai sekarang.
| Aksi Russell Westbrook. Foto: Alonzo Adams-USA TODAY Sports | 
8. Magic Johnson (10.141)
Magic Johnson menjadi playmaker terhebat selanjutnya dengan total 10.141 assist dalam 906 pertandingan. Ia bermain untuk Los Angeles Lakers pada 1979-1991 dan 1996.
Point Guard kebanggaan Lakers ini dikenal karena kemampuan mengoper dan kepemimpinannya yang luar biasa. Johnson dikenal sebagai salah satu pemain paling mendominasi di eranya.
9. Oscar Robertson (9.887)
Oscar Robertson mencatatkan total 9.887 assist dalam 1.040 pertandingan, menjadikannya pemain dengan rata-rata assist 9,5 per pertandingan. Robertson bermain untuk dua tim selama kariernya, yaitu Cincinnati Royals (1960-1970) dan Milwaukee Bucks (1970-1974).
Pada tahun 1962, Robertson menjadi pemain pertama dalam sejarah NBA yang mencetak triple-double dalam satu musim. Ia menjadi pemain kunci untuk Bucks saat tim meraih gelar NBA pertamanya.
10. Isiah Thomas (9.061)
Isiah Thomas melengkapi daftar pemain dengan assist terbanyak, dengan total 9.061 assist dalam 979 pertandingan. Thomas menghabiskan seluruh kariernya untuk Detroit Pistons di NBA (1981-1994).
Di era NBA modern yang semakin mengutamakan tempo cepat dan spacing, peran playmaker tetap tak tergantikan. Nama-nama dalam daftar ini bukan sekadar pengumpul assist, tapi arsitek permainan yang membentuk identitas tim dan mengubah cara basket dimainkan.
| Baca juga: 7 Pemain dengan MVP NBA Terbanyak |",sport,https://sport.detik.com/basket/d-8297841/10-pemain-dengan-assist-terbanyak-sepanjang-masa-nba
70,"Sebanyak 10 tim akan meramaikan edisi kedua High School Basketball Championship (HSBC). Ada tiket kejuaraan Asia-Pasifik yang diperebutkan.
Turnamen antarpelajar SMA kategori putra dan putri ini merupakan ajang Road to Asia-Pacific. Lokasi turnamen ini akan mengambil tempat di MS Sport Arena BSD, Tangerang Selatan, pada 13 hingga 17 Mei 2026.
Total 10 tim dari 8 sekolah ambil bagian dalam perebutan tiket ke turnamen Asia Pasifik tersebut. Untuk kategori putra, ada tujuh tim yang dibagi menjadi dua grup.
Untuk Grup A diisi empat tim seperti SMA Mighty Olivant Yogyakarta, SMA Pangudi Luhur Jakarta, SMA Bina Tunas Bangsa Jakarta, dan SMA PSKD Jakarta. Kemudian tiga tim bersaing di Grup B adalah SMA Jubilee Jakarta, SMA Cita Hati Surabaya, dan Cambridge School Surabaya.
Sementara untuk kategori putri ada tiga tim yaitu, PBK Penabur Cirebon, SMA PSKD Jakarta, dan SMA Jubilee Jakarta. Tidak ada pembagian grup untuk kategori putri.
Ketua Panitia Pelaksana HHSBC Murni Setionegoro, persaingan memperebutkan tiket ke kejuaraan Asia Pasifik di Singapura tahun ini dipastikan berlangsung seru. Karena di kategori putra, SMA Jubilee Jakarta akan berjuang mempertaruhkan statusnya sebagai juara bertahan.
Lawan SMA Jubilee dipastikan tidak ringan. Mereka akan mendapatkan perlawanan sengit sejak babak penyisihan grup dari Cambridge School yang merupakan Runner up DBL di Jawa Timur.
Kemudian dari sektor putri, BPK Penabur Cirebon akan pertaruhkan statusnya sebagai juara bertahan melawan para juara di kejuaraan basket antar SMA. SMA PSKD Jakarta merupakan juara DBL Jakarta Series 2025 dan SMA Jubilee Jakarta berstatus juara DBL Jakarta 2026.
""Persaingan High School Basketball Championship tahun ini diprediksi akan berlangsung seru. Status juara bertahan Jubilee di sektor putra dan Penabur di kategori putri akan menjadi motivasi tersendiri bagi pemain untuk berjuang habis-habisan di pertandingan nanti,"" kata Murni di Media Centre Kemenpora, Jakarta, Senin (11/5/2026).
""Persaingan akan panas sampai partai puncak karena memang yang bertanding di HSBC dipilih secara selektif. Mengingat, pemenang dari kejuaraan ini akan bersaing melawan tim-tim asal Asia Pasifik di Singapura nanti,"" ujarnya menambahkan.
Adapun kejuaraan Bola Basket Asia-Pasifik akan berlangsung di Singapura pada 22 hingga 28 Juni 2026. Turnamen ini nantinya akan diikuti 24 tim U-18 dari berbagai negara di Asia Pasifik dengan masing-masing 12 tim baik dari kategori putra maupun putri.
""BAPOPSI mendukung penuh penyelenggaraan HSBC karena ini kegiatan yang menjadi wadah pebasket muda membela Indonesia di ajang internasional,"" tutur Sekjen BAPOPSI Bayu Rahadian.
""Ini event yang bagus karena kegiatan memberikan kesempatan kepada seluruh pebasket di sekolah untuk bermain dan menambah jam terbang,"" ucap Sekjen DPP Perbasi Ratana Arya Krishnan.
Hadir Chimaobi sebagai perwakilan pemain putra yang akan bersaing di HSBC, ia mengaku termotivasi hadapi turnamen ini. Bersama tim, Chima sudah persiapkan diri untuk mempertahankan gelar juara dan berangkat ke kejuaraan Asia Pasifik.
""Senang bisa membela tim Jubilee untuk bersaing perebutkan tiket ke kejuaraan di Asia Pasifik. Kami telah melakukan persiapan matang untuk hadapi turnamen ini,"" ujar Chima.
""Kami termotivasi setelah kemarin jadi semfinalis kini kami bertekad untuk perbaiki peringkat, jadi juara. Persaingan pasti sengit karena perebutkan tiket berlaga di Asia Pasifik. Kami sudah persiapkan diri dengan baik dan fokus di pertandingan nanti,"" tutur perwakilan pemain putri, Kalila.
Peserta HSBC Road to Asia-Pacific:
Putri
1. BPK Penanur Cirebon
2. SMA PSKD Jakarta
3. SMA Jubilee Jakarta
Putra
1. Mighty Olivant Yogyakarta
2. Pangudi Luhur Jakarta
3. Bina Tunas Bangsa Jakarta
4. SMA PSKD Jakarta
5. SMA Jubilee Jakarta
6. Cita Hati Surabaya
7. Cambridge School Surabaya
(mro/raw)",sport,https://sport.detik.com/basket/d-8484979/10-tim-sma-berburu-tiket-kejuaraan-asia-pasifik
71,"Campus League Basketball 2026 Seri Nasional telah resmi bergulir. Momen ini diharapkan bisa menjadi awal dari mimpi besar.
Ajang ini berlangsung di Basketball Court Universitas Pelita Harapan (UPH), Tangerang, Banten. Seri Nasional berlangsung pada 7-17 Juni 2026, yang mempertemukan wakil terbaik dari lima regional dari Surabaya, Yogyakarta, Samarinda, Bandung, dan Jakarta.
""Hari ini hari yang sangat spesial karena The Nationals pertama, kalian jadi sejarah dari perjalanan panjang Campus League,"" kata CEO Campus League, Ryan Gozali, dalam keterangan persnya.
""Kami terinspirasi dengan liga kampus dari negara-negara maju dimana olahraga kampus bisa jadi kebanggaan untuk banyak orang. Kami berharap banyak talenta baru yang muncul, jadi tunjukkan level tertinggi kalian. Semoga ini awal dari mimpi besar kami,"" sambungnya.
Sejumlah pertandingan seru berlangsung di hari pertama Baskeltball Campus League The Nationals 2026. Secara mengejutkan tim putra Universitas Kristen Satya Wacana menang dramatis 55-54 atas Institut Perbanas di Grup B.
Pertandingan berlangsung ketat sejak awal hingga akhir. Kedua tim sama-sama menunjukkan semangat juang tinggi dalam upaya membuka The Nationals dengan hasil positif.
Beruntung bagi UKSW, mereka tetap mampu menjaga ketenangan di momen-momen akhir pertandingan. UKSW pun menutup laga dengan kemenangan tipis 55-54.
Stevie Willie Saputra menjadi motor serangan UKSW dengan sumbangan 18 poin. Samuel Kafiar turut membantu lewat kontribusi delapan poin.
Dari kubu Perbanas, Baltazar Noerisqun membukukan 14 poin. Fathur Rahman menambahkan delapan poin dalam perjuangan Perbanas yang nyaris memaksakan comeback.
Kemenangan ini menjadi bekal berharga bagi UKSW untuk menghadapi laga berikutnya sekaligus menjaga peluang mereka bersaing di fase grup The Nationals.
Sementara itu pada pertandingan lainnya, tim putri Universitas Pelita Harapan menang 61-51 atas Binus. Sedangkan, tim putri Seogijapranata Catholic University sukses menang telak 92-27 atas Universitas Katolik Parahyangan.
Kemenangan besar juga berhasil diraih tim putri Universitas Surabaya 89-45 atas Universitas Ciputra Makassar.
(ran/pur)",sport,https://sport.detik.com/basket/d-8522258/campus-league-basket-seri-nasional-diharapkan-jadi-awal-mimpi-besar
72,"Pebasket asing Bogor Hornbills, Stephaun Branch, mengirim peringatan kepada Pelita Jaya jelang Game 5 Final IBL GoPay 2026. Setelah memaksa laga penentuan, Branch menegaskan timnya akan tampil lebih ganas demi merebut gelar juara.
Bogor Hornbills baru saja menjaga asa juara usai menaklukkan Pelita Jaya 85-72 pada Game 4 Final IBL GoPay 2026 di GOR Laga Tangkas, Kabupaten Bogor, Jumat (26/6/2026).
Kemenangan tersebut membuat kedudukan seri best of five menjadi imbang 2-2. Gelar juara pun akan ditentukan pada Game 5 di PJ Arena, Jakarta, Minggu (28/6).
""Kami bermain nothing to lose, karena dengan situasi seperti ini kami tidak bisa hanya bermain biasa saja. Jika kami kalah malam ini, maka seri ini berakhir,"" kata Branch seusai laga, dikutip dari laman resmi IBL.
Tekanan besar justru menjadi motivasi tambahan bagi Bogor Hornbills. ""Jadi senang bisa memenangkan laga,"" ujarnya.
Janji Tampil Lebih Baik di Game 5
Branch memastikan kemenangan di Game 4 belum membuat timnya puas. Ia bertekad membawa performa yang lebih baik pada laga penentuan.
""Kami akan kembali lagi dengan penampilan yang lebih baik di Game 5,"" tegasnya.
Ucapan Branch tentu menjadi sinyal bahaya bagi Pelita Jaya. Jika mampu menang pada Game 5, Pelita Jaya akan merebut gelar juara IBL untuk kedua kalinya dalam tiga musim terakhir setelah menjadi kampiun pada 2024.
Sebaliknya, kemenangan akan menjadi sejarah bagi Bogor Hornbills yang baru lima musim berkiprah di IBL dan kini berpeluang meraih gelar juara pertama.
Branch Tampil Menggila
Branch menjadi bintang kemenangan Bogor Hornbills pada Game 4. Pebasket asal Amerika Serikat itu mencetak 37 poin, termasuk 22 poin pada babak pertama dan 15 poin setelah jeda.
Akurasi tembakannya juga impresif. Branch memasukkan 14 dari 19 percobaan tembakan, termasuk lima tembakan tiga angka. Ia turut menyumbang empat assist, dua rebound, dan satu steal. Performa tersebut membuat Pelita Jaya wajib memberi perhatian ekstra kepada pemain yang telah masuk 1.000 Points Club IBL itu.
Game 5 Final IBL GoPay 2026 akan berlangsung di PJ Arena, Jakarta, Minggu (28/6/2026). Untuk pertama kalinya sejak format best of five diterapkan, juara IBL akan ditentukan hingga pertandingan kelima.
Hasil Sementara Final IBL GoPay 2026
| Game | Hasil | 
|---|---|
| Game 1 | Pelita Jaya 90-87 Bogor Hornbills | 
| Game 2 | Pelita Jaya 63-83 Bogor Hornbills | 
| Game 3 | Bogor Hornbills 61-74 Pelita Jaya | 
| Game 4 | Bogor Hornbills 85-72 Pelita Jaya |",sport,https://sport.detik.com/basket/d-8549729/bintang-bogor-hornbills-tebar-ancaman-untuk-game-5-pj-wajib-waspada
73,"Dewa United Basketball baru saja membuka markas baru untuk akademi mereka. Ini jadi cara Dewa United ikut membangun masa depan basket nasional.
Pembinaan usia dini menjadi salah satu fondasi yang menentukan bagaimana wajah olahraga basket dalam beberapa tahun mendatang. Bukan hanya tentang menemukan pemain berbakat, tetapi juga menyediakan ruang yang memungkinkan talenta muda berkembang secara konsisten, terarah, dan berkelanjutan.
Semangat itulah yang coba dibangun Dewa United melalui Gedung Dewa United Basketball Academy di Gading Serpong, Tangerang, Banten yang resmi dikukuhkan Sabtu (8/8). Setelah hampir tiga tahun menjalankan program akademi sejak terlibat di kompetisi Indonesia Basketball League (IBL), Dewa United menghadirkan fasilitas yang lebih lengkap untuk menunjang proses pembinaan para atlet muda.
Gedung Latihan Dewa United Basketball Academy langsung diresmikan Gubernur Banten Andra Soni. Hadir juga dalam peresmian tersebut Founder JHL Group Jerry Hermawan Lo, CEO Dewa United Academy Archangela Lina, Presiden Dewa United Basketball Club Michael Ow, Kapolres Tangsel AKBP Boy Jumalolo.
CEO Dewa United (Group) Lexyndo Hakim, menyebut pembangunan fasilitas tersebut merupakan bagian dari upaya mempersiapkan masa depan basket Indonesia.
""Jadi kalau akademinya sendiri kan memang sudah hampir tahun ketiga ya setelah klub profesional kita terlibat di IBL, kemudian kita bentuk untuk akademinya. Dan hari ini kita siapkan fasilitas lebih buat adik-adik yang berlatih di Dewa United Academy,"" ujar Lexyndo dalam rilis kepada detikSport.
Namun, akademi ini tidak mau hanya untuk memenuhi kebutuhan Dewa United. Sebab mereka punya cita-cita yang lebih besar, yakni menjadikan pembinaan di level akar rumput sebagai salah satu fondasi kekuatan basket nasional.
""Ini bukan sekadar soal hari ini atau Dewa United saja, tetapi bagaimana kita bisa melihat masa depan basket Indonesia. Dalam 10 hingga 15 tahun ke depan, diharapkan kekuatan Tim Nasional Basket Indonesia bisa terus berkembang dan berawal dari pembinaan di sini,"" sambung Lexyndo.
Dewa United Basketball Academy dibangun di atas lahan sekitar 2.100 meter persegi. Proses pembangunannya berlangsung selama kurang lebih dua tahun, dengan bangunan yang terdiri dari tiga setengah lantai.
Rancangan tersebut dibuat untuk mengakomodasi kebutuhan atlet secara menyeluruh. Latihan teknis bukan satu-satunya aspek yang diperhatikan. Pengembangan fisik, nutrisi, kesehatan, pemulihan, hingga pengalaman mengenal perjalanan olahraga juga ditempatkan dalam satu ekosistem.
Lexyndo menggambarkan akademi ini sebagai rumah bagi calon talenta basket Indonesia.
""Dewa United Basketball Academy ini bukan sekadar gedung latihan biasa, melainkan rumah bagi para calon talenta dan generasi baru bola basket Indonesia di masa depan,"" ujarnya.
Perjalanan memasuki akademi dimulai dari area basement yang difungsikan sebagai tempat parkir. Area tersebut memiliki kapasitas hingga 32 mobil dan dilengkapi tempat parkir sepeda motor.
Naik ke lantai pertama, suasananya berubah menjadi lebih terbuka. Terdapat lobi dan kafeteria yang disiapkan untuk mendukung kebutuhan para atlet muda. Anak-anak yang berlatih dapat menikmati makanan dan minuman dengan pilihan yang lebih beragam dan bernutrisi.
Di lantai yang sama terdapat pro shop yang menyediakan perlengkapan olahraga seperti sepatu basket dan berbagai merchandise.
Pusat aktivitas basket berada di lantai kedua. Selain area kantor yang ditempati tim manajemen dan staf pendukung, terdapat lapangan basket dengan lantai kayu berlisensi FIBA.
Fasilitas tersebut terdiri dari tiga court multifungsi. Dalam kebutuhan pertandingan, ketiganya dapat dikonfigurasi menjadi satu lapangan utama. Area tersebut juga dilengkapi tribun teleskopik di sisi kiri dan kanan, sehingga dapat menyesuaikan kebutuhan penyelenggaraan pertandingan.
Sementara untuk latihan, konfigurasi lapangan dapat digunakan dengan total enam ring basket. Dengan fasilitas tersebut, beberapa kelompok atlet dapat menjalani program latihan secara bersamaan.
Bagi akademi yang menempatkan pembinaan usia dini sebagai salah satu fokus utama, fleksibilitas fasilitas menjadi penting. Anak-anak tidak hanya datang untuk bermain, tetapi menjalani proses latihan yang dirancang untuk membangun kemampuan mereka secara bertahap.
Perjalanan seorang atlet tidak berhenti ketika sesi latihan selesai. Maka dari itu, Dewa United Basketball Academy turut menyediakan fasilitas pendukung untuk pengembangan fisik dan kesehatan.
Di lantai atas terdapat pusat kebugaran yang dirancang untuk kebutuhan atlet muda. Program strength and conditioning diberikan untuk membantu meningkatkan kekuatan, kebugaran, serta kemampuan fisik mereka secara terukur.
Fasilitas tersebut dilengkapi locker room dan area medis dengan ruang fisioterapi. Para atlet mendapatkan dukungan dari terapis olahraga profesional, baik untuk menjaga kondisi tubuh, menjalani proses recovery, maupun menangani cedera.
Pendekatan tersebut menunjukkan bahwa pembinaan di akademi tidak hanya diarahkan pada kemampuan teknis bermain basket. Ada aspek fisik dan kesehatan yang turut dipersiapkan sejak awal agar para atlet memiliki fondasi yang lebih kuat dalam menjalani karier.
Pada akhirnya, Dewa United Basketball Academy bukan hanya tentang tiga lapangan basket, gym, ruang fisioterapi, atau deretan trofi yang dipajang di museum. Lebih jauh, fasilitas tersebut menjadi bagian dari sebuah gagasan mengenai bagaimana masa depan basket Indonesia dipersiapkan.
(mrp/nds)",sport,https://sport.detik.com/basket/d-8611410/akademi-dewa-united-punya-markas-baru-demi-masa-depan-basket-ri
74,"Timnas basket 3x3 Indonesia langsung menelan dua kekalahan dalam babak kualifikasi FIBA 3x3 Women's Series 2026. Mereka gagal lanjut.
Berlangsung di Manila, Filipina, Kamis (7/5/2026), Indonesiaberada di Draw B, bersama Mongolia dan Singapura.
Tim yang diperkuat Angelica Jennifer Candra, Diva Intan Nurfadillah, Evelyn Fiyo, dan Thasya Heri Saputra ini pun memulai perjuangannya hari ini.
Hasilnya, mereka kalah telak dari Singapura dan Mongolia dengan skor masing-masing laga 9-20 dan 9-21.Indonesia pun gagal lolos ke babak selanjutnya setelah berada di peringkat terakhir usai mengoleksi 18 poin.
Mereka kalah dari Mongolia yang berada di posisi pertama setelah mengantongi dua kemenangan dengan 39 poin, serta Singapura di peringkat kedua dengan koleksi 36 poin, menang sekali dan kalah sekali.
Pencapaian ini tentu memutuskan harapan Pelatih Kepala Timnas Basket 3x3 Putri Fandi Andika Ramadhani yang ingin atlet-atletnya dapat melewati pertandingan dengan maksimal.
""Kami akan berjuang semaksimal mungkin untuk bisa melewati setiap pertandingan dengan baik. Jadi, anak-anak harus bisa menikmati pertandingan dan menjadikan ini bagian dari proses menjadi lebih kuat,"" kata Rama, sebelumnya.
Ajang Women's Series ini sedianya juga menjadi bagian pembentukan tim Indonesia menuju Asian Games di Nagoya, September mendatang. Selain diharapkan mendapatkan komposisi tim yang kompetitif.
Berikut Hasil Kualifikasi Women's Series Draw B:
Mongolia vs Indonesia 21-9
Singapura vs Indonesia 20-9
Mongolia vs Singapura 18-16
(mcy/yna)",sport,https://sport.detik.com/basket/d-8479196/2-kali-kalah-timnas-basket-3x3-ri-tak-lolos-kualifikasi-womens-series
75,"Baru saja selesai digelar Beavers Tournament 2026. Ini jadi ajang adu kehebatan para komunitas basket di Jakarta dan Tangerang.
Beavers Tournament digelar dalam dua seri, yakni Seri 1 GOR Grogol, Jakarta Barat, 19-28 Juni dan Seri 2 di Beavers Arena Mall Alam Sutera, Tangerang, 3-12 Juli. Ada total 1.433 pemain dari 110 tim di kategori putra serta putri.
""Beavers Tournament 2026 ini diikuti oleh 110 tim peserta dengan 12 kategori putra putri dan jumlahnya ada 1.433 pemain serta total 213 laga. Ajang ini sekaligus juga mengenalkan rumah baru klub Beavers yakni Beavers Arena yang terletak di Mall, Alam Sutera, Kota Tangerang, "" Kata Illosa Nathania selaku Ketua Panitia Beavers Tournament 2026 dalam rilis kepada detikSport.
Menariknya ajang ini juga diikuti oleh sejumlah pemain IBL aktif dan non aktif untuk menaikkan level turnamen lebih kompetitif. Nama-nama seperti Daniel Wenas, Aymane Arip, Avin Kurniawan, Januar Kuntara, Avan Seputra,Galank Gunawan, Rizal Falconi, hingga pemain veteran Bima Riski Ardiansyah dan Kelly Purwanto turut meramaikan.
""Turnamen ini juga sebenarnya menjadi salah satu wadah untuk kategori 19-35 putra putri,dimana kategori usia tersebut kompetisinya tidak banyak. Kami juga menyusun peraturannya pemainnya mengedepankan unsur yang fair dan kompetitif agar para peserta yang ikut di dalamnya juga berimbang. Misalnya dalam kategori 19-35 putra setiap tim dibebaskan menurunkan berapapun pemain aktif IBL, tapi cuma diperbolehkan dua pemain di atas usia 35 tahun,"" sambung Illosa.
| Baca juga: Beavers Juara Liga Basket Putri Jakarta 2025 | 
""Dan terbukti di lapangan permainan setiap tim yang bertemu itu sengit dan tidak terlalu timpang. Hal ini akhirnya berimbas kepada penonton yang menyaksikan turnamen ini selalu padat menyaksikan setiap game baik dari berbagai kategori.""
Salah satu kategori yang paling bergengsi pada turnamen ini adalah di KU 19-35 Putra. Pada laga final, MVP berhasil menjadi juara usai mengalahkan Damon Ballers 59-53, sementara peringkat ketiga diisi komunitas basket Weathers.
""Beavers turnamen ini pecah banget sih. Apalagi momennya juga pas setelah musim IBL berakhir. Jadi beberapa pemain IBL aktif juga bisa ikutan. Selain itu ajang ini juga seperti reuni antar pemain yang pernah bertemu di ajang kompetisi antar klub, kampus dan kejuaraan basket lainnya,"" papar Pelatih tim MVP yang juga eks pebasket IBL Yogi Da Silva.
""Suasana kekeluargaan juga kental, walaupun ujung-ujungnya kita semua pastinya ingin menang saat membela timnya masing-masing. Semoga Beavers terus konsisten mengadakan turnamen ini ,supaya semakin banyak wadah untuk berkompetisi termasuk bagi para pemain yang levelnya bukan pemain pro.""
(mrp/aff)",sport,https://sport.detik.com/basket/d-8574147/beavers-tournament-2026-ketika-komunitas-basket-beradu-skill
76,"Gelaran IBL All Star akan kembali lagi tahun ini. Ajangnya pemain-pemain bintang tersebut akan dilangsungkan di Bandung, pada 11 April mendatang.
Direktur Utama Indonesia Basketball League (IBL) Junas Miradiarsyah mengatakan IBL All Star 2026 menerapkan format yang berbeda dari biasanya. Kapten tim dipilih oleh fans dalam sistem voting.
Hasilnya, nama Yudha Saputera meraih peringkat pertama dengan suara terbanyak, kemudian Andakara Prastawa menempati peringkat kedua. Keduanya pun bakal berduel di lapangan dengan tim yang mereka masing-masing pilih, termasuk pelatihnya.
Total akan ada 24 pemain berisi pemain lokal dan asing, yang masing-masing dipilih Yudha dan Prastawa secara bergantian, dengan hasil akhir tim berisi 12 pemain.
""Ini sesuatu inovasi yang baru lagi. Kami ingin melibatkan pemain itu menyusun sedemikian rupa tim agar bisa menyenangkanfans-nya. Kan ini ujung-ujungnya untukfansya,"" kata Junas saat ditemui di kawasan Jakarta Selatan, seperti dikutip Selasa (17/3/2026).
Sehubungan hasil tersebut, Junas juga menilai, kedua kapten itu memang pantas memimpin tim All Star tahun ini. Mereka tengah dalam peak performance-nya.
""Meskipun Prastawa secara usia lebih senior dari Yudha, tapi kita lihat baik di Tim Nasional kemarin di Thailand, statistik di musim ini, dan meskipun Prastawa tahun ini datang dari bangku cadangan ya. Tapioverallstatistiknya sangat baik dan kita lihatfansnya juga cukup banyak,"" tuturnya.
| Baca juga: Mario Wuysang Iri Lihat Format IBL Saat Ini | 
Slam Dunk Contest Belum Diputuskan
Meskipun IBL All Star sudah menetapkan kapten kedua tim, liga masih membutuhkan waktu guna memutuskan slam dunk contest.
Junas mengatakan IBL masih perlu memastikan profil pemain yang mumpuni untuk melakukan slam dunk tersebut.
""Jadi bukan sekadar bisas lam dunk, tapi memberikan show yang baik buat fans. Kedua, kami perlu melihat kontestannya itu cukup. Ya, kalau hanya dua, hanya tiga, kan tidak bisa dipaksakan,"" tuturnya.
""Artinya pemain yang punya kapabilitas untuk melakukan slam dunk mungkin banyak, tetapi slam dunk dengan kapasitas yang cukup tinggi, ya kan kita mesti lihat.""
Berkaitan itu, IBL All Star 2026 juga bakal menyajikan banyak kegiatan seperti musik, festival, hingga guest star.
""Di Bandung terkenal dengan kota yang sarat kreativitas, jadi banyak musisi dan inovasi anak muda. Di luar itu akan ada beberapa surprise guest yang akan diumumkan hingga paska Lebaran,"" ujar Junas.
Lihat juga Video Momen Gading Marten Bertemu Gibran di Solo Jelang IBL 2022",sport,https://sport.detik.com/basket/d-8404148/ibl-all-star-2026-hadir-di-kota-kembang-mulai-11-april
77,"Indonesia Basketball League (IBL) 2026 memang sudah berjalan sejak Januari. Tapi, Pelita Jaya tiba-tiba mendapat tambahan energi untuk mengarungi musim ini, apa itu?
Pelita Jaya tengah berjuang untuk kembali menjadi tim terbaik, setelah musim lalu kalah dari Dewa United di final. Start Pelita terbilang baik karena mereka memuncaki klasemen IBL dengan tujuh kemenangan dari tujuh laga.
Meski demikian, start apik itu tidak bikin manajemen puas dan mereka terus berbenah untuk menjalani musim reguler yang menantang ini. Salah satunya adalah mencari sokongan ""tenaga"" di luar lapangan, dalam hal ini sponsor.
Pelita Jaya baru saja meresmikan kerjasama dengan perusahaan air minum daerah, PAM Jaya, yang diumumkan per, Jumat (6/2/2026), dengan durasi satu tahun dan opsi perpanjangan setahun
Direktur Utama PAM Jaya, Arief Nasrudin, menegaskan bahwa kemitraan ini merupakan langkah konkret perusahaan untuk mengedukasi publik mengenai pentingnya mengonsumsi air berkualitas demi kesehatan tubuh.
Arief yakin bahwa Pelita Jaya adalah media yang tepat untuk melakukan kampanye tersebut, karena merupakan tim basket kebanggaan masyarakat ibu kota.
""PAM Jaya ingin mengampanyekan terkait komitmen menyelesaikan sambungan pipa air bersih kepada masyarakat serta pentingnya keberadaan air bersih pada masa depan,"" kata Arief dalam rilis kepada detikSport.
Dalam kesepakatan tersebut terdapat lima poin utama, salah satunya adalah penempatan logo PAM Jaya pada berbagai atribut resmi klub termasuk jersey.
Selain itu, kerja sama ini mencakup eksposur perusahaan di media digital klub, pelaksanaan kegiatan tanggung jawab sosial (CSR), serta penyediaan fasilitas tiket pertandingan.
Para penggemar juga akan dimanjakan dengan kehadiran merchandise co-branding eksklusif antara PAM Jaya dan Pelita Jaya Jakarta selama musim berjalan.
Presiden Pelita Jaya, Andiko Ardi Purnomo, menyambut antusias kolaborasi ini karena dinilai memiliki kesamaan visi dalam mewujudkan masyarakat sehat.
Meski tak mau menyebut nilai kerjasama itu secara spesifik, Andiko memastikan kalau jumlahnya sangat membantu operasional klub.
""Yang terpenting bukan soal nilainya tetapi dukungan PAM Jaya kepada kami,"" ujar Diko.
(mrp/bay)",sport,https://sport.detik.com/basket/d-8345879/pelita-jaya-dapat-tenaga-baru-arungi-ibl-2026
78,"Satria Muda Bandung punya target juara Indonesia Basketball League (IBL) 2026. Mereka tidak cuma disokong amunisi bagus di dalam, tapi juga luar lapangan.
Satria Muda selalu jadi favorit juara di setiap pergelaran IBL, termasuk yang akan bergulir bulan ini. Musim lalu, Satria Muda yang finis keempat di musim reguler terhenti langkanya di semifinal usai kalah dari Pelita Jaya Jakarta.
Oleh karenanya, Satria Muda pun mempersiapkan diri semaksimal mungkin menyambut musim baru. Tidak cuma soal sokongan pemain dan pelatih berkualitas, tapi juga dukungan finansial untuk operasional tim.
Untuk itu, Satria Muda baru saja menjalin kerjasama dengan brand minuman energi lokal, Extrajoss Ultimate. Ini jadi kali pertama merk tersebut masuk ke ranah basket nasional.
""Kolaborasi ini lahir dari kesamaan nilai dan tekad juara yang kuat dari tim kebanggaan Bandung, Satria Muda. Basket merupakan olahraga yang dinamis dan membutuhkan tingkat energi yang tinggi. Hal ini sejalan dengan produk Extrajoss Ultimate yang fokus pada natural energy dan mendukung gaya hidup aktif,"" ujar Arwin Nugraha Hutasoit selaku Head of Marketing PT Bintang Toedjoe, Rabu (7/1/2026).
Di tengah meningkatnya kesadaran masyarakat, khususnya anak muda, terhadap pentingnya hidup sehat dan aktif, Extrajoss Ultimate ingin ikut serta di dalamnya. Tak heran klub Satria Muda Bandung dinilai sebagai partner yang tepat untuk memulai perjalanan Extrajoss di dunia basket.
| Satria Muda Bandung jalin kerjasama dengan sponsor baru jelang IBL 2026. (Foto: dok.Satria Muda Bandung). | 
Sebagai salah satu klub basket legendaris dan berprestasi di Indonesia, Satria Muda kini jadi identitas olahraga Kota Bandung yang lekat dengan julukan ""Kota Juara"" atau #CityOfChampions.
Peluncuran tim dan jersey musim 2026 menjadi simbol arah baru klub, sekaligus komitmen untuk terus berkontribusi bagi ekosistem olahraga nasional.
""Dengan mendukung Satria Muda, kami ingin mengajak anak muda untuk beraktivitas dengan semangat tinggi, namun tetap menjaga keseimbangan antara energi, kesehatan dan gaya hidup yang menyenangkan,"" papar Arwin.
Menjadi klub basket pertama yang berkolaborasi dengan Extrajoss Ultimate, Managing Director Satria Muda Bandung, Christian Ronaldo Sitepu, memberikan apresiasi tinggi. Dia berharap kedua pihak bisa memberikan kontribusi positif untuk basket Tanah Air.
""Dukungan Extrajoss Ultimate menjadi dorongan bagi kami untuk terus bermain dengan intensitas tinggi, disiplin dan mental juara, sekaligus menginspirasi generasi muda untuk mewujudkan mimpi dengan gaya hidup aktif dan mencintai olahraga, khususnya basket,"" ujar pria yang akrab disapa Dodo itu.
(mrp/nds)",sport,https://sport.detik.com/basket/d-8296892/satria-muda-dapat-energi-baru-sambut-ibl-2026
79,"New York Knicks merengkuh gelar juara NBA 2026. Knicks meraihnya dengan comeback dramatis di kuarter keempat, di markas sang lawan San Antonio Spurs.
Partai keempat final NBA 2026 berlangsung di Frost Bank Center, markas Spurs, Minggu (14/6/2026) pagi WIB. Tuan rumah dalam posisi tertinggal 1-3 dan wajib menang untuk menjaga asa.
Spurs memulai dengan baik dan memenangi kuarter pertama 23-13. Tim besutan Mitch Johnson itu menjaga keunggulan untuk menutup half-time 42-37 atas Knicks.
Tapi Knicks bangkit di kuarter keempat, dari posisi tertinggal 65-72 di kuarter ketiga. Mereka berhasil mengejar dan berbalik memimpin 92-90 dengan sisa 16 detik.
Satu lemparan bebas yang berhasil dari Mikal Bridges memperlebar keunggulan Knicks. Spurs sudah mencoba membendung Knicks dengan fouls dan mengincar lewat tembakan tiga poin.
Namun percobaan-percobaan dari Victor Wembanyama tak membuahkan hasil. Alhasil Knicks memastikan diri memenangi gim kelima dari tujuh seri dengan skor 94-90.
Ini berarti gelar juara NBA ketiga buat Knicks, sekaligus titel pertama Knicks sejak 1973 silam. Sementara Spurs masih memperpanjang puasa sejak kali terakhir jadi kampiun pada 2014.
(raw/krs)",sport,https://sport.detik.com/basket/d-8531275/final-nba-2026-comeback-di-markas-spurs-knicks-juara
80,"Perbasi DKI Jakarta memasang target ambisius di Pekan Olahraga Nasional 2028. Mereka membidik sapu bersih medali emas dari seluruh nomor basket, baik 5on5 maupun 3x3.
Ketua Perbasi DKI Jakarta Lexyndo Hakim menegaskan target tersebut seiring tren positif yang sudah ditunjukkan dalam beberapa edisi terakhir.
PON 2028 akan digelar di Nusa Tenggara Timur dan Nusa Tenggara Barat. Cabang olahraga basket mempertandingkan dua disiplin, yakni 5on5 dan 3x3.
Secara prestasi, DKI Jakarta cukup dominan di nomor 5on5. Tim putra sukses meraih emas dalam dua edisi terakhir, sementara tim putri berstatus juara bertahan usai menjadi yang terbaik di PON 2024.
Namun di nomor 3x3, hasilnya belum maksimal. DKI Jakarta gagal meraih medali, dengan emas masing-masing direbut Jawa Timur untuk sektor putra dan Daerah Istimewa Yogyakarta di sektor putri.
Lexyndo berharap tren positif di 5on5 bisa berlanjut, sekaligus memperbaiki capaian di 3x3 agar target sapu bersih bisa tercapai.
""Di PON 2028 kami ingin yang putra bisa tiga kali (emas) beruntun untuk 5on5 dan yang putri 5on5 ingin back to back. Kami juga punya tantangan baru 3x3 baik putra maupun putri juga bisa menyumbangkan emas untuk kontingen DKI Jakarta. Semuanya empat-empatnya. Insyaallah sapu bersih,"" ujar Lexyndo di Kantor Dinas Pemuda dan Olahraga (Dispora) DKI Jakarta, Rabu (22/4/2026).
Siapkan Kejurda 3x3 dan Program Pembinaan
Untuk mewujudkan target tersebut, Perbasi DKI Jakarta menyiapkan sejumlah langkah strategis, salah satunya menggelar Kejuaraan Daerah (Kejurda) 3x3.
Turnamen ini sekaligus mendukung program DPP Perbasi yang menargetkan tim 3x3 Indonesia lolos ke Olimpiade.
""Arahan dari DPP jelas ya akan ada kejurnas 3x3 sehingga kita pasti akan bikin Kejurda 3x3. Fokus kita saat ini pada Intercity Evergreen setelah itu kita akan selenggarakan Kejurda 3-3. Akan kita lakukan tahun ini,"" ujar Lexyndo.
Incar Lapangan Khusus Basket
Selain program kompetisi, Perbasi DKI Jakarta juga berencana membangun lapangan khusus basket sebagai fasilitas pembinaan jangka panjang.
""Teman-teman Perbasi Jakarta berkeinginan untuk memiliki lapangan basket sendiri. Salah satu tantangan di periode kedua ini adalah menghasilkan warisan dimana kita ingin ada lapangan basket sendiri yang bisa bermanfaat buat anak-anak basket se-Jakarta,"" ujarnya.
""Kami masih nyari usulan-usulan lokasi. Sudah masuk beberapa. Tinggal finalisasi. Doakan InsyaAllah segera rampung.""
""Di Jakarta memang banyak GOR tapi GOR di Jakarta itu lebih banyak untuk multicabor. Kami tidak bisa mengunci lapangan basket atau GOR itu hanya untuk pelatda basket. Kami harus saling berbagi dengan cabor lain. Oleh karena itu teman-teman ingin memiliki lapangan khusus basket semoga bisa terwujud,"" ujar Lexyndo.
(mcy/krs)",sport,https://sport.detik.com/basket/d-8455963/perbasi-dki-target-sapu-bersih-pon-2028-bidik-4-emas-dari-5on5-dan-3x3
81,"Dinamika klasemen Indonesian Basketball League GoPay 2026 terus berubah seiring ketatnya persaingan antarklub papan atas. Musim ini menghadirkan ritme pertandingan yang cepat, intens, dan penuh tekanan, sehingga konsistensi performa menjadi faktor penentu.
Pertemuan Pelita Jaya Jakarta dan Hangtuah Jakarta di Jakarta menjadi salah satu laga yang merefleksikan ketatnya perebutan posisi elit.
Pelita Jaya Bakrie Jakarta kembali bermain di kandang sendiri setelah mencatat kemenangan dramatis atas RANS Simba Bogor dengan skor tipis 73-72, yang semakin mempertegas mental juara mereka dalam situasi krusial. Performa ini membuat Pelita Jaya semakin kokoh di puncak klasemen sementara.
Klub basket yang telah berdiri 37 tahun ini dikenal mampu mengubah laga kandang menjadi panggung hiburan olahraga kelas internasional, dengan atmosfer arena yang intens dan experience menonton yang terasa premium.
Hangtuah Jakarta datang dengan modal konsistensi yang solid sepanjang musim. Meski harus mengakui keunggulan Satria Muda Pertamina Bandung, The FigHTers tetap menunjukkan karakter kompetitif yang stabil.
Sebelumnya, mereka sukses membawa pulang kemenangan atas Satya Wacana Salatiga, yang menegaskan kapasitas mereka sebagai tim papan atas.
Saat ini Hangtuah menempati peringkat empat klasemen dengan total 14 poin hasil dari lima kemenangan dan empat kekalahan. Jarak poin yang tipis dengan pemuncak klasemen membuat setiap pertandingan memiliki nilai strategis, termasuk laga tandang ke markas Pelita Jaya.
Match ini juga menjadi momen penting yang menandai separuh perjalanan Hangtuah di regular season IBL 2026.
Jangan lewatkan keseruan pertandingan pada:
- Tanggal: Jumat, 13 Februari 2026
- Waktu: 19:00 - 22:00 WIB
- Lokasi: GOR Soemantri Brodjonegoro
Duel ini menjadi ujian konsistensi bagi Hangtuah sekaligus kesempatan untuk mencuri poin penting di kandang lawan.
Saksikan pertandingan yang intens, kompetitif, dan penuh momen krusial langsung dari tribun, beli tiketnya hanya di detikevent!
(krs/aff)",sport,https://sport.detik.com/basket/d-8353046/pelita-jaya-siap-hadapi-hangtuah-di-laga-papan-atas-ibl-gopay-2026
82,"Timnas basket 3x3 Indonesia menyatakan siap tempur di Asian Beach Games 2026 di Sanya, China. Skuad Merah Putih bertekad membawa pulang prestasi dari ajang multievent tersebut.
Asian Beach Games Sanya 2026 resmi dibuka pada 22 April. Khusus cabang basket 3x3, pertandingan dijadwalkan berlangsung pada 25-28 April 2026.
Timnas basket 3x3 Indonesia bertolak ke China pada Rabu (23/4/2026) dengan membawa komposisi pemain kombinasi senior dan muda.
Skuad Putra: Kombinasi Senior dan Muda
Di sektor putra, Indonesia diperkuat pemain senior Ebrahim Lopez. Ia akan memimpin sejumlah pemain muda seperti Nickson Gosal (25 tahun), Maharanno Lolaru Hady (20 tahun), dan Jonathan Patrick (21 tahun).
Komposisi ini menjadi bagian dari strategi jangka panjang Perbasi, terutama menuju Asian Games 2026.
""Iya saya mengajak semua pemain untuk fight every game, harus kasih yang terbaik, dan harus memiliki pride untuk Indonesia,"" kata Ebrahim dalam keterangan tertulisnya.
""Saya ingin tampil maksimal dan berikan yang terbaik untuk Indonesia,"" lanjut pemain yang tampil di FIBA 3x3 Challenger Jakarta itu.
Meski menjadi pemain senior, Ebrahim mengaku tidak terbebani.
""Saya enggak ada tekanan karena saya ingin memberikan pengalaman kepada pemain yang masih muda-muda. Tugas saya memberikan semangat untuk semua,"" ujarnya.
""Jadi tidak ada tekanan apa pun dalam diri saya karena saya leader di sini dan saya akan berikan pengalaman saya kepada rekan-rekan semua,"" tegas pemain berusia 38 tahun tersebut.
Skuad Putri Siap Bersaing
Dari sektor putri, Ayu Sriartha Kusuma Dewi menjadi pemain senior yang memimpin tim.
""Kami akan tanding di Asian Beach Games. Ini merupakan challenge untuk kita. Apalagi saya sebagai senior, yang pasti saya akan berikan yang terbaik dan semoga mendapatkan hasil yang terbaik juga,"" kata Ayu.
Ayu memiliki pengalaman mentereng di 3x3, termasuk membawa Indonesia meraih emas di SEA Games 2025 Thailand serta perunggu di SEA Games 2021 Hanoi. Ia akan didampingi pemain muda seperti Angelica Jennifer Candra (20 tahun), Berlian Yesi Triutari (19 tahun), dan Diva Intan Nurfadillah (21 tahun).
""Dengan persiapan yang kami lakukan, kami secara teori dan segala macam sudah siap,"" tegas Ayu.
Target Prestasi di Sanya
Dengan perpaduan pengalaman dan energi pemain muda, Timnas basket 3x3 Indonesia optimistis bisa bersaing di Asian Beach Games 2026.
Ajang ini juga menjadi bagian penting dalam persiapan menuju Asian Games 2026.
(mcy/krs)",sport,https://sport.detik.com/basket/d-8458038/timnas-basket-3x3-terbang-ke-china-siap-tempur-di-asian-beach-games-2026
83,"Tim basket veteran putra Asaba Indonesia kembali tampil di ajang Asean Veteran Basketball bulan ini. Asaba bertekad membawa pulang gelar juara.
Ajang ASEAN Veteran Basketball Tournament edisi ke-35 itu digelar di Kuching, Malaysia, 11-15 Agustus. Asaba yang jadi tuan rumah tahun lalu sukses meraih trofi di kelompok umur 50 dan 60 tahun.
Sejumlah mantan pemain Nasional akan berpartisipasi di ajang ini bersama tim Asaba Indonesia, di antaranya Kiki Susilo, I Made Sudiadnyana, Romy Chandra, Ronald Median, Hardono Putri Prayogo, Tatang Kuskanto, Wahyu Gunarto dan juga Johni Henry sebagai pelatih kepala Asaba Indonesia U-60.
Selain Asaba, klub-klub lain yang tampil adalah ZAAP Thailand, Singapore Siglap, Miri Kinsar, Hornbills Kucing, Brunei Linktech 40, KL 51, FCVBA Phillipines, Meteor Pontianak, dan HATYAI Basketball Clubs.
Ajang yang digelar sejak 1992 ini bukan sekadar bersaing di lapangan, tapi juga silahturahmi para mantan pemain di era mereka.
""Asaba Indonesia sudah siap bertanding di Kuching, Malaysia nanti. Rencananya kami akan mengirimkan 3 tim, 2 tim untuk kategori umur 50 dan 1 tim untuk U-60 tahun ke atas. Kami hanya absen di tim U-40 dan U-70. Ini bukan sekedar turnamen, tapi ini ajang yang penuh historis bagi para pemain untuk reuni tidak hanya dengan rekan setim, melainkan juga dengan lawan. Di antara mereka yang bertanding di event ini, juga merupakan mantan pemain timnas negaranya masing-masing,"" ujar pemain Asaba U-60 Hengardy Tan dalam rilis kepada detikSport.
""Kalau untuk para pemain seperti kami, event ini positif sekali yah. Karena selain kita sudah berumur, sangat penting juga para mantan pebasket ini untuk konsisten bermain basket meskipun frekuensinya disesuaikan dengan kondisi fisik kita juga. Artinya lepas pensiun, para mantan pebasket seperti kami disarankan untuk rutin berolahraga jadi tidak vakum terlalu lama,"" sambungnya.
Menyandang sebagai juara bertahan kategori 50 dan 60, Asaba bertekad untuk bisa mempertahankan gelar juara meskipun dalam event nanti kemungkinan besar tidak diperkuat salah satu pemain kunci mereka di tim U-60, yakni Abdullah Gobel atau akrab disapa Ducko.
""Kami ingin mencoba menjadi juara lagi, baik di tim 50 dan 60. Sayangnya peraih pemain terbaik kami di U-60 tahun lalu Abdullah Gobel masih dalam suasana duka. Namun ia tetap mengirimkan dukungan dan pesannya kepada seluruh tim agar Asaba Indonesia harus bermain sportif dan mengutamakan semangat persaudaraan baik sesama tim dan juga lawan,"" papar Tan.
Sementara itu, pelatih Asaba Indonesia U-50 Putih, Agustinus Dapas Sigar, bertekad memberikan yang terbaik di ajang ini. Bagi pria yang akrab disapa Aguy itu, melatih para mantan pemain sedikit lebih memudahkan dibandingkan melatih pebasket pemula.
Meskipun biasanya pada ajang tahunan seperti ini mereka tidak sering berlatih bersama, namun Aguy yakin chemistry antar mereka di lapangan akan solid dan terjaga.
""Kalo mantan pemain skill pasti tetap ada, tinggal kondisi persiapan fisiknya saja. Jadi saya tinggal menyatukan kekompakan para pemain di lapangan. Untuk persiapan, karena mereka umumnya juga suka main bersama jadi tinggal mengkombinasikan saja taktik dan bagaimana mereka bermain enjoy di lapangan,"" kata Aguy.
""Semoga dukungan dan pesan moril yang telah disampaikan dari Pak Ducko kepada kami semua menjadi motivasi agar kami tampil maksimal di lapangan. Jika kita bisa menjadi juara itu bonus saja, yang terpenting semua peserta tidak ada yang cedera dan tuan rumah juga sukses untuk menjadi penyelenggara yang baik,"" lanjut mantan pemain Satria Muda dan Garuda Bandung itu.
(mrp/mrp)",sport,https://sport.detik.com/basket/d-8606442/asaba-indonesia-tampil-lagi-di-ajang-basket-veteran-asean
84,"Turnamen bola basket antarkampus memasuki seri Nasional. Para juara dan runner-up dari lima regional berebut tiket menuju Asian University Basketball League (AUBL).
Setelah rangkaian regional di Surabaya, Yogyakarta, Samarinda, Bandung, dan Jakarta selesai digelar, Campus League 2026 - Basketball The Nationals Season 1 akan berlangsung di Basketball Court Universitas Pelita Harapan (UPH), Tangerang, Banten, pada 7-13 Juni 2026.
""Kita harapkan yang terbaik dari yang terbaik bisa bertemu di sini dan menunjukkan kemampuannya untuk menjadi kampus nomor satu di Indonesia,"" kata CEO Campus League Ryan Gozali dalam keterangan resminya.
""Terutama untuk kategori putra, kami juga memiliki kelanjutan kompetisinya, di mana nanti juara Campus League Basketball akan langsung melaju ke Asian University Basketball League (AUBL) melawan kampus-kampus dari sembilan negara Asia-Pasifik lainnya,"" ujarnya menambahkan.
The Nationals musim pertama akan diikuti 10 tim putra dan delapan tim putri yang merupakan juara serta runner-up dari masing-masing regional. Dengan format tersebut, fase nasional bukan hanya menjadi kelanjutan dari persaingan regional, tetapi juga ajang pembuktian bagi kampus-kampus yang sebelumnya tampil dominan di daerahnya.
Pada sektor putra, Grup A akan mempertemukan Universitas Surabaya sebagai juara regional Surabaya dengan UPH Tangerang, juara regional Jakarta sekaligus tuan rumah.
Kedua tim itu akan bersaing dengan Universitas Semarang, Institut Teknologi Harapan Bangsa Bandung, dan Universitas Mulawarman Samarinda untuk memperebutkan tiket semifinal.
Persaingan ketat juga tersaji di Grup B putra. Juara regional Bandung Universitas Kristen Maranatha akan menghadapi juara regional Yogyakarta Universitas Kristen Satya Wacana Salatiga, Universitas Cenderawasih Jayapura, Universitas Bina Nusantara Jakarta, dan Institut Perbanas Jakarta.
Kehadiran Universitas Cenderawasih Jayapura memberi warna tersendiri pada fase nasional. Meski datang sebagai runner-up regional Surabaya, tim asal Papua itu tetap membidik tempat di semifinal.
Pada sektor putri, juara regional Jakarta Universitas Bina Nusantara Jakarta berada di Grup C bersama Soegijapranata Catholic University Semarang, UPH Tangerang, dan Universitas Parahyangan Bandung.
UPH Tangerang, yang pada regional Jakarta harus puas sebagai runner-up putri, memiliki kesempatan membalas hasil tersebut di fase nasional dengan dukungan status tuan rumah.
Sementara itu, Grup D putri dihuni Universitas Surabaya, Universitas Kristen Maranatha Bandung, Universitas Ciputra Makassar, dan Universitas Kristen Satya Wacana Salatiga.
Selain menjadi perebutan gelar nasional dan tiket Asia untuk kategori putra, The Nationals juga menjadi etalase bagi pemain kampus untuk naik ke level yang lebih tinggi.
Babak penyisihan grup The Nationals akan berlangsung pada 7-11 Juni dengan sistem setengah kompetisi. Dua tim terbaik dari masing-masing grup lolos ke semifinal pada 12 Juni, sedangkan final dan perebutan tempat ketiga dimainkan pada 13 Juni 2026.
Berikut adalah hasil lengkap pembagian grup Campus League 2026 - Basketball The Nationals Season 1:
Kategori Putra:
* Grup A: Universitas Surabaya, Universitas Pelita Harapan Tangerang, Universitas Semarang, Institut Teknologi Harapan Bangsa Bandung, Universitas Mulawarman Samarinda
* Grup B: Universitas Kristen Maranatha Bandung, Universitas Kristen Satya Wacana Salatiga, Universitas Cenderawasih Jayapura, Universitas Bina Nusantara Jakarta, Institut Perbanas Jakarta
Kategori Putri:
* Grup C: Soegijapranata Catholic University Semarang, Universitas Bina Nusantara Jakarta, Universitas Pelita Harapan Tangerang, Universitas Parahyangan Bandung
* Grup D: Universitas Surabaya, Universitas Kristen Maranatha Bandung, Universitas Ciputra Makassar, Universitas Kristen Satya Wacana Salatiga
(ran/mrp)",sport,https://sport.detik.com/basket/d-8520914/seri-nasional-basket-campus-league-berebut-tiket-ke-asia
85,"DBL Indonesia 2026/2027 segera bergulir dalam waktu dekat ini. Ada yang baru dari kompetisi basket antar SMA bergengsi se-Indonesia itu, apa?
Selama 22 tahun eksis di basket nasional, DBL sudah banyak melahirkan para pebasket-pebasket top Indonesia. Sebut saja Abraham Damar Grahita, Yudha Saputera, Kelvin Sanjaya, Avan Saputra hingga Vincent Rivaldi Kosasih di sektor putra.
Sedangkan pebasket putri nasional yang alumni DBL antara lain Dewa Ayu Made Sriartha, Adelaide Callista Wongsohardjo hingga Nathania Claresta Orville.
Sejak bergulir 2004, DBL tidak cuma menghadirkan persaingan sengit di lapangan, tapi juga hiburan di luar lapangan layaknya kompetisi NBA di Amerika Serikat. Sebab DBL punya konsep student athlete, yakni membangun ekosistem olahraga dan hiburan untuk pelajar.
DBL mengharuskan setiap tim peserta tim dance pendamping. Tak hanya memberikan dukungan kepada tim basket sekolah, tim dance ini juga ikut berkompetisi. Ada DBL Dance Competition yang juga terus membesar dan diminati.
Pada 2018, DBL Dance juga mencatatkan rekor Museum Rekor Dunia Indonesia (MURI) sebagai kompetisi dance dengan peserta terbanyak di Indonesia. Ajang ini melahirkan banyak talenta-talenta berbakat seperti Dita Karang dan Christy Gardena (member Grup No Na).
Menjelang musim baru 2026/2027, ada perubahan di DBL Dance Competition karena hadirnya Aqua sebagai title partner DBL Dance.
""Kami sangat senang menyambut Aqua sebagai bagian dari ekosistem DBL. Anak-anak di DBL adalah generasi yang sangat aktif. Mereka berlatih keras di lapangan, menyiapkan penampilan terbaik di atas panggung, hingga memberikan dukungan penuh dari tribun. Dalam aktivitas seperti itu, menjaga hidrasi menjadi hal yang penting,"" ujar Direktur DBL Indonesia, Masany Audri, dalam keterangan kepada media.
""Kami menyaksikan sendiri peserta DBL Dance itu menghabiskan waktu berjam-jam untuk menyusun koreografi, berlatih, hingga tampil dengan kostum dan properti yang sering kali membuat mereka merasa gerah. Karena itu, kehadiran partner baru ini dengan semangat Adem sangat relevan dan dekat dengan pengalaman yang mereka rasakan selama mengikuti kompetisi,"" tambahnya.
Kompetisi DBL Dance ini diakui memberikan banyak manfaat. Valencia Stephanie Hadasaah, alumni dancer SMA IPEKA Puri Jakarta, menilai kompetisi ini memberikan pengalaman yang tidak hanya profesional, tetapi juga memperluas jejaring dan meningkatkan rasa percaya diri.
""Atmosfer kompetisi DBL Dance itu meriah. Kami bangga bisa tampil di depan banyak penonton dan menjadi bagian dari DBL. Sebab selain berkompetisi, kami juga mendapatkan banyak pengalaman berharga dan bertemu teman-teman baru dari berbagai sekolah,"" ujarnya.
Perubahan di musim 2026/2027 ini diharapkan dapat mendampingi para pelajar yang aktif berlatih dan berkompetisi, baik di lapangan basket, di panggung dance, maupun di tribun suporter. Bahkan sejak mereka melakukan persiapan dari rumah bersama orang tua maupun di sekolah dengan pendampingan guru.
(mrp/bay)",sport,https://sport.detik.com/basket/d-8533767/ada-yang-baru-di-turnamen-basket-usia-muda-ini
86,"Awal tahun selalu menjadi momen spesial bagi pecinta olahraga, termasuk penggemar bola basket nasional. Memasuki musim ke-23, IBL Gopay 2026 kembali menghadirkan pertandingan-pertandingan seru dengan atmosfer kompetitif yang semakin terasa.
Salah satu laga yang paling dinantikan hadir di bulan Januari, mempertemukan Pelita Jaya Jakarta vs Kesatria Bengawan Solo dalam pertandingan kandang yang penuh gengsi.
Sebagai klub bola basket yang telah berdiri lebih dari 37 tahun, Pelita Jaya Bakrie Jakarta dikenal konsisten menghadirkan pertandingan berkualitas tinggi. Di setiap home match, Pelita Jaya tidak hanya menawarkan duel sengit di lapangan, tetapi juga pengalaman menonton yang dikemas lebih meriah dan berkesan.
Inilah yang membuat Match Pelita Jaya Januari 2026 menjadi agenda wajib bagi kamu yang ingin merasakan euforia IBL secara langsung.
Jadwal dan Lokasi Match Pelita Jaya Januari 2026
Pertandingan IBL Gopay 2026: Pelita Jaya Jakarta vs Kesatria Bengawan Solo akan digelar pada:
- Tanggal: 25 Januari 2026
- Waktu: 19.00 - 21.00 WIB
- Lokasi: Soemantri Brodjonegoro Stadium, Kuningan, Jakarta Selatan
Berlokasi di kawasan strategis Jakarta, Soemantri Brodjonegoro Stadium menjadi venue ikonik yang selalu dipenuhi semangat suporter. Atmosfer pertandingan malam hari di akhir pekan menjadikan laga ini pilihan hiburan yang pas untuk mengisi waktu luang kamu di bulan Januari.
Pelita Jaya Jakarta melawan Kesatria Bengawan Solo bukan sekadar pertandingan reguler. Kedua tim dikenal memiliki karakter permainan yang agresif dan penuh determinasi. Bermain di kandang sendiri, Pelita Jaya siap menampilkan performa terbaik demi meraih kemenangan di hadapan pendukung setianya.
Selain aksi para pemain di lapangan, pengalaman home match Pelita Jaya juga menjadi daya tarik utama. Mulai dari gemuruh suporter, hiburan di sela pertandingan, hingga energi stadion yang sulit ditiru saat menonton dari layar, semuanya hanya bisa kamu rasakan langsung di arena.
| Baca juga: Sejarah Bola Basket: Dari YMCA ke NBA | 
Amankan Tiket Match Pelita Jaya Januari 2026 Sekarang
Tingginya antusiasme penggemar basket membuat pertandingan-pertandingan IBL Gopay 2026 selalu diburu penonton. Match Pelita Jaya Januari 2026 diprediksi menjadi salah satu laga dengan peminat tinggi, terutama karena digelar di awal musim dan menghadirkan duel menarik antar dua tim kompetitif.
Mengamankan tiket lebih awal memberi kamu kesempatan memilih kategori tempat duduk terbaik dan menikmati pertandingan tanpa khawatir kehabisan. Jadikan IBL Gopay 2026: Pelita Jaya Jakarta vs Kesatria Bengawan Solo sebagai momen spesial untuk merasakan langsung serunya basket Indonesia di level tertinggi.
Catat tanggalnya, ajak teman atau keluarga, dan rasakan sendiri kemeriahan Match Pelita Jaya Januari 2026 di Soemantri Brodjonegoro Stadium. Beli tiketnya sekarang di detikevent!
(krs/yna)",sport,https://sport.detik.com/basket/d-8318306/saksikan-ibl-gopay-2026-pelita-jaya-jakarta-vs-kesatria-bengawan-solo
87,"DPP Persatuan Bola Basket Seluruh Indonesia (Perbasi) menyambut baik kebijakan Direktorat Jenderal (Ditjen) Imigrasi yang mempermudah administrasi atlet asing.
Ditjen Imigrasi membentuk tim khusus untuk memastikan para atlet dan pelaku olahraga internasional mendapat pengalaman yang cepat, ramah, dan profesional sejak pertama kali tiba di pintu masuk Indonesia.
Hal ini disambut gembira oleh Sekjen Perbasi Nirmala Dewi. Perbasi merasa terbantu, terlebih bakal banyak event bola basket internasional dilangsungkan di Indonesia.
Indonesia sudah mendapatkan kepercayaan menjadi tuan rumah empat event basket internasional yakni FIBA U-16 Women's Asia Cup 2027, FIBA U-17 Women's World Cup 2028, FIBA U-18 Asia Cup 2028, dan FIBA U-19 World Cup 2029.
""Kita lihat sendiri, luar biasa sekali dukungan dari Pak Dirjen Imigrasi terhadap basket. Selama ini belum pernah ada dukungan sebesar ini, bahkan sampai beliau datang langsung untuk menonton,"" kata Nirmala dalam keterangannya, Minggu (12/4/2026).
""Jadi, tidak ada keraguan dari kami terhadap dukungan dari Pak Dirjen, dari kementerian, maupun dari teman-teman yang lain. Hal ini tentu mempermudah kami dalam melaksanakan event-event olahraga, khususnya di bidang basket,"" ujarnya menambahkan.
Kebijakan dari Imigrasi ini tidak hanya berlaku untuk atlet basket, tetapi juga sepakbola, ataupun voli. Para pemain asing banyak menghiasi kompetisi olahraga di tanah air.
Di Indonesian Basket League (IBL) musim 2026, menerapkan kebijakan baru dimana setiap klub boleh mengontrak tiga pemain asing dan memainkannya secara bersamaan di lapangan.
Banjirnya pemain asing ini yang diantisipasi Direktur Jenderal Imigrasi Kementerian Imigrasi dan Pemasyarakatan (Kemenimipas) Hendarsam Marantoko. Saat menyaksikan IBL All-Star 2026 di Bandung Arena, ia mengungkapkan Imigrasi Indonesia mendukung sepenuhnya kemajuan olahraga tanah air.
Pemain asing di Indonesia akan mendapat kemudahan dalam proses pengurusan administrasi. Untuk memudahkan pelayanan kepada atlet asing yang bertanding atau bermain di Indonesia, Hendarsam bakal membuat terobosan baru.
Akan hadir tim khusus yang mempermudah proses administrasi. Tak hanya olahraga, ada dua bidang lain yang juga mendapat perhatian yakni seni-budaya dan sains.
""Salah satu fungsi imigrasi adalah sebagai fasilitator, dan itu juga berlaku di bidang olahraga. Ketika saya baru menjabat, saya memiliki gagasan bahwa sektor olahraga harus diberikan kemudahan dalam proses administrasi,"" tutur Hendarsam.
""Sebenarnya tidak hanya olahraga, ada tiga bidang yang ingin kami dorong dari sisi imigrasi. Ada olahraga, seni dan budaya (termasuk musik dan lain sebagainya) serta sains Ketiga bidang ini memiliki potensi besar untuk berkembang. Oleh karena itu, kami akan membentuk tim khusus untuk mempermudah proses-proses tersebut,"" ucapnya.
""Kami tidak ingin ketika atlet atau orang asing datang ke Indonesia, mereka mendapatkan kesan yang kurang baik. Sebagai penjaga pintu negara, kita harus menunjukkan wajah yang ramah namun tetap berwibawa,"" katanya lagi.
Kemudahan yang akan diberikan Ditjen Imigrasi untuk atlet yang main di Indonesia lewat tim khusus ini antara lain mereka tidak lagi perlu antre saat tiba di Bandara, kemudian ada proses pengurusan administrasi yang dipermudah melalui aplikasi.
Konkretnya, akan ada jalur khusus (fast track) bagi para atlet, sehingga mereka tidak perlu mengantre. Selain itu, proses administrasi akan dipermudah melalui sistem aplikasi, sehingga mereka tidak perlu melalui pemeriksaan yang berulang atau antre seperti penumpang lainnya.
""Perlu diingat, ada dua pendekatan yang kami lakukan. Untuk atlet yang datang hanya untuk satu event (single entry), fungsi pengawasan tidak terlalu ketat. Namun, bagi mereka yang bekerja di Indonesia, pengawasan tetap dilakukan,"" ucap Hendarsam.
Tahun ini akan ada gelaran MotoGP Mandalika tahun kelima dan yang akan segera digelar pada 18 April mendatang, lalu Clash of Legends yang melibatkan Ronaldo Nazario, Alessandro Del Piero, dan sejumlah legenda sepakbola dunua bakalan unjuk gigi Stadion Utama Gelora Bung Karno (SUGBK), Jakarta.
(mro/bay)",sport,https://sport.detik.com/basket/d-8442938/perbasi-sambut-terobosan-ditjen-imigrasi-mudahkan-administrasi-atlet-asing
88,"Direktur Utama Indonesian Basketball League (IBL) Junas Miradiarsyah menilai format best of five yang mulai diterapkan pada final musim 2026 sukses meningkatkan daya saing kompetisi. Final yang mempertemukan Pelita Jaya melawan Bogor Hornbills harus ditentukan hingga gim kelima.
Bogor Hornbills memaksa laga penentuan setelah menang 85-72 atas Pelita Jaya pada Game 4 final IBL 2026 di GOR Laga Tangkas, Kabupaten Bogor, Jumat (26/6/2026). Hasil tersebut membuat kedudukan imbang 2-2 sehingga gelar juara baru akan ditentukan pada Game 5 di PJ Arena, Jakarta, Minggu (28/6/2026).
""Alhamdulillah. Dengan format best of five yang baru ini, kedua tim benar-benar menunjukkan kualitasnya,"" ujar Junas seusai pertandingan.
Menurut Junas, final yang berlangsung hingga pertandingan kelima menunjukkan kualitas kedua tim yang memang layak tampil di partai puncak.
""Kalau kita lihat, kedua tim saling mendominasi. Dukungan publik tuan rumah tentu memberikan arti tersendiri sehingga mereka mampu memaksimalkan laga kandang. Fakta bahwa final berlangsung hingga gim kelima menjadi bukti bahwa kedua tim memang merupakan yang terbaik pada musim ini,"" jelasnya.
Bukti Kompetisi Semakin Ketat
Junas menilai final yang berlangsung hingga Game 5 bukanlah sebuah kebetulan. Pada musim-musim sebelumnya, partai final kerap berakhir lebih cepat. Kini, format baru justru menghasilkan persaingan yang jauh lebih sengit.
""Pada musim-musim sebelumnya, final sering kali sudah selesai dalam tiga gim. Dan ternyata terbukti, final benar-benar berjalan hingga pertandingan terakhir,"" ujarnya.
Selain final yang semakin ketat, Junas juga menyoroti bergantinya juara dalam empat musim terakhir sebagai bukti meningkatnya kualitas kompetisi IBL. Satria Muda menjadi juara pada 2022, disusul Prawira Bandung (2023), Pelita Jaya (2024), dan Dewa United Banten (2025).
""Bahkan dalam empat musim terakhir, juaranya juga selalu berganti. Menurut saya, hal itu menunjukkan tingkat kompetitif liga semakin tinggi,"" kata Junas.
Bogor Hornbills Jadi Kejutan
Junas juga memberikan apresiasi kepada Bogor Hornbills yang mampu melangkah hingga final meski baru lima musim berkompetisi di IBL. Menurutnya, pencapaian tersebut menjadi bukti bahwa peluang menjadi juara kini terbuka bagi seluruh klub peserta.
""Bogor Hornbills, misalnya, pada musim kelimanya di IBL sudah mampu menembus partai final. Ini memberikan harapan bagi kota-kota lain, para penggemar, maupun klub-klub peserta bahwa peluang untuk mencapai level tertinggi selalu terbuka,"" ujar Junas.
Dengan persaingan yang semakin merata, Junas optimistis IBL akan terus berkembang menjadi kompetisi yang sehat dan menarik, baik bagi klub maupun pencinta bola basket Indonesia. Game 5 final IBL 2026 akan berlangsung di PJ Arena, Jakarta, Minggu (28/6/2026). Pemenang laga tersebut akan memastikan diri menjadi juara baru IBL musim ini.
(mcy/krs)",sport,https://sport.detik.com/basket/d-8549590/final-5-gim-buktikan-ibl-makin-kompetitif-junas-juara-berganti-tiap-musim
89,"San Antonio Spurs akan menghadapi New York Knicks di partai final NBA 2026. Ini merupakan ulangan final 1999 alias 27 tahun silam.
Spurs baru saja menundukkan juara bertahan Oklahoma City Thunder dengan skor 111-103 dalam gim ketujuh final wilayah barat yang berlangsung di Paycom Center, Oklahoma City, Minggu (31/5/2026) pagi WIB. Spurs lolos ke final dengan agregat 4-3.
Di laga penentuan ini, Spurs tampil apik dengan unggul di setiap akhir kuarter. Setelah memimpin 32-25 di kuarter pertama, Victor Wembanyama dkk menutup paruh pertama dengan skor 56-53.
| Baca juga: LA Lakers PHK Belasan Karyawan | 
Pada kuarter tiga, Spurs tetap menjaga keunggulan tiga poin dengan skor 80-77. Jarak dengan OKC sempet menipis hingga 84-82, namun Spurs mampu kembali unggul jauh hingga 97-86, dan akhirnya menang 111-103.
Tujuh pemain Spurs menyumbang dua digit poin di laga ini. Wembanyama menjadi yang terbanyak dengan 22 poin, disusul Julian Champagnie (20), lalu Stephon Castle (16), De'Aaron Fox (15), Dylan Harper (12), dan Devin Vassell serta Keldon Johnson dengan 11 poin.
Shai Gilgeous-Alexander menyumbang 35 poin untuk OKC, namun itu tak cukup untuk menghentikan perlawanan Spurs. Hanya empat pemain OKC lain yang menyumbang dua digit poin, yakni Cason Wallace (17), Jared McCain dan Alex Caruso dengan 12 poin serta Jaylin Williams dengan 11 poin.
LUKE BLOCK ➡️ STEPH BUCKET!
📺@NBAonNBC pic.twitter.com/M89xcZIspF
""Memenangi Larry O'Brien (trofi juara NBA) adalah impian masa kecil. Memiliki kesempatan nyata, memiliki peluang, peluang konkret untuk memenanginya, mewujudkan sebuah mimpi.... Hari di mana kami memenanginya, berbicara atas nama saya sendiri, akan menjadi hari yang luar biasa, sebuah perwujudan mimpi. Sulit untuk diungkapkan dengan kata-kata. Ini hampir seperti makna hidup saya,"" ujar Wembanyama usai laga, dikutip ESPN.
Spurs akan menghadapi Knicks yang sudah lolos ke final sejak awal pekan ini usai menyingkirkan Cleveland Cavaliers dengan agregat 4-0 di final wilayah timur. Ini merupakan final pertama Knicks sejak 1999, dan saat itu mereka kalah 1-4 dari Spurs, yang juga menjadi lawan mereka nanti.
Namun setidaknya Jalen Brunson dkk lebih bugar dari Spurs karena hanya kehilangan dua gim selama play-off, yakni ketika menang 4-2 atas Atlanta Hawks di ronde pertama playoff wilayah barat. Pada semifinal wilayah barat melawan Philadelphia 76ers, mereka juga menang telak 4-0. Sementara itu, Spurs kehilangan enam gim selama playoff.
Patut dinanti apakah Knicks bisa memutus dahaga gelar juara NBA sejak 1973 atau justru Spurs yang kembali menghadirkan mimpi buruk.
Final pertama akan digelar di San Antonio pada 4 dan 6 Juni mendatang, disusul dua laga di New York pada 9 dan 11 Juni. Tiga laga lain (jika diperlukan) akan digelar pada 14, 17, dan 20 Juni, dengan Spurs mendapat jatah kandang dua kali dan Knicks sekali.
(adp/krs)",sport,https://sport.detik.com/basket/d-8511957/singkirkan-juara-bertahan-okc-spurs-hadapi-knicks-di-final-nba-2026
90,"Perkembangan basket Indonesia dibahas di EASL Asia Basketball Summit 2026. Itu diungkap Direktur Utama Indonesian Basketball League (IBL) Junas Miradiarsyah.
EASL Asia Basketball Summit berlangsung di Makau, Sabtu (21/3/2026). Dalam forum tersebut, Junas hadir bersama sejumlah pemangku kepentingan bola basket Asia, termasuk perwakilan dari B.League, Taiwan P-1, CBA, NBL, NBA.
Dalam sesi diskusi, Junas memaparkan perkembangan signifikan ekosistem bola basket di Indonesia dalam beberapa tahun terakhir. Ia menyoroti peningkatan kualitas kompetisi dan kualitas talenta, pertumbuhan basis penggemar, serta semakin kuatnya kolaborasi dengan berbagai pemangku kepentingan hingga sektor komersial.
""Indonesia saat ini berada dalam fase pertumbuhan yang sangat positif. Liga tidak hanya berkembang dari sisi kompetisi, tetapi juga dari sisi industri,mulai dari sponsorship, digital engagement dan sebagai jalur inspirasi generasi muda mendatang,"" ujar Junas dalam keterangan tertulisnya.
Junas menegaskan bahwa IBL memiliki visi jangka panjang untuk menjadi salah satu liga dengan kemajuan yang pesat dan membantu perkembangan industri dan kualitas talenta nasional.
Menurutnya, konsistensi dalam pengelolaan liga, peningkatan kualitas pemain lokal, serta pembukaan peluang kolaborasi internasional menjadi kunci utama dalam mencapai target tersebut.
Diskusi bersama perwakilan B.League, Nao Okamoto, turut memperkaya perspektif dalam forum tersebut. Liga Jepang yang telah lebih dahulu mapan di Asia menjadi mitra penting bagi IBL sejak 2 tahun belakangan dalam mengembangkan struktur liga yang berkelanjutan dan kompetitif.
Selain itu, Junas menekankan pentingnya membangun ekosistem yang terintegrasi, mulai dari level grassroots hingga profesional. Ia melihat potensi besar Indonesia sebagai pasar basket yang terus berkembang, baik dari sisi talenta maupun komersial.
| Baca juga: Mario Wuysang Iri Lihat Format IBL Saat Ini | 
""Penggemar di Indonesia, khususnya generasi muda sangat antusias terhadap bolabasket dan memiliki banyak keuntungan dibandingkan era sebelumnya untuk bisa melompat lebih jauh lagi sebagai liga yang semakin berkualitas.""
""Dengan populasi besar, dukungan visi federasi, kolaborasi klub, dan dukungan stakeholder, masa depan bolabasket di Indonesia sangat menjanjikan,"" tambahnya.
Sehubungan partisipasi IBL dalam Asia Basketball Summit kali ini sekaligus menjadi langkah strategis untuk memperkuat posisi Indonesia di peta basket Asia, juga membuka peluang kolaborasi lintas negara dalam mendorong kemajuan industri bola basket di kawasan.
(mcy/yna)",sport,https://sport.detik.com/basket/d-8410638/basket-ri-masuk-pembahasan-di-easl-asia-basketball-summit-2026
91,"FIBA mempertegas komitmennya dalam mendorong perkembangan basket akar rumput di Indonesia. Lewat program Basketball for Good, FIBA menyasar langsung pengembangan basket usia dini di berbagai daerah.
Lima wilayah ditunjuk untuk menjalankan program tersebut, yakni Banten, Makassar, Lubuk Linggau, Kendari, dan Samarinda. Program ini merupakan bagian dari inisiatif global FIBA Foundation yang mengusung pendekatan Sport for Development and Peace (SDP).
Tak sekadar mengajarkan teknik bermain basket, Basketball for Good juga fokus pada pembentukan karakter serta pengembangan keterampilan hidup anak-anak.
Target 100 Sekolah dan 3.000 Siswa
Program Basketball for Good akan berjalan mulai Mei hingga Oktober 2026. Sebanyak 100 sekolah dasar menjadi target implementasi program di lima wilayah tersebut. Selain itu, 100 guru olahraga juga akan mendapat pelatihan Training of Teachers (ToT).
Para guru nantinya akan mengedukasi lebih dari 3.000 siswa melalui kurikulum berbasis Basketball for Good Playbook. Materi yang diberikan meliputi sesi permainan basket, agility drills, hingga edukasi gaya hidup sehat.
""Di Indonesia, kami melihat bagaimana pendekatan ini mampu memberikan dampak nyata bagi anak-anak, tidak hanya dari sisi fisik tetapi juga mental dan sosial,"" ujar Patrick Mariller di Menara Danareksa, Jakarta, Rabu (6/5/2026).
Erick Thohir: Olahraga Bisa Jadi Alat Perubahan Sosial
Kerja sama ini juga mendapat dukungan dari anggota Board FIBA, Erick Thohir. Menurut Erick, program tersebut sejalan dengan agenda pembangunan olahraga nasional, termasuk Desain Besar Olahraga Nasional (DBON).
""Program ini menunjukkan bagaimana olahraga dapat menjadi alat perubahan sosial yang inklusif dan berkelanjutan, sekaligus membuka akses lebih luas bagi anak-anak di berbagai daerah,"" kata Erick.
Sementara itu, Marketing Manager Beverages & Confectionery Business Unit PT Nestlé Indonesia, Alaa Shaaban, menilai olahraga punya peran besar dalam perkembangan anak.
""Kami percaya olahraga adalah guru terbaik dalam kehidupan. Bersama FIBA, kami ingin menghadirkan dampak yang lebih luas melalui pengembangan holistik anak-anak Indonesia,"" ujar Alaa Shaaban.
Sebelumnya Sudah Jalan di Sejumlah Kota
Sebelum ekspansi tahun ini, program Basketball for Good sudah lebih dulu diterapkan di Timika, Mataram, Kulon Progo, Sumbawa Barat, dan Ambon.
Program tersebut telah menjangkau:
- 58 sekolah
- 117 guru
- 1.770 siswa
Keberhasilan itu menjadi modal FIBA untuk memperluas pengembangan basket akar rumput di Indonesia pada 2026.
Melalui program ini, FIBA ingin menegaskan perannya bukan cuma sebagai badan pengatur basket dunia, tetapi juga sebagai penggerak perubahan sosial lewat olahraga.
(mcy/krs)",sport,https://sport.detik.com/basket/d-8476951/fiba-perkuat-pengembangan-basket-akar-rumput-di-indonesia
92,"Hangtuah Jakarta Basketball sudah punya pelatih interim baru untuk persiapan jelang IBL 2027. Dia adalah Yohanes Kristian.
Kristian adalah bagian dari perombakan Hangtuah besar-besaran Hangtuah selepas IBL 2026. Tidak cuma pelatih, tapi sejumlah pemain juga dilepas.
Pria yang akrab disapa Coach Bombom itu bertugas mengawal persiapan tim jelang IBL All Indonesian 2026 yang dijadwalkan bergulir Oktober, serta membangun fondasi untuk musim kompetisi 2027.
Sebelum di Hangtuah, Kristian pernah jadi asisten pelatih di satu klub yang IBL sama selama tiga periode berbeda, yakni Louvre Surabaya (2020), Louvre Dewa United (2021), dan Dewa United Basketball Club (2022).
Kistian bukan sosok asing untuk FigHTers karena pernah menjadi asisten pelatih Hangtuah saat dinakhodai Andika Supriadi Saputra dalam kompetisi IBL 2024.
Bahkan, Coach Bombom sempat menjabat sebagai interim head coach untuk menggantikan posisi Coach Bedu yang diberhentikan pada pertengahan musim 2024.
Dua musim berselang, takdir mempertemukan Kristian dan Hangtuah lagi. Kristian akan dibantu Moosa Permadi Hantijono yang pernah bekerja untuk sejumlah tim basket Tanah Air serta Hendrikus Andi Anggriyanto yang memiliki pengalaman menangani pebasket di kelompok usia muda.
Pada kesempatan keduanya menangani Hangtuah, Kristian bertekad menjadikan mereka sebagai tim berprestasi di pentas IBL. Kristian siap maksimalkan potensi muda yang sudah dimiliki klub sembari mencari tenaga tambahan untuk memperkuat tim.
""Hal baru yang saya tawarkan adalah menaikkan jam terbang pemain-pemain muda yang sudah ada di dalam tim ini. Kami juga akan merekrut sejumlah pemain muda berpengalaman untuk menjadi fondasi utama tim Hangtuah,"" papar Krisian dalam rilis kepada detikSport.
Ada dua agenda besar Hangtuah untuk menghadapi musim baru, yakni tim akan mengirim rombongan yang beranggotakan Kristian, Moosa, Hendrikus dan Direktur Operasional Danzel Hartono ke Australia untuk menjalani program pelatihan intensif bersama Perth Wildcats akhir Agustus nanti.
Selama sepekan, delegasi Hangtuah berkesempatan melihat dari dekat sistem operasional Perth Wildcats yang merupakan klub basket profesional tersukses di Australia dengan koleksi 10 gelar juara National Basketball League (NBL).
""Lawatan ke markas Perth Wildcats kali ini menjadi bagian dari proses benchmarking Hangtuah Basketball terhadap standar pengelolaan klub basket profesional di level elite, khususnya terkait metodologi latihan, sport science, player development, performance management, hingga operasional sehari-hari. Pengalaman yang didapat dari agenda tersebut diharapkan dapat menghadirkan perspektif dan standar baru yang kemudian bisa diadaptasi ke dalam iklim basket Indonesia,"" kata Managing Director Hangtuah Basketball Kurniawan Santoso.
Agenda besar kedua adalah tim akan dikumpulkan awal September untuk menjalani program training camp (TC) di Bandung.
Program TC juga menjadi momentum penting bagi Coach Bombom dan jajaran pelatih melakukan evaluasi sekaligus membentuk kerangka utama menghadapi IBL All Indonesian 2026 maupun musim kompetisi 2027.
""Kami sedang membangun kembali Hangtuah secara menyeluruh. Bukan hanya mengenai siapa pemain atau pelatihnya tetapi juga bagaimana kami membangun organisasi, kultur, serta fondasi bisnis klub yang lebih kuat dan sustainable untuk jangka panjang. Mohon kesabaran dan dukungan terus dari Fighters di seluruh Indonesia dalam proses ini,"" papar Santoso.
""Coach Bombom akan memimpin fase persiapan tim dari sisi teknis permainan. Kami ingin memanfaatkan periode menuju musim berikutnya untuk bekerja lebih intensif dengan belajar dari organisasi seperti Perth Wildcats lalu membawa pengalaman tersebut ke Training Camp di Bandung.""
(mrp/adp)",sport,https://sport.detik.com/basket/d-8624467/hangtuah-jakarta-punya-pelatih-interim-baru
93,"Campus League 2026 Basketball Regional Jakarta Season 1 segera bergulir. Ajang ini diprediksi menghadirkan persaingan ketat antarperguruan tinggi.
Sebanyak 16 tim putra dan delapan tim putri akan bersaing pada regional terakhir sebelum fase nasional atau The Nationals yang berlangsung di Universitas Pelita Harapan (UPH), Karawaci, Tangerang, Banten, pada 24-31 Mei.
""Secara pembinaan, level Jakarta memang sudah melampaui kota-kota lain di Indonesia,"" kata pemain Universitas Sultan Agung Tirtayasa (Untirta) Muhammad Tirta Dunda dalam keterangan resminya, Sabtu.
Regional Jakarta menjadi zona kedua setelah Surabaya yang memenuhi kuota maksimal peserta. Sejumlah kampus unggulan seperti Institut Perbanas Jakarta dan tuan rumah UPH diperkirakan kembali menjadi pesaing kuat dalam perebutan tiket menuju The Nationals.
Namun, status unggulan tidak cukup tanpa pembuktian di lapangan. Manajer tim UPH Dhea Simanjuntak mengatakan kepercayaan antarpemain menjadi modal penting menghadapi ketatnya persaingan.
""Pemain saling percaya, juga percaya kepada pelatih dan program yang sudah dijalani. Yang terpenting adalah fokus pada tujuan,"" ujar Dhea.
Sementara itu, Untirta yang tergabung di Grup B bersama Universitas Darma Persada, Universitas Trisakti, dan Universitas Budi Luhur ingin menjadikan Campus League sebagai ajang menunjukkan eksistensi mereka di level nasional.
""Campus League akan menjadi awal yang bagus untuk tim-tim kampus di Jakarta seperti kami juga. Kami akan membuktikan bahwa Untirta ada dan hidup,"" kata Tirta Dunda.
Atmosfer kompetitif Regional Jakarta melanjutkan tensi tinggi yang sebelumnya terjadi di Regional Bandung. Pada seri tersebut, Universitas Kristen Maranatha berhasil mendominasi setelah tim putra dan putrinya sama-sama merebut gelar juara dan memastikan tiket ke The Nationals.
(ran/pur)",sport,https://sport.detik.com/basket/d-8501791/16-tim-basket-universitas-akan-bersaing-di-campus-league-2026-jakarta
94,"Sekjen DPP PERBASI, Nirmala Dewi, membuka pelaksanaan Mandiri Kejurnas Antarklub U16 & U18 Tahun 2026 Putra dan Putri. Ajang ini mulai digelar di Sahabat Arena, Semarang, Sabtu (27/6).
""Memenangkan pertandingan itu penting, namun ingat bahwa menang dan kalah adalah hal biasa dalam pertandingan. Sikapi ini dengan biasa. Jika menang jangan terlalu merayakan berlebihan dan yang kalah juga jangan larut dalam kesedihan,"" kata Nirmala dalam rilis PERBASI.
""Teruslah memupuk semangat berkompetisi dan bermainlah dengan fair play serta junjung sportivitas,"" lanjutnya.
Kejurnas tahun ini diikuti 56 klub di masing-masing kategori. Kategori U16 Putra diramaikan oleh sebanyak 24 klub. Pada kategori putri akan ada 11 klub yang terlibat di ajang ini. Pertandingan berlangsung pada 27 Juni hingga 5 Juli 2026.
Pada kategori U18 Putra diikuti 15 klub dan U18 Putri diikuti oleh enam klub. Mereka akan bertanding pada 7 hingga 14 Juli 2026. Manager meeting berlangsung pada 6 Juli 2026.
Total ada 120 pertandingan yang disajikan di Sahabat Arena adalah. Rinciannya sebanyak 75 pertandingan di kategori U16 dan 55 pertandingan untuk kategori U18.
""Sesuai arahan Mas Ketum DPP PERBASI Budisatrio Djiwandono, untuk membentuk Timnas yang andal harus menguatkan fondasinya, yaitu pertandingan di usia muda. Kejurnas adalah bagian dari upaya DPP PERBASI dalam memberikan panggung untuk pemain muda mengasah kemampuannya untuk masa depan bola basket Indonesia,"" jelas Nirmala.
Waketum Bidang Kompetisi dan Pembinaan DPP PERBASI, Azrul Ananda, menegaskan bahwa Kejurnas U16 & U18 Tahun 2026 Putra dan Putri merupakan bentuk konsistensi dalam memberikan kesempatan pemain muda mengasah kemampuan. Melalui Kejurnas, para pemain muda mendapatkan pengalaman bertanding dengan bertemu klub-klub dengan karakter berbeda di Indonesia.
""Kami konsisten dalam menggelar Kejurnas sebagai panggung bagi pemain muda menunjukkan kemampuannya bermain bola basket. Bentuk konsistensi itu salah satunya diwujudkan dengan penyelenggaraan yang mempertandingkan dua kategori usia, yaitu U16 dan U18 yang berlangsung di bulan Juni-Juli,"" terang Azrul.
""Sebagaimana pelaksanaan tahun lalu, tahun ini dan tahun-tahun berikutnya, konsistensi ini akan terus dijaga untuk memberikan kepastian jadwal bertanding bagi pemain muda kita,"" lanjutnya.
Pada saat pembukaan Kejurnas Antarklub U16 & U18 Tahun 2026 Putra dan Putri di Sahabat Arena Semarang, hadir juga Ketua DPD PERBASI Jawa Tengah Bagus Andrian John, Waketum Zona Jawa DPP PERBASI Grace Evi Ekawati, dan Ketua KONI kota Semarang Arnaz Andrarasmara.
DAFTAR PESERTA KEJURNAS
U16 PUTRA
Grup A
BIFFI Surabaya
Elite Muda Bali
Dewa United Tangerang Banten
Airone Jakarta
Grup B
Roar Jakarta
Bhinneka Solo
Astro Yogyakarta
The Hawk Banten
Grup C 
The Patriot Jakarta
GMC Cirebon
Line Spartans Surabaya
Rising Star Yogyakarta
Grup D
AKJ Semarang
Aras Gading Muda Jakarta
Bina Muda Pekanbaru Riau
Hutama Manggala Malang
Grup E
Tangsel Thunder Banten
Spartan Yogyakarta
Tunas Basketball Bandung
Merpati Bali
Grup F
Raffles Bogor
CLS Surabaya
SSS Yogyakarta
Sahabat Semarang
U16 PUTRI
Grup A
Tangsel Thunder Banten
CLS Surabaya
Garuda Padang
Airone Jakarta
Scorpio Bandung
Merpati Bali
Grup B
Roar Jakarta
Sahabat Semarang
Victoria Jakarta
The Lion Surabaya
Bimasakti Bandung
U18 PUTRA
Grup A
BIFFI Surabaya
Sahabat Semarang
The Hawk Tangsel Banten
Rajawali Makassar
Aras Gading Muda Jakarta
Grup B
Airone Jakarta
The Lion Surabaya
AKJ Semarang
Maluku Elite
Merpati Bali
Grup C
Warriors Jakarta
Cendrawasih Bandung
Aras Gading Muda Banten
WBS Surabaya
Hang Tuah Pekanbaru Riau
U18 PUTRI
Grup A
The Lion Surabaya
The Hawk Tangsel Banten
Warriors Jakarta
Satria Karadenan Bogor
Sahabat Semarang
Sahabat BWX Banyuwangi
(ran/adp)",sport,https://sport.detik.com/basket/d-8550232/kejurnas-basket-u16-u18-2026-dimulai
95,"FIBA telah merilis daftar peserta Kejuaraan Liga Basket Asia-Timur 2026. Dewa United menjadi salah satu klub yang lolos dan akan menjalani debutnya.
Kejuaraan Liga Basket Asia-Timur atau Basketball Champions League Asia merupakan kompetisi milik FIBA yang melibatkan tim atau klub terkemuka mewakili Federasi Nasional, yang berada di bawah sub-zona Asia Tenggara dan Timur dari FIBA Asia.
Dalam lamannya, FIBA menyampaikan tujuh klub dibagi dalam dua grup. Grup A terdiri dari Dewa United Banten (Indonesia), Johor Southhern Tigers (Malaysia), dan Hi-Tech Basketball Club (Thailand).
| Baca juga: Agar Pelita Jaya Makin Besar di Jakarta | 
Dewa United Banten menjalani debut di BCL Asia-Timur 2026 menggantikan Pelita Jaya yang sebelumnya menjadi perwakilan Indonesia. Mereka berhak atas hasil tersebut setelah menjadi juara di Indonesia Basketball League (IBL) 2025.
Sementara Grup B diisi XAC Broncos (Mongolia), Taoyuan Pauian Pilots (Taiwan), New Taipei Kings (Taiwan), dan South China Athletics (Hong Kong).
Grup A yang terdiri dari tim dari Sub-Zona Asia Tenggara akan memulai laga di Banten Indonesia pada 27 Maret, sementara Grup B melihat akan bergulir di Hong Kong pada 6 April.
Adapun format pertandingan selama fase grup akan menerapkan konsep karavan. Tiga tim teratas dari masing-masing grup akan menuju ke Final 6 BCL Asia-East 2026.
Mereka kemudian dibagi lagi menjadi dua grup yang masing-masing terdiri dari tiga tim dengan dua tim teratas maju untuk memperebutkan tempat ke semifinal silang dan final. Nah, dua tim teratas BCL Asia-Timur 2026 berhak atas tiket main di BCL Asia 2026.
Berikut Jadwal Tanding Dewa United:
- Jakarta, Indonesia
27 Maret 2026
Dewa United Banten Vs Hi-Tech Basketball Club
28 Maret
Hi-Tech Basketball Club Vs Johor Southern Tigers
29 Maret
Johor Southern Tigers Ve Dewa United Banten
- Johor, Malaysia
15 April
Dewa United Vs Hi-Tech Basketball Club
16 April
Johor Southern Tigers Vs Dewa United Banten
17 April
Hi-Tech Basketball Club Vs Johor Southern Tigers
- Bangkok, Thailand
1 Mei
Johor Southern Tigers Vs Dewa United Banten
2 Mei
Dewa United Banten Vs Hi-Tech Basketball Club
3 Mei
Hi-Tech Basketball Club Vs Johor Southern Tigers
(mcy/adp)",sport,https://sport.detik.com/basket/d-8361670/dewa-united-akan-jalani-debut-di-liga-basket-asia-timur-2026
96,"Bogor Hornbills tampil sebagai juara IBL 2026. Mereka menaklukkan Pelita Jaya pada game kelima final, untuk menang 3-2.
Game kelima final IBL 2026 antara Pelita Jaya vs Bogor Hornbills berlangsung di GMSB Kuningan, Minggu (28/6/2026) malam WIB. Hornbills menguasai paruh pertama, yang menjadi kunci kemenangan 64-61.
Kuarter pertama menjadi milik Hornbills sepenuhnya. Kombinasi Stephaun Branch dan Travin Thibodeaux menyumbang 14 poin di periode ini, membawa tim bermaskot rangkong itu unggul 24-11.
Momentum itu dijaga Hornbills di kuarter kedua. Meski tak sedominan kuarter pertama, mereka menambah 21 poin sementara Pelita Jaya memetik 20 poin.
Pelita Jaya bereaksi setelah half-time. Tapi tambahan 30 poin di dua kuarter terakhir tak cukup untuk mengejar ketertinggalan, meski Hornbills meredup dan cuma dapat 19 poin di periode yang sama.
Hornbills pun tampil sebagai juara IBL 2026 dengan kemenangan 3-2 dalam format best of five. Penampilan Thibodeaux jadi faktor krusial, dengan pemain asal Amerika Serikat itu mencatatkan double-double dengan 22 poin dan 11 rebounds.
Performa Branch dan Kaleb Wesson turut menunjang. Branch menorehkan 17 poin sementara Wesson mengukir 13 rebound.
(raw/yna)",sport,https://sport.detik.com/basket/d-8551417/bogor-hornbills-juara-ibl-2026-usai-kalahkan-pelita-jaya-di-game-5
97,"Pelita Jaya Tergiur tampil di East Asia Super League (EASL), kompetisi elite basket Asia. Niatan itu muncul setelah General Manager EASL, Adam Zecha, mengunjungi langsung markas Pelita Jaya di PJ Arena, kawasan Kuningan, Jakarta, Kamis (21/5/2026).
Dalam kunjungannya, Adam didampingi Manajer Tim Pelita Jaya, Adhi Pratama. Mereka meninjau berbagai fasilitas mulai dari arena pertandingan, hotel, hingga akses transportasi umum di sekitar venue.
Kebetulan, skuad Pelita Jaya juga tengah menjalani latihan menuju final four Indonesian Basketball League (IBL) yang dimulai 23 Mei mendatang.
""Saya berada di sini karena Indonesia adalah pasar besar. Indonesia memiliki musim bola basket yang indah. Dan kami memiliki hubungan dengan IBL. Hari ini saya mendapat kesempatan datang bertemu tim Pelita Jaya dan melihat markas mereka, bagaimana fasilitas tim dan berbicara tentang EASL,"" kata Adam.
EASL Nilai Fasilitas Pelita Jaya Memadai
Adam menilai fasilitas Pelita Jaya sangat mendukung untuk level kompetisi internasional. Menurutnya, lokasi PJ Arena juga strategis karena dekat dengan transportasi umum dan hotel.
""Fasilitas Pelita Jaya sangat baik. Lokasi venue dikelilingi banyak transportasi umum, sehingga akan memudahkan penonton yang datang, juga dekat dengan hotel.""
""Sekarang, kami fokus ke Asia Tenggara. Semoga suatu hari nanti, kita bisa bekerja bersama,"" ujar Adam.
Pelita Jaya Minat Tambah Jam Terbang
Manajemen Pelita Jaya menyambut positif peluang tampil di EASL. Adhi Pratama menyebut kompetisi tersebut bisa meningkatkan pengalaman para pemain, terutama pemain muda.
""Sampai saat ini belum ada kepastian (apakah PJ main di EASL). Mereka masih lihat venue dan lain-lain. Tapi kalau kami main EASL tentu dapat meningkatkan jam terbang para pemain, terutama yang muda, dengan level yang lebih tinggi,"" kata Adhi.
""Kami lihat tim-tim EASL bagus-bagus. Pemain kami butuh pertandingan yang lebih banyak jadi bagus bila bisa ikutan untuk menambah jam terbang pemain,"" tambahnya.
Agassi: Level EASL di Atas Kami
Pebasket Pelita Jaya, Agassi Goantara, juga antusias dengan kemungkinan tampil di EASL. Menurutnya, kompetisi itu akan memberi pengalaman besar untuk para pemain Indonesia.
""Bagi kami bagus banget secara pengalaman dan level yang notabene mereka semua bisa dibilang di atas kita semua.""
""Jadi jika bisa ikut EASL tentu menjadi suatu pencapaian lebih,"" kata Agassi.
EASL Diikuti Klub-klub Elite Asia
EASL sudah berjalan selama tiga musim dan jumlah pesertanya terus bertambah.
Saat ini terdapat 12 tim peserta dari:
- Jepang
- Korea Selatan
- Taiwan
- Mongolia
- Hong Kong
- Macau
Musim lalu, klub Jepang Utsunomiya Brex keluar sebagai juara musim 2025/2026. Mereka mengalahkan Taoyuan Pauian Pilots dengan skor 90-81 di final.",sport,https://sport.detik.com/basket/d-8498395/pelita-jaya-tergiur-main-di-east-asia-super-league
98,"Bintang NBA Kyrie Irving menyapa fansnya di Indonesia. Kyrie berkesempatan menjajal kemampuan legenda basket Indonesia Ali Budimansyah.
Setelah mengunjungi beberapa kota di China, Irving menyambangi Indonesia dalam rangka World Tour 2026 ""The Return"". Pebasket Dallas Mavericks itu didatangkan sponsor pribadinya, Anta.
Indonesia menjadi satu-satunya negara Asia Tenggara yang dikunjungi Irving. Serangkaian kegiatan diadakan Anta Indonesia bersama Irving. Rangkaian kegiatan dirancang untuk mempererat interaksi antara Irving dengan komunitas basket Indonesia melalui berbagai aktivitas inspiratif dan interaktif.
Pantas ketika Irving mendatangi City Hall Pondok Indah Mall 3, Jakarta Selatan, Selasa (30/6/2026) sore WIB, ribuan pengunjung yang datang langsung meneriakkan namanya.
Sebelum itu, Irving juga sudah disambut meriah ratusan penggemarnya saat meresmikan pembukaan store Anta di Pondok Indah Mall 1. Irving tidak datang sendirian karena ditemani keluarganya termasuk sang ayah.
Irving langsung berinteraksi dengan para penggemarnya, komunitas basket, serta sejumlah pebasket nasional yang hadir di sana. Irving tak segan melayani permintaan foto dan tanda tangan dari fansnya.
""Senang sekali bisa berada di Jakarta. Ini pertama kalinya saya ada di Indonesia. Ini merupakan bagian dari tugas saya sebagai atlet, berbagai kegembiraa dengan fans di seluruh dunia,"" ujar Irving dalam sambutannya.
Tak lupa Irving juga memberikan salam dalam bahasa Indonesia ketika disapa presenter Muthia Wirosastro.
""Apa kabar?,"" sahut Irving yang disambut riuh-rendah penonton.
Puncak acaranya adalah Irving didaulat sebagai pelatih dari tim basket mini menghadapi tim yang ditangani legenda basket Indonesia Ali Budimansyah.
Tim asuhan Ali menang dengan skor telak 12-3 dalam format 4x4 tersebut. Sepanjang laga berdurasi tidak sampai 10 menit itu, Irving beberapa kali memberikan instruksi serta kalimat motivasi kepada para pebasket muda usia di bawah 14 tahun itu.
Bahkan ketika tim asuhannya tertinggal cukup jauh 2-10, Irving sempat menyinggung pengalamannya bersama Cleveland Cavaliers saat jadi juara NBA 2016. Kala itu Cavaliers tertinggal 1-3 dari Golden State Warriors, sebelum akhirnya menang 4-3 dan meraih titel NBA pertama dalam sejarah.
Cavaliers bahkan mencatatkan sejarah sebagai satu-satunya tim yang jadi juara NBA usai mengembalikan defisit dua gim dari lawannya.
""Ah, saya pernah merasakan pengalaman seperti ini, tertinggal 1-3 dan Anda tahu seperti apa kan hasilnya Jadi jangan menyerah,"" kata Irving yang disertai tepuk tangan penonton.
Beberapa pebasket IBL juga berkesempatan berinteraksi dengan Irving seperti Rio Disi, Surliyadin, Sandy Ibrahim, Kevin Moses Poetiray, dan Althof Satrio. Mereka sempat bertanding 3x3 melawan tim Filipina San Beda University sesaat sebelum Irving tiba.
(mrp/ran)",sport,https://sport.detik.com/basket/d-8554599/kyrie-irving-lawan-legenda-basket-indonesia-singgung-final-nba-2016
99,"Atmosfer kompetisi bola basket Indonesia terus berkembang dari tahun ke tahun. Antusiasme penonton, kualitas permainan, hingga pengalaman menonton langsung di arena kini menjadi bagian penting dari industri olahraga yang semakin matang.
Memasuki musim terbaru, Indonesian Basketball League (IBL) kembali hadir dengan gebrakan yang membuat setiap pertandingan terasa lebih hidup.
Musim IBL GoPay 2026 menjadi musim ke-23 yang menghadirkan pertandingan dengan intensitas lebih tinggi, rivalitas yang semakin kuat, dan pengalaman menonton yang jauh lebih engaging. Salah satu tim yang selalu jadi sorotan adalah Pelita Jaya Bakrie Jakarta, klub legendaris yang telah berdiri lebih dari 37 tahun dan konsisten menghadirkan permainan kompetitif.
Bermain di kandang sendiri, Pelita Jaya tidak hanya menawarkan pertandingan basket, tetapi juga experience yang terasa seperti hiburan penuh. Mulai dari interaksi penonton, atmosfer tribun, hingga momentum-momentum krusial di lapangan, semuanya dirancang untuk membuat kamu benar-benar terlibat dalam setiap detik pertandingan.
Menonton satu atau dua pertandingan memang seru, tapi mengikuti seluruh perjalanan tim selama satu musim memberikan sensasi yang berbeda. Dari awal kompetisi hingga penentuan posisi klasemen, kamu bisa merasakan dinamika tim secara utuh. Di sinilah konsep Season Pass menjadi pilihan yang semakin menarik.
| Baca juga: Agar Pelita Jaya Makin Besar di Jakarta | 
Season Pass Pelita Jaya IBL GoPay 2026 hadir sebagai tiket bundling yang memberikan akses ke seluruh pertandingan Home Game selama Regular Season, mulai dari 24 Januari hingga 10 Mei 2026.
Dengan satu kali pembelian, kamu tidak perlu lagi repot berburu tiket setiap match, semuanya sudah terjamin sesuai kategori tempat duduk yang kamu pilih.
Selain kemudahan akses, Season Pass juga memberikan nilai lebih dari sisi pengalaman. Kamu bisa memiliki ""ritual"" nonton rutin, mengenal pola permainan tim, hingga ikut menjadi bagian dari komunitas fans yang loyal. Ini bukan sekadar menonton pertandingan, tapi membangun koneksi dengan klub yang kamu dukung.
Untuk kamu yang ingin menikmati seluruh rangkaian pertandingan tanpa ribet, tiket Season Pass Pelita Jaya IBL GoPay 2026 di detikevent menjadi solusi praktis sekaligus strategis. Dengan sistem yang terintegrasi, kamu bisa memastikan tempat di setiap laga tanpa khawatir kehabisan tiket di pertandingan big match.
Musim ini bukan hanya tentang siapa yang menang, tapi tentang bagaimana kamu menikmati setiap perjalanan pertandingan. Dan dengan Season Pass, kamu tidak akan melewatkan satu momen pun.
Yuk, beli tiket untuk seluruh akses di match pelita jaya musim ini hanya di detikevent!
(aff/aff)",sport,https://sport.detik.com/basket/d-8423477/satu-tiket-untuk-nonton-semua-match-pelita-jaya-2026-tanpa-ribet-di-detikevent
100,"Pelita Jaya Basketball umumkan perekrutan Perrin Buford. Small Forward berpaspor Amerika Serikat ini salah satu pemain paling dominan dalam sejarah B.League Jepang.
Musim ini, pemain berusia 32 tahun itu bermain bersama Al Riyadi Lebanon. Al Riyadi merupakan juara FIBA BCL Asia dan salah satu klub paling dominan di Asia.
Buford merupakan pemain serba bisa, yang dalam empat musim terakhir konsisten menjadi top 5 performer di B.League. Ia punya rataan poin, rebound, assist, dan blok yang tinggi.
Termasuk juga meraih gelar scoring champion B.League 2024 dan runner-up assist leader pada musim yang sama. Sampai-sampai muncul julukan 'Mr Triple Double' dari pelatih kepala Klub Shimane.
""Ini langkah strategis kami untuk memastikan tim berada dalam kondisi terbaik menuju playoffs dan mencapai target juara IBL musim 2026,"" kata Vice President Pelita Jaya Jeremy Santoso, dalam keterangannya, Minggu (12/4/2026).
""Kami percaya Perrin akan meningkatkan daya saing tim sekaligus memberikan tontonan yang entertaining bagi para PJ Holics,"" ujarnya menambahkan.
Buford datang untuk menggantikan Amarie Archibald yang jadi andalan Pelita Jaya pada paruh pertama musim IBL 2026. Buford akan melengkapi komposisi pemain asing Pelita Jaya bersama Darious Moten dan Jeff Withey.
Pelita Jaya hampir dipastikan lolos ke playoff IBL 2026. Tim asuhan David Singleton itu memimpin klasemen musim reguler dengan rekor 13 kemenangan dan cuma sekali kalah.
""Kami juga menyampaikan apresiasi yang setinggi-tingginya kepada seluruh sponsor dan partner tim, khususnya Gubernur Jakarta Bapak Pramono Anung atas dukungan dan kepercayaan dalam mendorong kemajuan ekosistem dan industri olahraga, khususnya bola basket di Jakarta"" tutur Jeremy.
| Baca juga: Agar Pelita Jaya Makin Besar di Jakarta | 
(mro/raw)",sport,https://sport.detik.com/basket/d-8441234/jelang-play-off-pelita-jaya-rekrut-top-skor-liga-jepang-perrin-buford
101,"Direktorat Jenderal Pajak (DJP) menyampaikan sebanyak 38 wajib pajak (WP) di sektor besi dan baja telah masuk dalam berbagai tahapan penanganan per 26 Agustus 2026. Menteri Keuangan (Menkeu) Purbaya Yudhi Sadewa sebelumnya telah mengantongi daftar 40 perusahaan sektor baja yang diduga tidak patuh dalam hal perpajakan.
Direktur Jenderal Pajak Bimo Wijayanto mengatakan penanganan terhadap sektor besi dan baja sebenarnya telah berjalan melalui berbagai fungsi di DJP.
""Penanganannya tidak hanya berbentuk pemeriksaan, tetapi juga mencakup pengawasan, pendalaman data, case building, Pemeriksaan Bukti Permulaan, hingga penegakan hukum sesuai dengan tingkat risiko dan karakteristik masing-masing wajib pajak,"" ujar Bimo dalam keterangan, dikutip Rabu (2/9/2026).
Berdasarkan hasil analisis dan penanganan yang telah dilakukan, DJP menemukan sejumlah pola ketidakpatuhan pada sektor besi dan baja. Pola tersebut antara lain berupa penjualan yang tidak dilaporkan sebagaimana mestinya dan tidak disertai penerbitan Faktur Pajak sehingga PPN yang seharusnya dipungut menjadi tidak teradministrasikan; penggunaan rekening pihak lain atau nominee sehingga aliran pembayaran tidak tercermin secara utuh dalam pembukuan wajib pajak; pembayaran langsung dari pelanggan kepada pemasok sementara wajib pajak berperan sebagai perantara dalam transaksi; serta penerbitan maupun penggunaan Faktur Pajak yang tidak didasarkan pada transaksi yang sebenarnya untuk membentuk atau mengkreditkan Pajak Masukan yang tidak semestinya.
Setiap wajib pajak tetap ditangani berdasarkan data, fakta, dan bukti masing-masing. Temuan pola ketidakpatuhan tersebut tidak berarti bahwa seluruh pelaku usaha pada sektor besi dan baja melakukan pelanggaran.
Dari 38 wajib pajak tersebut, sebagian ditangani secara beririsan melalui fungsi pengawasan, pemeriksaan, dan penegakan hukum untuk tahun pajak yang berbeda. Melalui fungsi pengawasan, terdapat 16 wajib pajak yang telah melakukan pembayaran, sementara melalui fungsi pemeriksaan terdapat 13 wajib pajak yang telah melakukan pembayaran.
Penanganan juga dikembangkan terhadap pihak-pihak yang memiliki keterkaitan dengan 38 wajib pajak tersebut. Berdasarkan analisis data dan transaksi, DJP menelusuri rantai transaksi, termasuk pemasok, pelanggan, dan pihak terkait lainnya, untuk memperoleh gambaran kepatuhan secara lebih utuh.
DJP juga tidak hanya melihat satu wajib pajak secara terpisah. Apabila berdasarkan analisis data dan transaksi ditemukan keterkaitan dengan pihak lain, pengembangan penanganan dilakukan terhadap rantai transaksi, termasuk pemasok, pelanggan, maupun pihak terkait lainnya.
Dari penanganan terhadap 38 wajib pajak tersebut, telah diperoleh penerimaan pajak sebesar Rp 326,60 miliar. Penerimaan tersebut berasal dari pengungkapan ketidakbenaran dalam proses Pemeriksaan Bukti Permulaan sebesar Rp 224,19 miliar, pembayaran melalui fungsi pengawasan sebesar Rp 96,08 miliar, serta pembayaran melalui fungsi pemeriksaan sebesar Rp 6,33 miliar.
Penanganan DJP tidak berhenti pada 38 wajib pajak tersebut. Berdasarkan pengembangan atas keterkaitan dan rantai transaksi, DJP juga melakukan penanganan terhadap pihak-pihak yang terkait atau menjadi lawan transaksi dari 38 wajib pajak tersebut. Pengembangan ini mencakup penanganan terhadap 485 wajib pajak untuk tahun pajak 2021-2026, dengan penerimaan pajak sebesar Rp 380,50 miliar. Selain itu, Pemeriksaan Bukti Permulaan terhadap 20 wajib pajak sektor besi dan baja lainnya menghasilkan penerimaan pajak sebesar Rp 118,18 miliar.
Dengan demikian, penerimaan dari pengembangan penanganan di luar 38 wajib pajak tersebut mencapai Rp 498,68 miliar. Jika digabungkan dengan penerimaan dari penanganan terhadap 38 wajib pajak sebesar Rp 326,60 miliar, total penerimaan pajak yang telah diperoleh dari rangkaian penanganan sektor besi dan baja tersebut mencapai Rp 825,28 miliar.
Jumlah tersebut belum mencerminkan keseluruhan potensi penerimaan. Terhadap sejumlah wajib pajak masih berlangsung proses pengawasan, pemeriksaan, pendalaman, maupun penegakan hukum. Dengan demikian, masih terdapat potensi kewajiban perpajakan yang akan ditentukan berdasarkan hasil pengujian sesuai dengan ketentuan peraturan perundang- undangan.
DJP menegaskan bahwa penanganan sektor besi dan baja bukan semata-mata ditujukan untuk memperoleh tambahan penerimaan negara. Langkah tersebut juga merupakan bagian dari upaya membangun kepatuhan yang berkelanjutan dan menciptakan perlakuan yang adil bagi seluruh pelaku usaha.
Ketidakpatuhan perpajakan tidak hanya berpotensi mengurangi penerimaan negara, tetapi juga dapat menciptakan persaingan usaha yang tidak sehat. Pelaku usaha yang telah menjalankan kewajiban perpajakannya dengan benar tidak seharusnya berada pada posisi yang kurang menguntungkan dibandingkan dengan pihak yang memperoleh keuntungan melalui praktik ketidakpatuhan.
""Prinsipnya, wajib pajak yang patuh harus memperoleh pelayanan dan kepastian. Wajib pajak yang belum patuh kami dorong untuk memperbaiki kepatuhannya. Namun, apabila berdasarkan bukti ditemukan adanya pelanggaran yang memenuhi unsur tindak pidana perpajakan, DJP akan melakukan penegakan hukum secara tegas sesuai dengan ketentuan yang berlaku,"" ujar Bimo.
DJP akan terus memperkuat pengawasan berbasis data, mengembangkan penanganan terhadap pihak-pihak yang terkait dalam rantai transaksi, serta memastikan seluruh proses pengawasan, pemeriksaan, dan penegakan hukum dilaksanakan secara profesional, objektif, akuntabel dan berintegritas.
Pendekatan tersebut diperlukan karena pola ketidakpatuhan perpajakan dapat melibatkan lebih dari satu pihak maupun mata rantai transaksi. Karena itu, DJP melakukan penelusuran berdasarkan data, aliran transaksi, dan dokumen perpajakan untuk memperoleh gambaran yang utuh mengenai kepatuhan wajib pajak.
Berdasarkan posisi data sampai dengan 26 Agustus 2026, sebanyak 38 wajib pajak sektor besi dan baja telah berada dalam berbagai tahapan penanganan DJP sebagai berikut:
- Pemeriksaan Bukti Permulaan masih berjalan: total 8 wajib pajak (WP)
- Pemeriksaan Bukti Permulaan selesai: total 12 WP, terdiri dari:
1) Penghentian Setelah Pengungkapan Ketidakbenaran sesuai Pasal 8 ayat (3) UU KUP: 11 WP
2) Diusulkan ke Tahap Penyidikan: 1 WP
- Dalam Tahap Case Building: 14 WP
- Usul Pemeriksaan Bukti Permulaan telah Disetujui: 1 WP
- Dalam pengawasan: 3 WP
(acd/acd)",finance,https://finance.detik.com/berita-ekonomi-bisnis/d-8644439/djp-ungkap-modus-perusahaan-baja-kemplang-pajak
102,"Ketersediaan darah menjadi salah satu penopang penting dalam layanan kesehatan masyarakat. Namun, pemenuhannya membutuhkan partisipasi berbagai pihak untuk memastikan stok darah tetap tersedia bagi masyarakat yang membutuhkan.
Berdasarkan standar Organisasi Kesehatan Dunia (WHO), kebutuhan darah ideal suatu negara mencapai sekitar 2% dari total populasi. Dengan jumlah penduduk Indonesia yang mencapai lebih dari 280 juta jiwa, kebutuhan darah nasional diperkirakan mencapai sekitar 5,6 juta kantong per tahun.
Besarnya kebutuhan tersebut membuat upaya menjaga ketersediaan darah tidak dapat bergantung pada satu pihak. Diperlukan keterlibatan berbagai elemen masyarakat untuk memenuhi kebutuhan darah secara berkelanjutan.
Merespons kebutuhan tersebut, Bank Mandiri bersama Palang Merah Indonesia (PMI) dan sejumlah fasilitas kesehatan turut berkontribusi melalui program Mandiri Donor Darah yang dilaksanakan secara rutin di berbagai wilayah Indonesia.
Kegiatan ini menjadi salah satu bentuk kepedulian Bank Mandiri terhadap kebutuhan masyarakat sekaligus menjadi ruang bagi Mandirian, nasabah, dan masyarakat untuk berbagi melalui aksi kemanusiaan. Program tersebut juga diselenggarakan dalam rangka menyambut HUT ke-28 Bank Mandiri dengan semangat ""Tumbuh Bersama Majukan Indonesia"".
SEVP Corporate Relations Bank Mandiri Wisnu Trihanggodo mengatakan, sejak pertama kali dilaksanakan pada April 2026, Mandiri Donor Darah telah menghimpun lebih dari 19.000 kantong darah hingga periode kelima pelaksanaan.
Jumlah tersebut terkumpul melalui keterlibatan pegawai Bank Mandiri, nasabah, masyarakat, PMI, serta berbagai fasilitas kesehatan yang mendukung pelaksanaan kegiatan.
""Kebutuhan darah hadir setiap hari. Karena itu, kami melihat pentingnya menjaga kontribusi ini agar terus berlanjut. Melalui Mandiri Donor Darah, kami bersama PMI mengajak Mandirian, nasabah, dan masyarakat untuk terus mengambil bagian dalam membantu memenuhi kebutuhan darah bagi mereka yang membutuhkan,"" ujar Wisnu dalam keterangan resminya, Kamis (3/9/2026).
Bank Mandiri kembali bekerja sama dengan PMI dan sejumlah fasilitas kesehatan untuk menyelenggarakan donor darah secara serentak di 12 region Bank Mandiri yang tersebar di berbagai wilayah Indonesia.
Kegiatan tersebut menargetkan 280 pendonor di setiap region dengan melibatkan pegawai Bank Mandiri, nasabah, dan masyarakat umum di sekitar wilayah operasional perusahaan.
Pelaksanaan di 12 region mempertemukan berbagai pihak dalam satu kegiatan. Bagi Bank Mandiri, keterlibatan pegawai, nasabah, dan masyarakat menjadi bagian penting untuk menjaga keberlangsungan kegiatan donor darah sekaligus memperluas manfaatnya di berbagai wilayah.
""Kami berterima kasih kepada seluruh pihak yang telah berpartisipasi dalam Mandiri Donor Darah. Setiap kantong darah yang terkumpul dapat berarti bagi mereka yang membutuhkan. Sejalan dengan semangat Melayani Sepenuh Hati, kami akan terus menjaga kolaborasi ini dan membuka ruang bagi semakin banyak pihak untuk ikut berbagi,"" pungkas Wisnu.
(ega/prf)",finance,https://finance.detik.com/berita-ekonomi-bisnis/d-8646271/jaga-ketersediaan-darah-bank-mandiri-gelar-donor-di-12-region
103,"Beberapa perusahaan diduga menjadi penyebab kebakaran hutan dan lahan (karhutla) di sejumlah daerah. Kementerian Lingkungan Hidup (KLH)/Badan Pengendalian Lingkungan Hidup (BPLH) menyatakan ada 19 perusahaan yang dimintai pertanggungjawaban karena disebut memicu karhutla.
Deputi Penegakan Hukum KLH/BPLH Irjen Pol Rizal Irawan menyatakan secara keseluruhan 19 perusahaan tersebut tersebar di provinsi-provinsi di Sumatera dan Kalimantan dengan total area terbakar mencapai sekitar 11.046,69 hektare.
Dia mengatakan, penegakan hukum terhadap kasus karhutla dilakukan melalui tiga jalur, yakni sanksi administratif, sengketa lingkungan hidup atau gugatan perdata, dan pidana.
""Perkara pidana akan ditangani oleh penyidik dari Polri, mulai dari tingkat Polda, Polres, maupun Mabes Polri,"" ungkap Rizal dalam keterangan resmi Badan Komunikasi Pemerintah (Bakom RI), Selasa (1/9/2026).
| Baca juga: BEI Bicara Dampak Karhutla ke Lantai Bursa | 
Dari 19 perusahaan yang disebut Rizal, tercatat ada 7 yang berada di Kalimantan Barat dengan total area terbakar mencapai 2.260,08 hektare.
Selain itu, 4 perusahaan berada di Sumatera Selatan dengan total area terbakar 772,72 hektare. Kemudian di Kalimantan Selatan, terdapat 3 perusahaan dengan total area terbakar mencapai 6.595,15 hektare, luasan terbesar dibandingkan wilayah lain.
Selanjutnya, 2 perusahaan berada di Kalimantan Tengah dengan total area terbakar 99,40 hektare, salah satunya memiliki area terbakar sekitar lima hektare. Sementara itu, di Lampung terdapat 1 perusahaan dengan area terbakar seluas 202,73 hektare, dan di Riau 1 perusahaan tercatat memiliki area terbakar sekitar 7,10 hektare.
Pihaknya juga mencatatkan ada potensi kerugian sekitar Rp 5,3 triliun dari kasus karhutla yang terjaring pihaknya sejak 2023 hingga 2025.
""Periode 2023 sampai 2025, perkara yang belum selesai total ada 32 perkara, dengan potensi kerugian lingkungan hidup sebesar Rp5,30 triliun,"" ujar Rizal.
Lihat juga Video: KLH Usut 19 Perusahaan Terkait Kebakaran Lahan 11 Ribu Hektare",finance,https://finance.detik.com/berita-ekonomi-bisnis/d-8643003/19-perusahaan-jadi-biang-kerok-karhutla
104,"Presiden Prabowo Subianto mengaku pemerintah sempat menolak pinjaman uang dari Dana Moneter Internasional (International Monetary Fund/IMF). Penolakan tersebut dilakukan saat Menteri Keuangan (Menkeu) Purbaya Yudhi Sadewa ditawari langsung pinjaman oleh IMF.
Kala itu, Prabowo menerangkan Purbaya menolak tawaran pinjaman dari IMF atas alasan keuangan Indonesia yang masih kuat. Menurutnya Indonesia tetap kuat tanpa pinjaman IMF.
""Saya kira kemarin, berapa bulan yang lalu, kaget Menteri Keuangan kita di Washington DC ditawarin pinjaman dari IMF. Kita tolak, terima kasih! Indonesia masih bisa tanpa pinjaman dari IMF,"" ujar Prabowo dalam sambutannya di Penutupan Muktamar ke-35 NU, dikutip dari YouTube Sekretariat Presiden, Senin (31/8/2026).
Prabowo menegaskan pemerintah berkomitmen mengurangi ketergantungan terhadap pinjaman luar negeri. Namun, pemerintah memilih mendorong investasi masuk ke dalam negeri ketimbang mengandalkan utang luar negeri.
Jika pinjaman memang diperlukan, ia menekankan pembiayaannya harus dipilih secara selektif, terutama dengan mempertimbangkan tingkat bunganya.
""Kita sekarang berusaha tidak mau terlalu banyak pinjam-pinjam uang dari mana-mana, kalau ajak investasi boleh,"" jelas Prabowo.
Prabowo mengatakan, pemerintah sendiri telah melakukan berbagai penghematan. Penghematan yang dilakukan juga mendekati Rp 300 triliun per tahun dan akan langsung digelontorkan untuk berbagai program yang menyentuh masyarakat.
""Penghematan kita di berbagai bidang sudah mendekati, tiap tahun lebih dari Rp 200 triliun, mendekati Rp 300 triliun tiap tahun. Uang ini lah yang kita alihkan, yang kita gelontorkan sebesar-besarnya langsung ke rakyat,"" pungkas Prabowo.
(ahi/hal)",finance,https://finance.detik.com/berita-ekonomi-bisnis/d-8642626/alasan-prabowo-tolak-utang-imf
105,"Bank Indonesia (BI) memproyeksikan pertumbuhan ekonomi negara-negara emerging market melambat menjadi 3,9%. Perlambatan ini dipengaruhi meningkatnya ketegangan antara Amerika Serikat (AS) dan Iran yang berdampak pada inflasi global serta penguatan dolar AS.
Pejabat Gubernur Sementara (Pgs) BI, Desrty Damayanti, mengatakan ketegangan AS dan Iran pada awal Juli bulan lalu mengancam kesepakatan perdamaian yang telah dicapai pada pertengahan Juni. Prospek pertumbuhan ekonomi global juga disebut hanya sebesar 3%, kemudian negara emerging market 3,9%, dan negara maju hanya 1,7%.
""Ketegangan antara AS dan Iran kembali memanas pada awal Juli dan mengancam intern deal yang dilakukan pada pertengahan Juni 2026. Akibatnya prospek pertumbuhan ekonomi dunia 2026 akan tetap lemah sebesar 3%, penurunan terjadi baik di negara emerging market yang melambat menjadi sebesar 3,9%, maupun negara maju yang hanya tumbuh diperkirakan sebesar 1,7%,"" ungkap Destry dalam Raker bersama Komisi XI DPR di Kompleks Parlemen, Senayan, Jakarta, Selasa (1/9/2026).
Ketegangan dua negara tersebut juga diperkirakan akan menekan inflasi global pada level yang tinggi di kisaran 4,5%. Kemudian mata uang AS diperkirakan tetap kuat pada sejumlah negara emerging market.
""Hal ini sejalan dengan tingginya suku bunga di AS, pelarian modal di emerging market ke Amerika Serikat, dan tingginya risiko global tersebut. Seluruh kondisi ini memberikan tekanan pelemahan nilai tukar, hampir seluruh mata uang dunia dengan tekanan yang lebih besar pada mata uang negara emerging market, termasuk Indonesia,"" terangnya.
Lantas bagaimana prospek pertumbuhan ekonomi RI?
Destry mengatakan, perekonomian RI diproyeksikan masih tetap baik. Untuk tahun 2026, BI memproyeksikan pertumbuhan ekonomi Indonesia pada kisaran 4,9% hingga 5,7%. Kemudian untuk tahun 2027, pertumbuhan ekonomi RI diperkirakan pada kisaran 5,2% hingga 6%.
Destry menjelaskan, pertumbuhan ekonomi Indonesia tahun depan akan ditopang oleh keyakinan pelaku ekonomi dan pertumbuhan investasi yang juga didukung peran Badan Pengelola Investasi Indonesia (BPI) Daya Anagata Nusantara (Danantara).
""Pertumbuhan ekonomi Indonesia 2026 dan 2027 diperkirakan tetap baik. Pada tahun 2026, Bank Indonesia memperkirakan pertumbuhan ekonomi berada di kisaran 4,9% hingga 5,7%. Sementara di 2027, Bank Indonesia memperkirakan pertumbuhan ekonomi akan meningkat dalam kisaran 5,2% hingga 6% didukung keyakinan pelaku ekonomi yang meningkat serta kenaikan investasi khusus yang berasal dari Danantara,"" jelasnya.
Destri menjelaskan, pertumbuhan ekonomi Indonesia hingga kuartal II-2026 masih menunjukan prospek baik, yakni sebesar 5,29%. Sementara pada kuartal I-2026, pertumbuhan ekonomi RI diketahui sebesar 5,6%.
Pertumbuhan ekonomi ini ditopang oleh stimulus fiskal yang berdampak pada peningkatan konsumsi pemerintah dan investasi. Selain itu, konsumsi pemerintah tetap tumbuh tinggi yang ditopang oleh peningkatan belanja pegawai, termasuk pembayaran gaji ke-13 dan belanja barang dan jasa terkait program Makan Bergizi Gratis (MBG).
Kemudian untuk kuartal III-2026, Destry mengatakan ekonomi RI masih akan tumbuh baik. Sinyal pertumbuhan tersebut tercermin dari indeks ekspektasi penghasilan (IEP) hingga Purchasing Manufacturing Index (PMI) Indonesia yang kembali naik pada bulan Juli 2026.
""Perkembangan terkini pada triwulan III-2026 menunjukkan kegiatan ekonomi di dalam negeri tetap baik. Indeks ekspektasi penghasilan pada Juli 2026 tetap terjaga pada semua kelompok penghasilan didorong dampak percepatan konsumsi pemerintah, meskipun perlu terus ditingkatkan untuk memanfaatkan momentum kuatnya stimulus fiskal,"" pungkasnya.
Tonton juga video ""Tok! DPR Tetapkan Destry Damayanti Jadi Gubernur BI 2026-2031""
(acd/acd)",finance,https://finance.detik.com/berita-ekonomi-bisnis/d-8643803/global-masih-gelap-bos-bi-bicara-soal-prospek-ekonomi-ri
106,"Presiden Prabowo Subianto mengajak pengusaha Rusia untuk bekerja sama dan ikut andil dalam pengembangan perekonomian Indonesia. Prabowo menyatakan kerja sama di masa depan antara Indonesia dan Rusia mesti jauh lebih besar dibanding hanya sekadar perdagangan barang.
Prabowo mengajak pengusaha Rusia untuk ikut membangun industri di dalam negeri dan menciptakan nilai tambah bersama. Ajakan ini diungkapkan olehnya dalam pidatonya di Eastern Economic Forum, Vladivostok Rusia. Orang nomor satu di Indonesia itu bahkan berbicara satu panggung dengan Presiden Rusian Vladimir Putin.
""Saya sampaikan langsung kepada dunia usaha Rusia, datang lah ke Indonesia, bekerja bersama kami, berproduksilah bersama kami. Mari kita membangun industri bersama, mari kita menciptakan nilai bersama,"" ujar Prabowo dalam pidato siaran resmi Sekretariat Presiden,Kamis(3/9/2026).
Di bidang energi, Prabowo menyambut kerja sama Rusia yang dapat meningkatkan produktivitas eksplorasi, produksi, dan pengolahan minyak dan gas. Dalam ketahanan pangan, Indonesia ingin melihat peluang untuk bekerja sama soal pemanfaatan teknologi pertanian, benih unggul, pembibitan ternak, mekanisasi pertanian, pengolahan pangan, serta produksi pupuk bersama.
Dalam industrialisasi, Indonesia dan Rusia harus bersama-sama menciptakan nilai tambah. Prabowo menyambut kemitraan dalam pengolahan hilir dan dalam menghasilkan barang-barang yang digunakan masyarakat kita setiap hari seperti makanan, produk rumah tangga, pakaian, furnitur, obat-obatan, dan elektronik konsumen.
""Kami mencari pengetahuan dan investasi dalam energi terbarukan, jaringan listrik pintar, serta tenaga nuklir untuk tujuan damai, termasuk teknologi modular dan teknologi berskala penuh, dengan standar keselamatan tertinggi dan perlindungan internasional,"" beber Prabowo.
Indonesia, kata Prabowo, juga menyambut kerja sama dengan Rusia di bidang antariksa, pendidikan tinggi, dan transportasi. Dari Indonesia, Prabowo juga mengajak sektor bisnis Rusia bisa menjangkau pasar ASEAN yang lebih luas.
Lebih jauh Prabowo juga bicara soal pembentukan dan peran BPI Danantara kepada para pengusaha. Dia mengatakan lembaga dana kekayaan atau sovereign wealth fund (SWF) negara itu memiliki aset kelolaan besar hingga US$ 1 triliun.
Dengan aset sebesar itu, Danantara bisa bertindak menjadi jembatan tempat pasar modal dan tujuan strategis Rusia dan Indonesia bertemu. Prabowo juga mengajak SWF Rusia ikut serta bekerja sama dengan Danantara mengembangkan proyek menjanjikan di Indonesia.
""Danantara dan sovereign wealth fund Rusia, Russian Direct Investment Fund (RDIF), dapat bergerak mengidentifikasi peluang menjadi pembiayaan proyek-proyek yang layak didanai,"" beber Prabowo.
Tonton juga video ""Prabowo ke Putin: RI Tingkatkan Kerja Sama demi Keuntungan Kedua Negara""
(hal/ara)",finance,https://finance.detik.com/berita-ekonomi-bisnis/d-8646951/prabowo-ke-pengusaha-rusia-datanglah-ke-ri-bekerja-bersama-kami
107,"Antusiasme pelaku usaha mikro dan kecil untuk meningkatkan kapasitas bisnis terus meningkat. Hal ini terlihat dari jumlah pendaftar Pertamina UMK Academy 2026 yang mencapai lebih dari 4.000 pelaku Usaha Mikro, Kecil, dan Menengah (UMKM) selama periode pendaftaran 21-31 Agustus 2026.
Program pembinaan usaha lokal unggulan dari PT Pertamina (Persero) tersebut resmi menutup masa pendaftaran pada 31 Agustus 2026.
Jumlah pendaftar tahun ini meningkat hampir dua kali lipat dibandingkan pelaksanaan program pada periode 2025.
Peningkatan tersebut menunjukkan tingginya minat pelaku UMKM untuk mendapatkan pembinaan, pendampingan, serta penguatan kapasitas usaha agar mampu berkembang dan memiliki daya saing lebih baik.
Pertamina UMK Academy merupakan salah satu program Tanggung Jawab Sosial dan Lingkungan (TJSL) Pertamina yang telah diinisiasi sejak 2020.
Program ini berfokus pada pengembangan masyarakat melalui peningkatan kemampuan dan kapabilitas pelaku usaha lokal di Indonesia.
Vice President Corporate Communication PT Pertamina (Persero), Muhammad Baron mengatakan tingginya jumlah pendaftar menunjukkan semangat pelaku UMK untuk terus belajar dan mengembangkan usahanya.
""Antusiasme pendaftar menunjukkan besarnya semangat pelaku UMK Indonesia untuk mengembangkan usahanya. Melalui Pertamina UMK Academy, peserta tidak hanya memperoleh pengetahuan, tetapi juga didampingi untuk menerapkan pembelajaran secara langsung sesuai dengan kebutuhan dan perkembangan usahanya,"" ujarnya dalam keterangan tertulis, Selasa (1/9/2026).
Setelah proses pendaftaran ditutup, para pelaku UMK yang telah mendaftar akan melalui tahapan kurasi dan verifikasi administrasi sesuai dengan persyaratan yang telah ditentukan.
Tahapan tersebut dilakukan untuk menentukan peserta yang berhak mengikuti rangkaian pembinaan Pertamina UMK Academy 2026.
Program pembinaan Pertamina UMK Academy dilakukan secara terstruktur melalui dua tahap, yaitu pembinaan regional dan nasional. Pada tahap regional, peserta akan mendapatkan materi serta praktik terkait penguatan dasar pengelolaan bisnis sesuai sektor usaha masing-masing.
Selama proses pembinaan, peserta akan mendapatkan pendampingan dari Tim Akselerator dan Tim Mentor. Perkembangan usaha peserta juga akan dipantau secara berkala sebagai bahan evaluasi untuk menentukan UMK yang dapat melanjutkan ke tahap nasional.
Pada tahap nasional, peserta akan mendapatkan pembelajaran lebih intensif melalui empat kelas pengembangan usaha, yaitu Go Modern, Go Digital, Go Online, dan Go Global. Selain itu, peserta juga memperoleh materi khusus terkait Go Green dan Go Aggregator.
Ia menjelaskan, setiap pelaku UMK memiliki kebutuhan dan tingkat kesiapan usaha yang berbeda. Karena itu, materi pembinaan disusun sesuai dengan kondisi perkembangan masing-masing peserta agar program dapat memberikan perubahan yang nyata dan terukur.
""Setiap pelaku UMK memiliki kebutuhan dan tingkat kesiapan yang berbeda. Karena itu, silabus/kurikulum dan materi pembinaan disusun khusus sesuai tahapan pembinaan dan kondisi perkembangan usaha peserta agar program pembinaan dapat menghasilkan perubahan yang nyata, berdampak dan terukur,"" tambahnya.
Selama enam tahun pelaksanaan, Pertamina UMK Academy telah mendampingi ribuan pelaku UMK melalui berbagai program, mulai dari pelatihan, praktik pemasaran, coaching, penguatan legalitas dan sertifikasi, hingga fasilitas perluasan akses pasar.
Salah satu pelaku usaha yang merasakan manfaat program tersebut adalah Lidya SP, pemilik Besolek sekaligus Juara I kelas Go Modern Pertamina UMK Academy 2025.
Setelah mengikuti rangkaian pembinaan, Lidya berhasil memperbaiki tata kelola produksi dan keuangan, meningkatkan efisiensi usaha, mengoptimalkan konsep zero waste, serta memperkuat pemasaran digital.
""Pengelolaan produksi dan keuangan menjadi lebih rapi, proses produksi makin efisien sehingga zero waste makin optimal,"" ujarnya.
Menurutnya, perubahan tersebut turut berdampak pada strategi pemasaran Besolek. Konten promosi menjadi lebih konsisten dan profesional sehingga meningkatkan kepercayaan pelanggan serta mendorong pertumbuhan penjualan.
Melalui Pertamina UMK Academy 2026, Pertamina berharap semakin banyak pelaku usaha yang mampu memiliki tata kelola bisnis yang baik, adaptif terhadap perkembangan teknologi, memperluas pasar, serta memberikan manfaat ekonomi bagi masyarakat sekitar.
Program ini juga menjadi bagian dari dukungan Pertamina terhadap pencapaian Tujuan Pembangunan Berkelanjutan (TPB/SDGs) Nomor 8 tentang Pekerjaan Layak dan Pertumbuhan Ekonomi, sekaligus mendukung penguatan kewirausahaan dan peningkatan daya saing UMKM Indonesia.
(prf/ega)",finance,https://finance.detik.com/berita-ekonomi-bisnis/d-8643337/ribuan-umkm-antusias-ikuti-pertamina-umk-academy-untuk-naik-kelas
108,"Implementasi Pasal 33 UUD 1945 perlu diperluas dari sekadar pengelolaan sumber daya alam (SDA) menjadi penguatan sumber daya manusia (SDM) sebagai aset strategis negara. Penguatan tersebut dipandang penting untuk mendorong demokratisasi ekonomi, pemerataan kesejahteraan, dan peningkatan kualitas tata kelola pemerintahan.
Mantan Menteri Perdagangan periode 2011-2014 Gita Wirjawan mengatakan Pasal 33 setidaknya memiliki tiga gagasan penting. Ketiganya mencakup asas kekeluargaan dan kesejahteraan, demokratisasi aktivitas ekonomi yang berkelanjutan, serta internasionalisasi nilai-nilai yang terkandung di dalamnya.
""Kalau kita lihat Pasal 33, ada semangat kekeluargaan dan kesejahteraan. Ini juga termanifestasi dalam sila kelima Pancasila, keadilan sosial bagi seluruh rakyat Indonesia,"" kata Gita dalam sebuah diskusi melalui keterangan tertulis, Rabu (2/9/2026).
Menurut Gita, keberlanjutan tidak hanya berkaitan dengan perlindungan lingkungan, tetapi juga harus tercermin dalam keterjangkauan barang dan jasa bagi masyarakat. Perubahan struktur ekonomi dan menurunnya porsi kelas menengah menunjukkan pentingnya memperkuat akses masyarakat terhadap kesejahteraan.
Gita kemudian menekankan pentingnya menempatkan SDM sebagai bagian dari aset negara. Menurutnya, kualitas pendidikan sangat menentukan kemampuan masyarakat membangun imajinasi, inovasi, dan produktivitas.
Ia menilai guru memiliki posisi strategis karena berinteraksi secara intensif dengan siswa. Namun, rendahnya kompensasi membuat profesi tersebut kurang mampu menarik talenta terbaik.
""Kalau saya dapat tawaran dari Danantara Rp 40 juta, dari Google Rp 50 juta, tetapi saya ingin menjadi guru, saya harus berkeyakinan bahwa saya bisa menaruh makanan di atas meja,"" ujarnya.
Gita mengusulkan eksperimen dengan meningkatkan penghasilan guru menjadi Rp 30 juta per bulan. Untuk satu juta guru, menurut dia, anggarannya sekitar Rp 360 triliun per tahun.
Program tersebut dapat diuji berdasarkan dampaknya terhadap peningkatan kemampuan kognitif masyarakat sebelum diperluas kepada seluruh tenaga pendidik.
Gita juga menyoroti strategi pengelolaan talenta melalui brain circulation, brain linkage, dan brain gain. Ia mencontohkan India yang memanfaatkan diaspora sebagai jaringan pengetahuan, Jepang yang mengandalkan talenta domestik, serta Singapura, Amerika Serikat, dan Australia yang menarik talenta dari berbagai negara.
""Tradisi dan kebiasaan lama harus kita lindungi, tetapi kita juga harus terbuka untuk memanggil dan mengombinasikannya dengan kekuatan inovasi yang baru,"" sebut Gita.
Selain pendidikan, Gita menilai meritokrasi menjadi kunci dalam memperbaiki tata kelola negara. Menurutnya, perekrutan berdasarkan loyalitas dan patronase dapat menghambat efisiensi birokrasi, distribusi sumber daya, serta kesempatan ekonomi.
Ia menegaskan demokrasi tidak cukup hanya diwujudkan melalui distribusi kekuasaan dan suara politik. Demokrasi juga harus hadir melalui pemerataan barang publik, termasuk pendidikan, kesehatan, kesejahteraan, dan pengetahuan.
""Saya sangat berkeyakinan bahwa demokrasi itu harus termanifestasi dalam konteks demokratisasi atau distribusi barang publik, termasuk intelektual, pendidikan, kesejahteraan, kesehatan, nilai moral, dan nilai sosial,"" ujar Gita.
Menurut dia, investasi pada guru merupakan salah satu cara paling konkret untuk memperkecil kesenjangan pengetahuan antardaerah. Dengan SDM berkualitas dan sistem yang mengedepankan meritokrasi, pengelolaan sumber daya alam (SDA) juga diyakini dapat menghasilkan nilai ekonomi yang lebih besar.
""Kalau orang tua kita tidak berpendidikan S1 ke atas, satu-satunya harapan untuk memastikan perceraian antara opini publik dengan administrasi publik berkurang atau hilang adalah investasi di guru,"" tutup Gita.
Tonton juga video ""Prabowo Minta Mendiktisaintek Siapkan SDM untuk Program Hilirisasi""
(ily/ara)",finance,https://finance.detik.com/berita-ekonomi-bisnis/d-8645273/ri-tak-bisa-hanya-andalkan-sda-peningkatan-kualitas-sdm-jadi-kunci
109,"Setiap orang tentu memiliki daftar rencana besar dalam hidupnya, mulai dari memikirkan tempat tinggal yang nyaman, memiliki kendaraan baru untuk mobilitas sehari-hari, hingga merencanakan liburan melepas penat bersama keluarga tercinta.
Mengatur berbagai kebutuhan masa depan ini sering kali menuntut persiapan yang matang serta riset mendalam agar mendapatkan pilihan terbaik yang sesuai dengan anggaran keuangan.
Namun, proses mencari informasi dan penawaran terbaik untuk setiap kebutuhan tersebut biasanya memakan waktu yang tidak sedikit jika harus dilakukan secara terpisah dari satu tempat ke tempat lainnya.
Beruntung, kini warga Medan dan sekitarnya bisa memanfaatkan momentum BRI Consumer Expo 2026 Medan untuk menemukan berbagai solusi tersebut secara praktis dalam satu kunjungan.
BRI Consumer Expo 2026 Hadir di Medan
Bagi Anda yang sedang mencari kemudahan dalam mewujudkan ragam rencana hidup, BRI Consumer Expo 2026 Medan hadir sebagai one-stop event yang wajib dikunjungi.
Berlangsung selama tiga hari pada 4-6 September 2026 di Mall Centre Point Medan, pameran ini merangkum berbagai kebutuhan gaya hidup dan finansial dalam satu tempat.
Pengunjung dapat menjelajahi area Property Expo, Automotive Expo, Travel Fair, hingga menikmati beragam hiburan menarik seperti talkshow, music performances, dan aktivitas seru lainnya
| BRI Consumer Expo 2026 Medan, Ada Bunga KPR mulai 1,75% dan KKB 1,81% Foto: BRI | 
Cari Rumah Impian dengan Penawaran BRI KPR
Memiliki hunian idaman kini semakin mudah diwujudkan melalui penawaran menarik di Property Expo. Melalui fasilitas pembiayaan perumahan dari bank, Anda bisa mengeksplorasi berbagai pilihan proyek properti dari developer ternama.
Ajang yang diselenggarakan dalam BRI Consumer Expo 2026 Medan ini menawarkan kemudahan kepemilikan rumah lewat BRI KPR Medan yang menghadirkan bunga spesial mulai 1,75% eff p.a Fixed 1 Tahun, Diskon asuransi jiwa kredit hingga 30%, berkesempatan mendapatkan hadiah langsung voucher puluhan juta rupiah. Dengan penawaran kompetitif ini, impian memiliki hunian yang nyaman di lokasi strategis tentu berada dalam jangkauan.
Temukan Kendaraan Pilihan melalui BRI KKB
Selain hunian, kebutuhan mobilitas dan transportasi juga menjadi salah satu fokus utama dalam merencanakan masa depan. Di area Automotive Expo, pengunjung dapat melihat langsung berbagai pilihan kendaraan impian dari merek-merek terkemuka.
Melalui Kredit Kendaraan Bermotor (BRI KKB), tersedia kemudahan pembiayaan pembelian mobil dengan dukungan bunga mulai 1,81% flat p.a Tenor 1 tahun serta keringanan uang muka atau DP mulai 10%.
Kesempatan ini tentu sangat pas bagi profesional maupun keluarga muda yang ingin segera mengganti atau menambah kendaraan pribadi.
Rencanakan Liburan Lewat BRI Travel Fair
Bagi Anda yang mendambakan waktu istirahat atau perjalanan seru bersama orang terdekat, sektor pariwisata juga turut memeriahkan rangkaian pameran ini. Melalui kehadiran Travel Fair Medan 2026, pengunjung dapat merencanakan liburan impian dengan lebih hemat.
Berbagai penawaran menarik, seperti cashback hingga Rp12 juta serta kemudahan pembayaran cicilan 0% hingga 36 bulan menggunakan fasilitas pembayaran digital, siap melengkapi persiapan perjalanan Anda.
Bukan Cuma Expo, Ada Promo Kuliner hingga Aktivitas Seru
Agar kunjungan terasa semakin menyenangkan, acara ini dirancang tidak hanya berfokus pada produk finansial semata. Suasana pameran diselingi dengan berbagai tenant kuliner pilihan yang menawarkan promo menarik berupa cashback hingga 20% bagi pengunjung.
Selain itu, atmosfer akhir pekan di pusat perbelanjaan ini juga dimeriahkan oleh rangkaian kegiatan interaktif yang cocok dinikmati bersama keluarga.
Lengkapi Berbagai Kebutuhan dengan Solusi BRI Lainnya
Tidak ketinggalan, berbagai kebutuhan pelengkap seperti renovasi tempat tinggal, penataan interior, hingga pengelolaan keuangan harian juga bisa dieksplorasi secara mendalam. Pengunjung dapat berkonsultasi langsung mengenai ragam produk pendukung untuk memastikan setiap rencana jangka pendek maupun panjang mendapatkan sokongan finansial yang tepat.
Berbagai kebutuhan penting kini tidak lagi harus dicari secara terpisah. Jadikan BRI Consumer Expo 2026 Medan sebagai momentum terbaik untuk mengeksplorasi pilihan hunian, kendaraan, perjalanan, hingga berbagai kemudahan transaksi dalam satu lokasi strategis.
Melalui ragam penawaran yang masif, BRI Consumer Expo 2026 Medan terbukti menjadi solusi ideal bagi masyarakat yang ingin merencanakan masa depan dengan lebih praktis.
Yuk, kunjungi acara ini pada 4-6 September 2026 di Mall Centre Point Medan dan temukan berbagai penawaran menarik untuk membantu mewujudkan rencanamu.
#BRIKPR #BRIKKB #BRITravelFair #ExpoMedan #MelayaniSepenuhHati
Lihat juga Video: Dirut BRI Paparkan Evolusi Industri Perbankan",finance,https://finance.detik.com/berita-ekonomi-bisnis/d-8646811/bri-consumer-expo-2026-medan-ada-bunga-kpr-mulai-1-75-dan-kkb-1-81
110,"Menteri Keuangan Purbaya Yudhi Sadewa memberikan sinyal memangkas anggaran program Makan Bergizi Gratis (MBG) bisa di bawah Rp 200 triliun.
Kepala Badan Gizi Nasional (BGN) Sudaryono menyampaikan bahwa proses efisiensi anggaran untuk tahun ini masih terus dilakukan. Misalnya, terhadap dapur-dapur yang selama ini ternyata tidak beroperasi, tapi dicatat beroperasi.
""Nah, jadi kami, dan ini dari Rp 229 triliun sisanya ini kami terus kami sisir, kami lacak. Ada nggak misalnya dapur-dapur yang selama ini ternyata tidak beroperasi, tapi dicatat beroperasi. Kalau di situ ada unsur pidana, kami kemudian terjunkan inspektorat, kemudian kami minta nanti kami melaporkan ke pihak kejaksaan untuk diperiksa,"" ujar Sudaryono di Gedung DPR, Jakarta, Kamis (3/9/2026).
Ketika ditanya soal apakah anggaran MBG untuk tahun depan bisa ditekan hingga di bawah Rp 200 triliun, Sudaryono tidak menjawab pasti. Intinya kata Sudaryono, pihaknya akan berupaya terus melakukan efisiensi.
Sudaryono mengatakan akan kembali membahas bersama Menteri Keuangan maupun secara internal di BGN soal kemungkinan tersebut.
""Ya, kami untuk di bawah Rp 200 triliun tahun depan, ya, Kalau memang dengan target yang kemudian disampaikan, itu kami berusaha untuk se-efisien mungkin,"" ujarnya.
""Nanti kami coba bisa bahas lagi dengan Pak Menteri Keuangan dan juga kami bahas secara internal, kami hitung lagi,"" sambungnya.
Sudaryono menegaskan komitmennya untuk menggunakan setiap rupiah yang digunakan harus dapat dipertanggungjawabkan dan memberikan manfaat sebesar-besarnya.
""Jadi, kami pastikan di bawah kepemimpinan kami itu tidak ada pengadaan yang mengada-ada.Kami pastikan itu,"" ujarnya.
Pernyataan Purbaya Yudhi Sadewa
Sebelumnya, Purbaya menjelaskan anggaran MBG tahun ini awalnya ditetapkan Rp 330 triliun. Kemudian dilakukan efisiensi anggaran lagi menjadi sekitar Rp 260 triliun, dan turun menjadi Rp 240 triliun.
Purbaya menilai efisiensi masih dapat dilakukan lebih jauh. Setelah berdiskusi dengan Kepala Badan Gizi Nasional (BGN) yang baru, Sudaryono, Purbaya menyebut anggaran MBG berpeluang ditekan hingga di bawah Rp 200 triliun.
""MBG kan anggaran tahun ini awalnya Rp 330 triliun, terus dilakukan efisiensi menjadi Rp 260-an (triliun), terus menjadi Rp 240-an (triliun). Tapi saya bicara dengan ketua MBG yang baru, kepala badan MBG yang baru, sepertinya bisa dibuat lebih efisien lagi di bawah Rp 200-an (triliun),"" ujar Purbaya dalam acara Sarasehan 100 Ekonom Indonesia 2026 di Hotel Kempinski, Jakarta Pusat, Kamis (3/9/2026).
Purbaya menambahkan, tahun depan pemerintah menganggarkan sekitar Rp 240 triliun untuk program tersebut. Meski begitu, Purbaya yakin anggaran tersebut juga masih dapat ditekan melalui efisiensi dan pemanfaatan teknologi.
""Tahun depan juga dianggarkan Rp 240, tapi saya yakin bisa ditekan ke bawah dengan efisiensi dan pemakaian teknologi,"" tutur Purbaya.
Ia juga menyebut Kementerian Keuangan turut melakukan pengawasan untuk memastikan pelaksanaan program MBG berjalan secara efisien. Pegawai Kemenkeu di daerah akan mengawasi masing-masing Satuan Pelayanan Pemenuhan Gizi (SPPG) atau dapur MBG secara bergilir.
""Jadi pegawai-pegawai kami di daerah mengawasi masing-masing SPPG secara bergilir. Jadi saya harapkan nanti kita bisa perbaiki terus kinerjanya ke depan untuk MBG,"" tutup Purbaya.
(hrp/hns)",finance,https://finance.detik.com/berita-ekonomi-bisnis/d-8647491/bos-bgn-jawab-sinyal-purbaya-tekan-anggaran-mbg-hingga-di-bawah-rp-200-t
111,"Direktorat Jenderal Pajak (DJP) Kementerian Keuangan (Kemenkeu) tengah memproses 38 perusahaan baja yang diduga mengemplang pajak.
Proses tersebut merupakan tindak lanjut atas dugaan pelanggaran pajak yang melibatkan 40 perusahaan di sektor baja.
Direktur Jenderal Pajak Bimo Wijayanto mengatakan pihaknya tengah memproses sekitar 38 perusahaan baja yang diduga mengemplang pajak. Ia mengatakan, perusahaan terkait mengolah scrap hingga baja bekas.
""38 sudah kita proses. (Perusahaan) ya kayak pengolahan baja scrap, pengolahan baja dari baja bekas, baja sampah lah ya,"" ujar Bimo kepada wartawan di Kompleks DPR, Senayan, Jakarta, Selasa (1/9/2026).
Proses tersebut mencakup proses Pemeriksaan Bukti Permulaan (Bukper), case building, pengawasan, hingga pemeriksaan.
Bimo meminta perusahaan-perusahaan tersebut dapat memenuhi kewajiban pajaknya melalui penerapan prinsip ultimum remedium.
Dengan demikian, terang Bimo, perusahaan yang terbukti melakukan pengemplangan pajak tidak perlu berlanjut ke proses pidana. Jika mengikuti prinsip ultimum remedium, perusahaan tidak perlu menghadapi denda pidana yang nilainya bisa mencapai empat kali lipat dari kewajiban pajaknya.
Sebaliknya, melalui mekanisme ultimum remedium, perusahaan cukup membayar sekitar dua kali lipat dari kewajiban pajaknya.
""Ya harapannya ultimum remedium aja supaya mereka tetap bisa melanjutkan bisnisnya kan. Karena kalau pidana itu kan dendanya bisa sampai empat kali lipat. ultimum remedium pun bendanya 100% jadi dua kali lipat dia harus bayar,"" jelas Bimo
Namun begitu, Bimo menyebut belum ada keputusan pengadilan terkait besaran pajak yang wajib dibayarkan perusahaan terkait. Meski begitu, DJP berkomitmen untuk mempercepat proses pemeriksaan puluhan perusahaan yang diduga kemplang pajak.
""Belum-belum, paling tinggi baru bukper. Nanti kalau alat buktinya sudah kuat, nanti masuk penyidikan. Tapi kalau mereka ultimum remedium, mereka mau bayar apa namanya, kerugian negara dan dendanya, ya mereka bayar, terus pidananya agak menaikkan,"" terang Bimo.
Sebagai informasi, Menteri Keuangan Purbaya Yudhi Sadewa, tengah mengejar 40 perusahaan baja yang diduga melakukan pengemplangan pajak. Ia mengatakan, modus penghindaran pajak perusahaan tersebut melalui manipulasi bahan bangunan, kegiatan operasional, hingga mengedarkan barang impor bodong
""Saya punya list 40. Baru diperiksa satu yang lain belum dikejar. Itu aja kita kira mungkin bocor Rp 4 triliun hingga 5 triliun,"" ujar Purbaya di Kementerian Keuangan, Jakarta Pusat, Jumat (28/8/2026).
(ahi/hns)",finance,https://finance.detik.com/berita-ekonomi-bisnis/d-8643973/38-perusahaan-baja-kemplang-pajak-mulai-diperiksa
112,"Badan Pusat Statistik (BPS) mencatat inflasi sebesar 0,21% secara bulanan (m-to-m) pada Agustus 2026, atau terjadi kenaikan Indeks Harga Konsumen (IHK) dari 111,73 pada Juli 2026 menjadi 111,97 pada Agustus 2026. Sementara itu, inflasi tahunan tercatat sebesar 3,19% (y-on-y) dan inflasi tahun kalender sebesar 1,86% (y-to-d).
Berdasrkan keterangan BPS, Deputi Bidang Statistik Distribusi dan Jasa BPS, Ateng Hartono, menjelaskan bahwa kelompok makanan, minuman, dan tembakau menjadi penyumbang utama inflasi bulanan Agustus 2026 dengan andil inflasi 0,17% dan tingkat inflasi sebesar 0,57%.
""Komoditas yang dominan menyumbang inflasi pada kelompok makanan, minuman, dan tembakau adalah adalah daging ayam ras dengan andil inflasi sebesar 0,17% serta cabai rawit, ikan segar, dan beras dengan andil inflasi masing-masing sebesar 0,02 %,"" jelas Ateng dalam konferensi pers di Kantor Pusat BPS, Jakarta Pusat, Selasa (1/9/2026).
Berdasarkan komponen, komponen bergejolak mengalami inflasi 0,88% dengan andil inflasi 0,15%, dan komponen inti mengalami inflasi 0,21% dengan andil inflasi 0,13%. Sementara itu, komponen harga diatur pemerintah mengalami deflasi 0,33% dengan andil deflasi 0,07%.
Menurut wilayah, dari 38 provinsi, 27 provinsi mengalami inflasi dan 11 provinsi mengalami deflasi. Inflasi tertinggi terjadi di Kepulauan Bangka Belitung dan Maluku dengan tingkat inflasi bulanan masing-masing sebesar 0,81%. Adapun deflasi terdalam terjadi di Papua Pegunungan sebesar 1,27%.
Inflasi Tahunan
Secara tahunan, inflasi Agustus 2026 mencapai 3,19%, lebih tinggi dibandingkan inflasi Agustus 2025 sebesar 2,31%. Berdasarkan kelompok pengeluaran, pendorong utama inflasi tersebut adalah kelompok makanan, minuman, dan tembakau dengan andil inflasi 1,13%, diikuti kelompok perawatan pribadi dan jasa lainnya sebesar 0,63% serta kelompok transportasi sebesar 0,58%.
Berdasarkan komponen, seluruh komponen mengalami inflasi. Andil inflasi tertinggi disumbang oleh komponen inti sebesar 1,87%, diikuti komponen bergejolak 0,67% dan komponen harga diatur pemerintah 0,65 %. Inflasi pada komponen inti utamanya didorong oleh kenaikan harga emas perhiasan, minyak goreng, nasi dengan lauk, telepon seluler, pelumas/oli mesin, dan laptop/notebook.
Seluruh provinsi tercatat mengalami inflasi tahunan. Inflasi tertinggi terjadi di Maluku Utara sebesar 5,28% dan inflasi terendah di Kalimantan Utara sebesar 2,17%.
Lihat juga Video: BI Naikkan Rate Jadi 5,75%: Hadapi Gejolak Global, Jaga Rupiah & Inflasi",finance,https://finance.detik.com/berita-ekonomi-bisnis/d-8643097/inflasi-tahunan-agustus-2026-lebih-tinggi-dari-2025-ini-pemicunya
113,"Kepala Badan Gizi Nasional (BGN) Sudaryono membenarkan kabar yang beredar belakangan ini soal kantor BGN akan pindah ke Graha Merah Putih (GMP) Telkom di kawasan Gatot Subroto Jakarta. Adapun saat ini kantor BGN berada di kawasan Kebon Sirih Jakarta.
Sudaryono menjelaskan bahwa saat ini pihaknya tengah melakukan berkoordinasi dengan Danantara terkait rencana tersebut.
""Betul, Pak, ini sedang koordinasi dengan Danantara dan dalam waktu dekat ini Badan Gizi Nasional akan menduduki Gedung Graha Merah Putih yang saat ini menjadi kantor Telkom,"" ujar Sudaryono dalam RDP dengan Komisi IX DPR, Kamis (3/9/2026).
Sudaryono menjelaskan jika tak ada aral melintang, perpindahan kantor BGN ke Gedung Merah Putih akan dilakukan dalam satu hingga dua bulan ke depan.
""InsyaAllah dalam satu dua bulan ini kami akan pindah kantor ke Graha Merah Putih,"" terang Sudaryono.
Dalam kesempatan tersebut, ia mengatakan bahwa pegawai yang yang sebelumnya menempati Gedung Merah Putih dan akan digunakan BGN tesebut akan dipindahkan ke gedung Telkom yang berada di sebelahnya.
""Orang yang menempati Gedung Graha Merah Putih itu akan menempati gedung Telkom yang di sebelahnya, gedung yang lebih tinggi lagi,"" katanya.
Sementara itu, Direktur Utama PT Telkom Landmark Tower (TLT) Suratman buka suara soal kabar Gedung Merah Putih yang bakal ditempati BGN. Ia menjelaskan bahwa rencana tersebut merupakan optimalisasi aset yang merupakan bagian dari tanggung jawab TLT sebagai perusahaan pengelola properti di lingkungan TelkomGroup. Program tersebut dilakukan untuk meningkatkan produktivitas dan nilai ekonomi aset yang dikelola.
""Kegiatan ini merupakan bagian dari program konsolidasi dan efisiensi ruang kerja yang memang sudah berjalan di lingkungan TelkomGroup. Seluruh proses perencanaan dan pelaksanaannya dilakukan secara terukur dan bertahap. Kami memastikan bahwa program ini tidak akan mengganggu kelancaran operasional layanan kami kepada pelanggan, serta tidak akan berdampak pada hubungan kerja karyawan,"" ujarnya dalam keterangan tertulis yang diterima detikcom, Kamis (3/9/2026).
Suratman menjelaskan bahwa pihaknya juga berkomitmen penuh untuk menjaga kepastian dan keberlangsungan kegiatan para tenant yang saat ini berada di gedung-gedung milik Telkom.
""Setiap proses akan dilakukan secara tertib, transparan, dan sesuai dengan tata kelola perusahaan. Untuk setiap potensi kerja sama dengan pihak manapun, termasuk dengan instansi pemerintah, kami pastikan akan mengikuti seluruh prosedur dan regulasi yang berlaku,"" katanya.
(hrp/hns)",finance,https://finance.detik.com/berita-ekonomi-bisnis/d-8647325/bos-bgn-benarkan-bakal-pindah-kantor-ke-graha-merah-putih-telkom
114,"Presiden Rusia Vladimir Putin dan Presiden Prabowo Subianto melakukan pertemuan bilateral di sela agenda Eastern Economic Forum 2026 di Vladivostok, Rusia. Dalam kata pembukanya Putin menyambut hangat Prabowo di Vladivostok.
Dia juga mengatakan hubungan Indonesia dan Rusia sudah sangat erat sebagai sahabat. Buktinya, volume perdagangan kedua negara, disebut Putin mengalami kenaikan sampai 12% tahun 2025 yang lalu.
""Kita terkait dengan hubungan persahabatan selama bertahun-tahun. Perdagangan antara kedua negara kita juga berkembang. Pada tahun lalu, volume perdagangan naik 12%,"" ujar Putin dalam pertemuan yang disiarkan langsung oleh Sekretariat Presiden, Kamis (3/9/2026).
Putin mengatakan pemerintahannya dengan pemerintahan yang dipimpin Prabowo terus bekerja sama pada level teknis di bidang ekonomi dan perdagangan di berbagai sektor, mulai dari pertanian, industri, teknologi digital, hingga energi nuklir.
""Komisi Bersama Rusia-Indonesia di bidang ekonomi, perdagangan, dan kerja sama teknis terus bekerja. Kami memperhatikan pembangunan kerja sama bilateral di bidang pertanian, pembangunan kapal, teknologi digital, dan energi, khususnya energi nuklir,"" papar Putin.
Dalam pertemuan itu, Prabowo didampingi beberapa menterinya, mulai dari Menteri Koordinator Bidang Perekonomian Airlangga Hartarto, Menteri ESDM Bahlil Lahadalia, Menteri Pendidikan Tinggi, Sains, dan Teknologi Brian Yuliarto, hingga Menteri Luar Negeri Sugiono.
Prabowo menyambut hangat sambutan Putin, dia mengamini peningkatan kerja sama memang terjadi antara Indonesia dan Rusia. Baik di sisi kerja sama pembangunan ekonomi maupun perdagangan.
""Dalam beberapa hal hubungan kita terus meningkat, sebagaimana Yang Mulia telah menyampaikan di bidang ekonomi, perdagangan kita meningkat. Kita juga kerjasama dalam berbagai bidang juga mengalami kemajuan. Dan kami siap untuk meningkatkan kerjasama ini,"" kata Prabowo menjawab Putin.
""Indonesia terus berupaya untuk terus meningkatkan kerjasama di segala bidang demi mencapai keuntungan bagi kedua negara kita,"" tegasnya kepada Putin.
Sebagai informasi, Kementerian Perdagangan mencatat nilai perdagangan Indonesia dan Rusia pada 2025 mencapai US$ 4,8 miliar. Rusia juga menjadi mitra utama Indonesia di kawasan Eurasian Economic Union (EAEU) dengan kontribusi sebesar 90,6% terhadap total perdagangan Indonesia dengan kawasan tersebut.
Simak juga Video: Bertemu Prabowo, Putin Ungkap Adanya Perlambatan Perdagangan RI-Rusia
(hal/ara)",finance,https://finance.detik.com/berita-ekonomi-bisnis/d-8646382/di-depan-prabowo-putin-ungkap-perdagangan-ri-rusia-naik-12
115,"Harga emas Antam kembali menguat setelah mengalami tren pelemahan. Harga emas Antam 24 karat hari ini naik Rp 15.000 per gram dan berada di level Rp 2.639.000 per gram.
Berdasarkan situs Logam Mulia Antam, Kamis (3/9/2026), satuan harga emas hari ini yang terkecil ukuran 0,5 gram berada di angka Rp 1.369.500. Sementara harga emas 10 gram dijual dengan harga Rp 25.885.000 dan ukuran emas terbesar yakni 1.000 gram (1 kg) dibanderol Rp 2.579.600.000.
Jika ditarik dalam sepekan terakhir, harga emas Antam berada dalam rentang Rp 2.624.000-2.718.000 per gram. Sementara dalam sebulan terakhir, harga emas Antam bergerak dalam rentang Rp 2.599.000-2.768.000 per gram.
Buyback
Harga emas hari ini untuk buyback emas Antam juga mengalami kenaikan Rp 15.000 per gram dan kini berada di level Rp 2.492.000 per gram. Harga buyback adalah jika Anda ingin menjual emas, maka Antam akan membelinya dengan harga tersebut.
Sesuai Peraturan Menteri Keuangan (PMK) Nomor 34 Tahun 2017, pembelian emas batangan akan dikenakan PPh 22 sebesar 0,9%. Jika ingin mendapatkan potongan pajak lebih rendah sebesar 0,45%, harus menyertakan NPWP untuk transaksinya.
Rincian Harga Emas Hari Ini
Harga emas 0,5 gram: Rp 1.369.500
Harga emas 1 gram: Rp 2.639.000
Harga emas 2 gram: Rp 5.218.000
Harga emas 3 gram: Rp 7.802.000
Harga emas 5 gram: Rp 12.970.000
Harga emas 10 gram: Rp 25.885.000
Harga emas 25 gram: Rp 64.587.000
Harga emas 50 gram: Rp 129.095.000
Harga emas 100 gram: Rp 258.112.000
Harga emas 250 gram: Rp 645.015.000
Harga emas 500 gram: Rp 1.289.820.000
Harga emas 1.000 gram: Rp 2.579.600.000
Demikian rincian harga emas hari ini keluaran Antam 0,5 gram hingga 1.000 gram, Kamis (3/9/2026).
Lihat juga Video: Harga Emas Antam Ambruk Hari Ini",finance,https://finance.detik.com/berita-ekonomi-bisnis/d-8646130/harga-emas-antam-naik-jadi-segini
116,"Badan Pusat Statistik (BPS) mencatat Nilai Tukar Petani (NTP) pada Agustus 2026 mencapai 129,19 atau naik 1,05% dibandingkan bulan sebelumnya. Capaian ini melampaui rata-rata sebelumnya yang berada di level 125.
Kenaikan ini didorong oleh Indeks Harga yang Diterima Petani (It) yang menguat 1,14% menjadi 165,66, lebih tinggi dari Indeks Harga Bayar Petani (Ib) yang sebesar 128,24 atau naik 0,09%. Menurut Menteri Pertanian Andi Amran Sulaiman, angka ini merupakan rekor baru bagi kesejahteraan petani.
""Baru saja diumumkan oleh BPS kesejahteraan petani naik menjadi 129. Ini mungkin tertinggi sepanjang sejarah. Nah ini kita syukuri, tolong kita jaga kalau perlu ditingkatkan,"" kata Amran dalam rapat kerja dengan Komisi IV DPR RI di kompleks parlemen, Jakarta, Selasa (1/9/2026).
Kenaikan It didukung sejumlah komoditas utama seperti gabah, kelapa sawit, karet, dan ayam ras pedaging. Di sisi lain, Ib dipengaruhi kenaikan harga daging ayam ras, beras, kacang panjang, dan buncis.
Dari sisi subsektor NTP, peningkatan tertinggi dicatat oleh Tanaman Pangan (NTPP) yang naik 1,62% dan Tanaman Perkebunan Rakyat (NTPR) naik 1,53%. Peningkatan juga terjadi di subsektor Peternakan (NTPT) sebesar 0,96% serta Perikanan (NTNP) sebesar 0,69%.
Meski secara umum tumbuh positif, Mentan Amran memberikan catatan pada subsektor Hortikultura (NTPH) yang mengalami penurunan sebesar 2,84% menjadi 124,47.
""Tinggal memang hortikultura yang sedikit,"" tutup Amran.
(ily/ara)",finance,https://finance.detik.com/berita-ekonomi-bisnis/d-8643861/mentan-sebut-kesejahteraan-petani-tembus-level-tertinggi-sepanjang-sejarah
117,"Badan Pusat Statistik (BPS) mencatat volume impor sapi hidup pada periode Januari hingga Juli 2026 mencapai 92,7 ribu ton yang senilai US$ 331 juta atau Rp 5,85 triliun (kurs Rp 17.700). Seluruh impor sapi hidup tersebut berasal dari Australia.
""Impor sapi hidup sepanjang Januari sampai dengan Juli tahun 2026 ya, volumenya itu 92,7 ribu ton, nilainya itu US$ 331 juta dan negara asalnya seluruhnya dari Australia,"" ujar Deputi Bidang Statistik Distribusi dan Jasa BPS Ateng Hartono dalam konferensi pers di kantornya, Jakarta Pusat, Selasa (1/9/2026).
Tak hanya itu, Ateng menyebut Indonesia juga mengimpor daging jenis lembu. Sepanjang Januari hingga Juli 2026, impor daging jenis lembu mencapai 85,1 ribu ton dengan nilai US$ 373,3 juta.
""Ada tiga negara asalnya untuk yang impor daging jenis lembunya. Yang pertama dari Australia, kemudian dari India, dan juga dari Brazil,"" tambahnya.
Sebelumnya, Menteri Perdagangan (Mendag) Budi Santoso menyampaikan realisasi impor daging sapi beku saat ini baru mencapai 43%. Budi mengaku telah memanggil seluruh importir daging sapi agar mempercepat realisasi impor mereka.
Langkah ini menjadi bagian mengatasi harga daging sapi di sejumlah daerah melampaui Harga Eceran Tertinggi (HET).
""Kemarin kami sudah memanggil semua importir untuk segera merealisasikan impornya. Karena kebanyakan dari mereka kan baru mencapai 50%. Daging itu kan sebagian masih impor,"" ujar Budi saat ditemui di Gedung DPR, Senin (31/8/2026).
Budi menyebut realisasi impor sapi hidup sudah mencapai 70%. Sementara, realisasi impor daging sapi beku 43%.
Tonton juga video ""BPS Ungkap Kelahiran Anak Capai 2,13! Siap Indonesia Emas?""
(rea/ara)",finance,https://finance.detik.com/berita-ekonomi-bisnis/d-8643548/ri-impor-sapi-hidup-92-700-ton-dari-australia
118,"PT Garuda Indonesia (Persero) Tbk (GIAA) resmi mengubah aturan bagasi penumpang mulai hari ini, Selasa (1/9/2026). Garuda kini menerapkan Piece Concept, yakni jatah bagasi gratis dihitung berdasarkan jumlah barang bawaan penumpang.
Dikutip dari laman resmi Garuda Indonesia, aturan ini berlaku untuk seluruh penumpang di semua penerbangan yang dioperasikan perusahaan. Melalui ketentuan baru, informasi bagasi disebut menjadi lebih jelas, pasti, dan mudah dipahami.
Nantinya, setiap tiket akan mencantumkan jatah bagasi berdasarkan jumlah koper dan batas berat maksimal per koper. Dengan begitu, penumpang bisa lebih mudah menyiapkan barang bawaan serta memperlancar proses check-in atau pendaftaran dan pengambilan bagasi.
""Pembaruan ini dirancang untuk memberikan pengalaman perjalanan yang lebih nyaman, membantu Anda mempersiapkan barang bawaan sebelum keberangkatan, serta mendukung proses check-in dan pengambilan bagasi yang lebih cepat dan lancar,"" tulis Manajemen dikutip dari laman resminya, Selasa (1/9/2026).
Selain itu, kebijakan Piece Concept juga sejalan ketentuan bagasi Garuda yang memiliki standar internasional. Kebijakan ini diharapkan bisa memberikan pengalaman perjalanan yang lebih baik, terutama untuk penerbangan internasional.
Ketentuan Baru
Melalui kebijakan Piece Concept, jatah bagasi diberikan berdasarkan jumlah koper dengan batas berat maksimum 23 kg hingga 32 kg. Batas maksimum ini berlaku sesuai kelas dan jenis tiket pelanggan.
Apabila salah satu koper melebihi batas berat yang ditentukan, pelanggan dapat menata kembali barang bawaan ke koper lain yang masih termasuk dalam alokasi bagasi, atau memanfaatkan jatah bagasi kabin yang tersedia sesuai ketentuan (maksimum 7 kg).
Kemudian jika belum mencukupi, pelanggan bisa membeli Additional Piece sebelum keberangkatan atau Excess Baggage di Bandara. Khusus untuk bagasi Economy Class dengan berat lebih dari 23 kg hingga maksimum 32 kg, tersedia layanan Heavy Bag yang dapat dibeli melalui Excess Baggage di Bandara.
Sementara untuk pelanggan yang telah membeli tiket sebelum Piece Concept diberlakukan, Garuda menegaskan kebijakan tersebut mengikuti Date of Issue (DOI) atau tanggal penerbitan tiket terakhir.
Artinya untuk tiket yang diterbitkan sebelum 1 September 2026 masih dibolehkan tetap mengikuti ketentuan Weight Concept, meskipun tanggal penerbangannya setelah implementasi. Jika tiket tersebut di-reissue atau diubah setelah implementasi sehingga memiliki DOI baru, maka ketentuan bagasi akan mengikuti Piece Concept.
Seluruh tiket yang diterbitkan mulai 1 September 2026 akan menggunakan Piece Concept. Dengan demikian, penumpang tetap memperoleh ketentuan sesuai aturan yang berlaku saat tiket diterbitkan.
Lihat juga Video: Kadaker Bandara Jamin Penanganan Bagasi Jemaah di Madinah Aman & Cepat",finance,https://finance.detik.com/berita-ekonomi-bisnis/d-8642991/garuda-ubah-aturan-bagasi-mulai-hari-ini
119,"Dalam rangka memperingati Hari Pelanggan Nasional 2026, PT Hutama Karya (Persero) (Hutama Karya) akan memberlakukan potongan tarif tol sebesar 10% di sejumlah ruas Jalan Tol Trans Sumatera (JTTS).
Potongan tarif tersebut merupakan bentuk apresiasi kepada pengguna jalan yang telah memilih JTTS sebagai teman perjalanan, sekaligus bagian dari semangat Melayani Sepenuh Hati untuk menghadirkan pelayanan yang semakin optimal bagi masyarakat.
Selain itu, kebijakan ini juga sejalan dengan Asta Cita Pemerintah, khususnya dalam memperkuat pembangunan infrastruktur, pemerataan ekonomi, dan konektivitas antardaerah. Potongan tarif ini diharapkan memberikan manfaat langsung kepada pengguna jalan yang melakukan perjalanan jarak terjauh, sekaligus mendukung peningkatan mobilitas dan konektivitas antarwilayah di Sumatera.
Direktur Operasi III Hutama Karya, Iwan Hermawan mengatakan bahwa pemberian potongan tarif ini merupakan bentuk apresiasi Hutama Karya kepada para pengguna jalan yang selama ini telah memberikan kepercayaan dan dukungan terhadap pelayanan Jalan Tol Trans Sumatera.
""Melalui momentum Hari Pelanggan Nasional, kami ingin memberikan manfaat yang dapat dirasakan langsung sekaligus terus meningkatkan kualitas pelayanan bagi masyarakat,"" ujar Iwan dalam keterangannya, Kamis (3/9/2026).
Adapun potongan tarif sebesar 10% diberlakukan selama dua hari kalender, mulai Jumat, 4 September 2026 pukul 07.00 WIB hingga Minggu, 6 September 2026 pukul 07.00 WIB. Kebijakan ini berlaku dua arah bagi seluruh golongan kendaraan yang melakukan perjalanan sesuai asal dan tujuan dengan jarak terjauh serta menggunakan kartu uang elektronik yang sama dengan saldo yang mencukupi.
Lebih lanjut, Iwan mengatakan bahwa potongan tarif hanya berlaku bagi pengguna jalan yang melakukan perjalanan sesuai asal dan tujuan sebagaimana telah ditetapkan. Transaksi di luar asal-tujuan tersebut tetap dikenakan tarif normal. Khusus perjalanan pada ruas terintegrasi, pengguna jalan wajib menggunakan satu kartu uang elektronik yang sama saat masuk dan keluar jalan tol.
""Hutama Karya mengimbau pengguna jalan untuk mengecek tarif sesuai gerbang masuk dan tujuan perjalanan serta memastikan saldo kartu uang elektronik mencukupi sebelum memasuki jalan tol. Pengguna jalan juga diharapkan mematuhi rambu dan arahan petugas, menjaga kondisi kendaraan tetap prima, serta memanfaatkan rest area untuk beristirahat demi keselamatan dan kenyamanan perjalanan,"" tutup Iwan.
Rincian Tarif dan Ketentuan Pemberlakuan Potongan Tarif Tol
Potongan tarif diberikan pada ruas dan asal-tujuan jarak terjauh yang telah ditetapkan dengan rincian sebagai berikut:
Regional Sumatera Bagian Selatan
1. Asal-tujuan: GT Prabumulih-GT Palembang dan sebaliknya
Tol Palembang-Indralaya (Palindra)
Golongan I: Rp27.000 menjadi Rp24.500
Golongan II & III: Rp40.500 menjadi Rp36.500
Golongan IV & V: Rp54.000 menjadi Rp48.500
2. Asal-tujuan: GT Prabumulih-GT Kayu Agung dan sebaliknya
Tol Indralaya-Prabumulih (Inprabu)
Golongan I: Rp85.000 menjadi Rp76.500
Golongan II & III: Rp127.500 menjadi Rp114.500
Golongan IV & V: Rp170.000 menjadi Rp153.000
3. Asal-tujuan: GT Bakauheni Selatan-GT Kayu Agung dan sebaliknya
Tol Terbanggi Besar-Pematang Panggang-Kayu Agung (Terpeka)
Golongan I: Rp255.500 menjadi Rp230.000
Golongan II & III: Rp383.500 menjadi Rp345.000
Golongan IV & V: Rp511.500 menjadi Rp460.000
4. Asal-tujuan: GT Bengkulu-GT Taba Penanjung dan sebaliknya
Tol Bengkulu-Taba Penanjung
Asal-tujuan: GT Bengkulu-GT Taba Penanjung dan sebaliknya
Golongan I: Rp23.500 menjadi Rp21.500
Golongan II & III: Rp35.500 menjadi Rp32.000
Golongan IV & V: Rp47.500 menjadi Rp42.500
Regional Sumatra Bagian Tengah
1. Asal-tujuan: GT Pekanbaru-GT Dumai dan sebaliknya
Tol Pekanbaru-Dumai (Permai)
Golongan I: Rp171.500 menjadi Rp154.000
Golongan II & III: Rp257.000 menjadi Rp231.500
Golongan IV & V: Rp343.000 menjadi Rp308.500
2. Asal-tujuan: GT Sungai Pinang-GT XIII Koto Kampar dan sebaliknya
Tol Pekanbaru-XIII Koto Kampar
Golongan I: Rp78.000 menjadi Rp70.000
Golongan II & III: Rp117.000 menjadi Rp105.500
Golongan IV & V: Rp156.000 menjadi Rp140.500
3. Asal-tujuan: GT Kapalo Hilalang-GT Padang dan sebaliknya
Tol Padang-Sicincin
Golongan I: Rp50.500 menjadi Rp45.500
Golongan II & III: Rp75.500 menjadi Rp68.000
Golongan IV & V: Rp100.500 menjadi Rp90.500
Regional Sumatera Bagian Utara
1. Asal-tujuan: GT Padang Tiji-GT Baitussalam dan sebaliknya
Tol Sigli-Banda Aceh
Golongan I: Rp65.000 menjadi Rp58.500
Golongan II & III: Rp97.500 menjadi Rp88.000
Golongan IV & V: Rp130.000 menjadi Rp117.000
2. Asal-tujuan: GT Pangkalan Brandan-GT Kisaran dan sebaliknya
Tol Binjai-Langsa
Golongan I: Rp81.000 menjadi Rp73.000
Golongan II & III: Rp122.000 menjadi Rp109.500
Golongan IV & V: Rp162.500 menjadi Rp146.000
Tol Indrapura-Kisaran
Golongan I: Rp64.000 menjadi Rp57.500
Golongan II & III: Rp96.000 menjadi Rp86.500
Golongan IV & V: Rp128.000 menjadi Rp115.000
Tol Kuala Tanjung-Tebing Tinggi-Parapat (dikelola PT Hutama Marga Waskita)
Golongan I: Rp25.000 menjadi Rp22.500
Golongan II & III: Rp37.500 menjadi Rp34.000
Golongan IV & V: Rp49.500 menjadi Rp44.500
Informasi mengenai ketentuan potongan tarif dapat diakses melalui akun resmi @HutamaKaryaTollRoad dan aplikasi Mozy.
(prf/ega)",finance,https://finance.detik.com/berita-ekonomi-bisnis/d-8646083/ada-potongan-tarif-tol-10-di-jtts-mulai-4-september-cek-ruas-yang-berlaku
120,"Menteri Keuangan (Menkeu) Purbaya Yudhi Sadewa menegaskan komitmennya untuk terus membenahi internal serta menindak tegas oknum pegawai di Direktorat Jenderal Pajak (DJP) serta Direktorat Jenderal Bea dan Cukai (DJBC) yang terbukti melakukan pelanggaran.
Purbaya membeberkan dirinya telah melakukan pemetaan atas jajaran pejabat yang terindikasi melakukan tindakan pelanggaran. Bahkan khusus untuk penanganan dugaan penyimpangan pada jenis pajak tertentu, ia membuat daftar peringkat (ranking) lima pegawai yang paling dicurigai bermasalah untuk ditindak lanjut.
""Untuk beberapa kasus, misalnya saya lihat curiga, hal tertentu ya, mereka masih main, untuk pajak tertentu saya ranking 5 orang terbesar siapa yang dianggap main-main, terus mungkin 3 orang saya rumahkan. Itu memberi pesan ke pegawai pajak bahwa kita serius memperbaiki kualitas pengumpulan pajak,"" ujar Purbaya.
Selain tindakan tegas secara individual, Kemenkeu juga sering merombak susunan pejabat di tingkat eselon 2, eselon 3, hingga eselon 4. Pegawai dengan kinerja kurang baik dipindahkan ke daerah, sementara pegawai berprestasi ditempatkan di kantor-kantor penerimaan pajak skala besar untuk memaksimalkan tax collection.
""Kan masyarakat sudah tahu sering bocor sana-sini. Misalnya saya periksa lah kira-kira pejabat mana yang sering mengerjakan hal-hal yang negatif, saya reorganize. Hampir semua orang pajak, eselon 2, eselon 3, eselon 4 saya kocok ulang, saya pindahin yang kurang baik ke daerah, yang baik ke pusat-pusat yang pengumpulan pajaknya besar, kantor-kantor pajak besar,"" paparnya.
Langkah pembersihan internal ini juga diterapkan di DJBC melalui reorganisasi struktur serta pembukaan akses bagi aparat penegak hukum. Menkeu menyatakan bahwa lembaga penegak hukum seperti KPK, Kepolisian, dan Kejaksaan kini dapat memproses oknum yang terindikasi melanggar hukum secara adil dan transparan.
""Di Bea Cukai juga sama, saya organize semua, yang kemarin dianggap mencurigakan sudah ditangkap KPK kan? Itu kan sebelumnya nggak bisa. Mungkin 10 atau 15 tahun terakhir orang pajak dan Bea Cukai itu aman karena polisi, kejaksaan, KPK juga nggak bisa masuk. Sekarang saya bebaskan, bukan saya bebaskan, saya bilang kalau ada kesalahan masuk saja, nanti diproses sesuai dengan faktanya secara balance, secara fair,"" terangnya.
Melalui penutupan kebocoran anggaran, reorganisasi pejabat, dan penindakan tegas terhadap pegawai nakal, Purbaya optimistis kinerja penerimaan pajak dan bea cukai kini sudah jauh lebih membaik.
Alhasil, menurutnya penerimaan pajak (tax collection) sampai akhir Juli 2026 tumbuh hampir 30% dibandingkan periode yang sama tahun sebelumnya. Kondisi ini hanya karena perbaikan internal saja.
""Tax collection kita sampai dengan akhir Juli tahun ini tumbuhnya hampir 30% dibanding tahun lalu. Tahun lalu itu tumbuhnya negatif. Jadi penerimaan kita kuat, nggak lemah. Ruang fiskal juga masih terbuka lebar, cukup kuat,"" tutur Purbaya.
""Memang penerimaan kita di atas perkiraan semula dan itu terjadi tanpa kenaikan tax rate, nggak ada saya naikkan tarif pajaknya, nggak ada pajak baru. Saya cukup perbaiki saja kinerja orang-orang pajak kita,"" ujarnya.
Lihat juga Video: Kejagung Tetapkan 2 Pegawai Pajak Tersangka Kasus Manipulasi Ekspor Pulp",finance,https://finance.detik.com/berita-ekonomi-bisnis/d-8646619/purbaya-pantau-5-pegawai-pajak-paling-nakal-3-teratas-langsung-dirumahkan
121,"Provinsi Maluku Utara dinilai memiliki posisi strategis dalam peta investasi nasional. Pada triwulan II-2026, realisasi investasi di Maluku Utara mencapai Rp 40,2 triliun, atau menjadi provinsi dengan jumlah investasi terbesar ketiga di Indonesia.
Secara nasional, realisasi investasi pada Semester I 2026 telah mencapai Rp 1.010,6 triliun atau 49,5% dari target investasi tahun 2026 sebesar Rp 2.041,3 triliun. Investasi itu menyerap lebih dari 1,4 juta tenaga kerja Indonesia.
Staf Khusus Menteri Investasi dan Hilirisasi/Kepala BKPM Bidang Percepatan Hilirisasi dan Peningkatan Pengusaha Nasional, Sona Maesana mengatakan, besarnya aktivitas investasi tersebut harus menjadi peluang bagi tumbuhnya pelaku usaha lokal.
Saat ini tercatat 34 Usaha Besar di Maluku Utara dengan total komitmen kemitraan sekitar Rp 7,89 triliun. Dari jumlah tersebut, sekitar Rp 4,52 triliun telah dituangkan dalam kesepakatan kemitraan, sementara realisasi yang terdata sementara mencapai sekitar Rp 3,53 triliun sepanjang 2021-2026.
""Angka ini menggambarkan peluang yang sangat besar. Namun, komitmen dan kesepakatan tersebut harus terus kita kawal agar menghasilkan transaksi dan realisasi kemitraan yang nyata,"" ujar Sona dalam keterangan tertulis, Rabu (2/9/2026).
Ia menjelaskan bahwa ruang kemitraan antara Usaha Besar dan UMKM di Maluku Utara sangat luas, mulai dari penyediaan makanan dan katering, bahan baku, material dan konstruksi, transportasi dan logistik, mesin dan suku cadang, pakaian dan alat pelindung diri, akomodasi, hingga berbagai kebutuhan operasional industri.
Oleh karena itu, Sona mendorong agar kemitraan tidak berhenti pada hubungan jual beli sesaat. Kemitraan harus dibangun melalui hubungan yang saling membutuhkan, saling memperkuat, dan saling menguntungkan.
Usaha Besar didorong untuk membuka informasi kebutuhan pengadaan, memberikan kepastian standar, membina pemasok lokal, serta menerapkan proses seleksi yang transparan. Di sisi lain, UMKM perlu meningkatkan kualitas produk, kapasitas produksi, legalitas, tata kelola, dan profesionalisme usaha.
Dalam kegiatan Diseminasi Kebijakan Kemitraan Usaha Nasional dalam Rangka Penanaman Modal di Kota Ternate, Maluku Utara, Sona berharap business matching yang mempertemukan160 pelaku Usaha Mikro, Kecil, dan Menengah tidak berhenti pada pertukaran kontrak.
Ia berharap kegiatan ini menghasilkan tindak lanjut yang terukur, mulai dari identifikasi kebutuhan, seleksi calon mitra, peningkatan kapasitas, hingga kontrak dan realisasi transaksi. Direktur Pemberdayaan Usaha Kementerian Investasi dan Hilirisasi/BKPM Delfinur Rizky Novihamzah menambahkan bahwa kemitraan tidak cukup berhenti pada komitmen.
""Pemerintah mendorong agar kebutuhan usaha besar dapat dipertemukan dengan calon vendor lokal yang memiliki legalitas dan kesiapan usaha. Pemerintah pusat dan daerah memastikan proses kemitraan dapat direalisasikan, dipantau dan dikawal dengan baik,"" jelas Delfinur.
Sona menegaskan bahwa Maluku Utara tidak boleh hanya menjadi lokasi berlangsungnya kegiatan hilirisasi, tetapi juga harus menjadi tempat tumbuhnya pemasok lokal, pengusaha baru, tenaga kerja terampil, dan UMKM yang semakin kuat.
""Investasi yang berhasil adalah investasi yang tumbuh bersama daerah tempat investasi tersebut dijalankan,"" tutup Sona.
Tonton juga video ""Demo Membuat Investor Ragu Untuk Masuk ke Pasar Saham""
(ily/ara)",finance,https://finance.detik.com/berita-ekonomi-bisnis/d-8645349/realisasi-investasi-maluku-utara-tembus-rp-40-t-terbesar-ketiga-di-ri
122,"Menteri Keuangan Purbaya Yudhi Sadewa mengungkap kondisi kelas menengah di Indonesia yang saat ini tengah tertekan. Salah satu persoalan yang disorot adalah penurunan pendapatan dari kelompok tersebut.
Purbaya mengatakan, pemerintah selama ini telah menggelontorkan anggaran besar untuk membantu masyarakat yang membutuhkan. Namun, kondisi berbeda dialami kelas menengah yang belum mendapatkan dukungan cukup.
""Kita keluarkan anggaran cukup besar supaya mereka bisa terus bertahan di ekonomi ini. Untuk subsidi BBM aja kita keluarkan Rp 500 triliun lebih, subsidi non-BBM tuh hampir sama Rp 540 triliun untuk pendidikan dan lain-lain. Jadi subsidi dari pemerintah cukup besar. Pemerintah tidak pernah melupakan masyarakat yang membutuhkan,"" kata Purbaya dalam Sarasehan 100 Ekonom Indonesia 2026 di Hotel Kempinski, Jakarta Pusat, Kamis (3/9/2026).
Menurut Purbaya, subsidi tersebut tidak didapatkan masyarakat kelas menengah sehingga pendapatan mereka turun. Oleh karena itu salah satu cara untuk mengangkat kembali kondisi kelas menengah adalah mendorong pertumbuhan ekonomi lebih tinggi.
Purbaya menyinggung kinerja pertumbuhan ekonomi Indonesia yang selama ini rata-rata masih di kisaran 5%. Kondisi ini belum cukup kuat untuk mendorong industrialisasi dan menciptakan lapangan kerja formal dalam jumlah besar.
""Cuma kan sekarang kelas menengah nggak dapet, gitu kan. Kelas menengah pendapatannya turun. Ya itulah makanya kita ciptakan pertumbuhan ekonomi yang lebih cepat. Kan selama ini pertumbuhan ekonomi kita di bawah 5% rata-rata ya. Kalau di bawah 5% itu terjadilah deindustrialisasi dan lain-lain kan. Akibatnya penciptaan lapangan kerja formal berkurang,"" bebernya.
Purbaya mendukung target pertumbuhan ekonomi 8% yang dicanangkan Presiden Prabowo Subianto. Dia memperkirakan pertumbuhan ekonomi perlu didorong hingga di atas 6%-6,5% agar penciptaan lapangan kerja formal semakin kuat.
""Makanya ketika Pak Presiden Prabowo bilang 8%, wah saya setuju dah 8%. Tentunya kita capai secara bertahap. Tujuannya apa? Kita tuh bisa menciptakan lapangan kerja formal yang berkesinambungan kalau tumbuhnya di atas 6%, di atas 6,5% lah, kira-kira gitu,"" sebutnya.
Dengan semakin banyaknya lapangan kerja yang tercipta, Purbaya yakin pendapatan masyarakat kelas menengah semakin meningkat. Hasilnya akan tercipta masyarakat kelas menengah baru dengan pendapatan yang lebih baik.
""Jadi sekarang kita akan coba hidupkan dengan macam-macam program termasuk hilirisasi. Jadi ke depan mungkin setahun, dua tahun kita akan harapkan masyarakat menengah kita semakin tumbuh lagi,"" tutup Purbaya.
Tonton juga video ""Banggar Tagih Profil Utang Pemerintah, Purbaya: DPR Mau Minta Kapan?""
(acd/acd)",finance,https://finance.detik.com/berita-ekonomi-bisnis/d-8646837/purbaya-buka-bukaan-kondisi-kelas-menengah-ri-pendapatan-turun
123,"Harga emas Antam mengalami penurunan dan melanjutkan tren pelemahan sejak akhir pekan kemarin. Harga emas Antam 24 karat hari turun Rp 6.000 per gram berada di level Rp 2.664.000 per gram.
Berdasarkan situs Logam Mulia Antam, Selasa (1/9/2026), satuan harga emas hari ini yang terkecil ukuran 0,5 gram berada di angka Rp 1.382.000. Sementara harga emas 10 gram dijual dengan harga Rp 26.135.000 dan ukuran emas terbesar yakni 1.000 gram (1 kg) dibanderol Rp 2.604.600.000.
Jika ditarik dalam sepekan terakhir, harga emas Antam berada dalam rentang Rp 2.664.000-2.768.000 per gram. Begitu juga dalam sebulan terakhir, harga emas Antam bergerak dalam rentang Rp 2.599.000-2.768.000 per gram.
Buyback Emas
Harga emas hari ini untuk buyback emas Antam juga mengalami penurunan Rp 6.000 per gram dan kini berada di level Rp 2.517.000 per gram. Harga buyback adalah jika Anda ingin menjual emas, maka Antam akan membelinya dengan harga tersebut.
Sesuai Peraturan Menteri Keuangan (PMK) Nomor 34 Tahun 2017, pembelian emas batangan akan dikenakan PPh 22 sebesar 0,9%. Jika ingin mendapatkan potongan pajak lebih rendah sebesar 0,45%, harus menyertakan NPWP untuk transaksinya.
Rincian Harga Emas Hari Ini
Harga emas 0,5 gram: Rp 1.382.000
Harga emas 1 gram: Rp 2.664.000
Harga emas 2 gram: Rp 5.268.000
Harga emas 3 gram: Rp 7.877.000
Harga emas 5 gram: Rp 13.095.000
Harga emas 10 gram: Rp 26.135.000
Harga emas 25 gram: Rp 65.212.000
Harga emas 50 gram: Rp 130.345.000
Harga emas 100 gram: Rp 260.612.000
Harga emas 250 gram: Rp 651.265.000
Harga emas 500 gram: Rp 1.302.320.000
Harga emas 1.000 gram: Rp 2.604.600.000
Demikian rincian harga emas hari ini keluaran Antam 0,5 gram hingga 1.000 gram, Selasa (1/9/2026).
Lihat juga Video: Harga Emas Antam Ambruk Hari Ini",finance,https://finance.detik.com/berita-ekonomi-bisnis/d-8642925/emas-antam-turun-lagi-sudah-segini-sekarang
124,"Menteri Keuangan Purbaya Yudhi Sadewa buka suara soal pembiayaan program Koperasi Desa (Kopdes) Merah Putih memakai pinjaman dari bank BUMN. Purbaya memastikan pemerintah tidak akan telat membayar utang pinjaman tersebut.
Pasalnya, menurut Purbaya, pemerintah telah berkomitmen membayar Rp 40 triliun tiap tahun.
""Kita setiap bayar Rp 40 triliun cicilan juga dengan kesiapan perbankan. Jadi, enggak ada keterlambatan pembayaran cicilan pemerintah. Kita harus menjaga kondisi sistem perbankan kita,"" ujar Purbaya di Mahkamah Agung, Jakarta, Rabu (2/9/2026).
Purbaya juga memastikan pemerintah tidak membiarkan terjadi kredit macet di bank terkait pembangunan Kopdes Merah Putih. Mantan Ketua Lembaga Penjamin Simpanan (LPS) ini pun menjamin akan menyiapkan cara khusus demi menjamin kelancaran pembayaran ke bank BUMN.
Namun, Purbaya enggan menjelaskan cara khusus tersebut.
""Nanti kita akan carikan cara khusus untuk memastikan semuanya bisa berjalan dengan lancar. Kita lihat nanti ada nggak cara untuk memastikan kewajiban pemerintah yang harus dibayarkan, bisa kita bayarkan,"" terang Purbaya.
Di sisi lain, Purbaya menambahkan, pemerintah juga memiliki dana tunai lebih dari Rp 500 triliun.
""Pokoknya ada Rp 510 triliun lebih cash-nya sekarang. Kalau dibilang uang saya Rp 8,1 triliun, ya nggak. Sudah disiapkan kok Rp 40 triliun,"" jelas Purbaya.
(hns/hns)",finance,https://finance.detik.com/berita-ekonomi-bisnis/d-8645888/purbaya-siapkan-rp-40-t-bayar-utang-kopdes-ke-bank-bumn-jamin-tak-macet
125,"Memiliki produk berkualitas belum cukup untuk menembus pasar internasional. Calon eksportir juga perlu memahami alur ekspor-impor, dokumen, logistik, hingga cara menemukan buyer agar bisnis bisa berkembang ke pasar global.
Buat pelaku UMKM yang masih awam, memahami dasar ekspor bisa menjadi langkah awal yang penting. Karena itu, detikcourse menghadirkan kelas 2 Jam Kuasai Dasar Ekspor-Impor untuk Ekspansi ke Pasar Global pada Rabu, 9 September 2026, pukul 19.00-21.00 WIB secara online melalui Zoom.
Peserta akan mempelajari cara melihat peluang pasar global, memilih produk yang berpotensi diekspor, melakukan riset negara tujuan, hingga mencari buyer internasional. 
Materi juga mencakup dasar dokumen, logistik, dan metode pembayaran dalam proses ekspor.
Kelas ini cocok untuk pelaku UMKM, pemilik bisnis, entrepreneur, produsen lokal, calon eksportir, hingga mahasiswa yang ingin memahami bisnis ekspor-impor dari dasar.
Peserta juga mendapatkan e-sertifikat detikcourse, video recording kelas, serta insight dari expert di bidang ekspor-impor.
Ingin membawa produk lokal ke pasar global? Daftar kelasnya sekarang melalui detikevent dan siapkan langkah ekspor dari dasar!
Tonton juga video ""Tanyadetikfinance Pasar Becek Bikin UMKM Indonesia Mati, Apa Itu?""
(hns/hns)",finance,https://finance.detik.com/berita-ekonomi-bisnis/d-8646854/umkm-ingin-go-global-kenali-dulu-dasar-ekspor-impor-untuk-pemula
126,"Indonesia dinilai masih memiliki peluang untuk mengoptimalkan nilai ekspor hingga sekitar US$ 5 miliar per tahun. Potensi tersebut teridentifikasi dari analisis terhadap ribuan transaksi ekspor yang mencakup berbagai komoditas, pelabuhan, hingga negara tujuan.
Ekonom Universitas Gadjah Mada (UGM) Eddy Junarsin mengatakan visibilitas perdagangan semakin penting di tengah tekanan terhadap kinerja ekspor dan meningkatnya ketidakpastian global.
Data Badan Pusat Statistik (BPS) menunjukkan neraca perdagangan Indonesia mengalami defisit US$ 1,61 miliar pada Mei 2026. Kondisi tersebut mengakhiri tren surplus perdagangan yang berlangsung selama 72 bulan berturut-turut sejak Mei 2020. Pada Juni 2026, neraca perdagangan kembali mencatat defisit sebesar US$ 450 juta.
Menurut Eddy, kondisi tersebut perlu menjadi momentum untuk mengevaluasi strategi ekspor Indonesia.
""Pada kuartal yang baru dirilis, neraca perdagangan kita bahkan sudah tidak surplus lagi. Artinya, perlu ada refleksi dan koreksi mengenai strategi ekspor di tengah kondisi ketidakpastian global,"" ujar Eddy, Rabu (2/9/2026).
Dalam situasi tersebut, integrasi data perdagangan dinilai dapat membantu pemerintah melihat aktivitas ekspor hingga tingkat transaksi. Informasi yang terhubung tidak hanya mencakup nilai dan volume, tetapi juga kualitas komoditas, harga, klasifikasi produk, lokasi pengiriman, negara tujuan, hingga penerimaan devisa.
""Visibilitas yang tinggi merupakan hal yang relevan dan pivotal karena dapat memperkuat transparansi, objektivitas, dan kepastian dalam hal kuantitas, lokasi tujuan, perpajakan, dan aspek lainnya,"" kata Eddy.
Sejak mulai beroperasi pada 1 Juni 2026, PT Danantara Sumberdaya Indonesia (Persero) atau DSI telah membangun visibilitas analitis atas sekitar 6.500 deklarasi ekspor dengan nilai lebih dari US$ 14 miliar dan volume melampaui 90 juta ton komoditas.
Transaksi tersebut bergerak melalui lebih dari 50 pelabuhan muat di 25 provinsi menuju lebih dari 100 negara tujuan.
Data ekspor nasional tersebut kemudian diintegrasikan dengan referensi pasar global. Informasi yang dipantau mencakup harga, volume, kualitas, klasifikasi Harmonized System (HS), kapal pengangkut, dan pasar tujuan.
Integrasi tersebut memberikan gambaran mengenai alur perdagangan dan nilai komoditas sepanjang rantai ekspor.
Dari analisis awal bersama sejumlah badan usaha milik negara, ditemukan potensi optimalisasi nilai sekitar US$ 5 miliar per tahun.
Eddy menilai integrasi data tersebut dapat menjadi dasar untuk memahami struktur perdagangan dan menyusun strategi ekspor yang lebih tepat. Namun, menurutnya, visibilitas data saja belum cukup untuk meningkatkan kinerja ekspor.
""Visibilitas semata belum tentu dapat menggenjot ekspor. Yang diperlukan juga adalah strategi mengelola sumber daya, meningkatkan daya saing produk Indonesia di pasar global, memperluas perjanjian perdagangan bebas, memetakan negara tujuan ekspor, dan mengimplementasikan strategi global,"" katanya.
Menurut Eddy, penguatan perdagangan komoditas membutuhkan pembagian peran yang jelas. DSI menjalankan peran strategis melalui integrasi data dan penguatan visibilitas, sementara implementasi pada tingkat bisnis membutuhkan partisipasi aktif perusahaan eksportir.
""Visibilitas dan top-level strategy dari DSI pada akhirnya membutuhkan implementasi dan business-level strategy dari para eksportir,"" ujarnya.
Direktur Utama DSI Luke Mahony mengatakan fokus DSI saat ini adalah membangun sistem dan kapabilitas untuk menjalankan mandatnya secara kredibel, terukur, dan berkelanjutan.
""Sejak mulai beroperasi, kami telah mengembangkan visibilitas terhadap ribuan transaksi ekspor serta fondasi analitis yang diperlukan untuk mendukung mandat DSI. Kami akan terus mengukuhkan kapabilitas pemantauan, verifikasi, dan operasional guna mendukung ekosistem ekspor yang lebih transparan, akuntabel, dan efisien, sekaligus menjaga kepastian berusaha dan keberlanjutan ekspor,"" ujar Luke dalam keterangan resminya, Senin (24/8).
Eddy menilai kombinasi antara visibilitas perdagangan dan peningkatan daya saing oleh eksportir berpotensi memperbaiki kinerja perdagangan, memperkuat devisa hasil ekspor, serta memberikan dampak lebih besar bagi perekonomian nasional.
""Peran DSI sangat strategis, tetapi implementasinya tetap memerlukan partisipasi aktif perusahaan-perusahaan eksportir,"" pungkasnya.
(fdl/fdl)",finance,https://finance.detik.com/berita-ekonomi-bisnis/d-8644875/ekspor-ri-bisa-tambah-us-5-miliar-ini-sumbernya
127,"PT Angkasa Pura Indonesia atau InJourney Airports menyiapkan sistem yang mempermudah layanan di bandara.Penumpang pesawat nantinya tak perlu lagi repot mengeluarkan dan menunjukkan KTP kepada petugas.
Direktur Utama Angkasa Pura,Mohammad Rizal Pahlevi mengatakan,transformasi ini dilakukan agar penumpang tidak perlu lagi melakukan proses validasi secara manual. Pihaknya tengah menyiapkan sistem biometrik dan alat pengenalan wajah di bandara.
""Tranformasi proses, ini salah satunya bagaimana memberikan layanan yang simpel, kita tahu bahwa antrean KTP satu-satu dicek, hari ini belum, ke depannya by biometrik by face recognition tidak perlu lagi ke depan menunjukkan KTP,"" kata Rizal dalam rapat dengan Komisi VI DPR RI di kompleks parlemen, Jakarta, Kamis (3/9/2026).
Menurutnya, sistem tersebut akan membuat proses pemeriksaan lebih praktis karena identitas penumpang dapat divalidasi melalui teknologi biometrik. Penumpang tidak perlu lagi membuka dompet untuk mengeluarkan KTP ataupun menunjukkan dokumen secara manual.
""Kita maunya ke depan jangan lagi penumpang harus buka dompet mengeluarkan KTP atau jangan lagi penumpang mengeluarkan kertas catatan, bahkan kadang-kadang kertasnya tertinggal dan terus ditolak oleh bandara seolah-olah kita nggak bisa membantu atau melayani,"" tuturnya.
Saat ini, prototype sistem tersebut sedang berlangsung di Bandara Soekarno-Hatta, Surabaya hingga Bali untuk penerbangan domestik. Setelah itu, teknologi serupa akan disiapkan di sejumlah bandara strategis lainnya.
""Iya. Sekarang prototype-nya sedang berlangsung di Soekarno-Hatta. Dan nantinya bandara-bandara strategis kita akan siapkan seperti itu,"" kata Rizal.
Transformasi tersebut juga didukung sistem PIONA (Passenger Validation in Airport), yang berfungsi memvalidasi data penumpang sekaligus meningkatkan akurasi pelaporan pendapatan Passenger Service Charge (PSC).
Per Juli 2026, sistem PIONA telah diterapkan di sejumlah bandara, termasuk Bandara Soekarno-Hatta dengan pemasangan perangkat totem dan PC. Implementasi PIONA ditargetkan mencakup seluruh bandara pada November 2026.
(acd/acd)",finance,https://finance.detik.com/berita-ekonomi-bisnis/d-8647227/siap-siap-naik-pesawat-tak-perlu-lagi-pakai-ktp
128,"Badan Pusat Statistik (BPS) memproyeksikan produksi beras dari Januari hingga Oktober 2026 mencapai 31,41 juta ton. Angka ini turun 0,08% dibandingkan dengan periode yang sama pada tahun lalu.
Deputi Bidang Statistik Distribusi dan Jasa BPS, Ateng Hartono mengatakan mengatakan berdasarkan amatan Kerangka Sampel Area (KSA) Juli 2026, mayoritas lahan pertanian nasional atau sekitar 36,27% saat ini berada dalam fase ditanami padi (standing crop). Dari luas standing crop pada Juli 2026, mayoritas adalah fase generatif yaitu 15,78% yang sebagian besar berpotensi dipanen pada Agustus tahun 2026.
""Pada kondisi Juli tahun 2026 luas panen padi mencapai 0,93 juta hektare (ha) atau mengalami penurunan 1,05% dibandingkan dengan Juli tahun 2025 yang besarnya 0,94 juta hektar,"" ujar Ateng dalam konferensi pers di kantornya, Jakarta Pusat, Selasa (1/8/2026).
| Baca juga: RI Ekspor Beras ke Malaysia! | 
Potensi luas panen pada Agustus sampai dengan Oktober 2026 diperkirakan mencapai 3,07 juta ha atau turun 0,04 juta ha jika dibandingkan dengan periode yang sama pada tahun sebelumnya. Dengan demikian, luas panen padi pada periode Januari-Oktober 2026 diperkirakan mencapai 10,31 juta ha atau naik 0,01% jika dibandingkan dengan periode yang sama 2025.
Sejalan dengan gambaran luas panen, maka produksi padi pada Juli 2026 diperkirakan sebesar 4,75 juta ton gabah kering giling (GKG). Angka ini mengalami penurunan 1% dibandingkan dengan Juli 2025 sebesar 4,80 juta ton GKG.
Sepanjang Januari hingga Oktober 2026, produksi padi diperkirakan mencapai 54,52 juta ton GKG atau mengalami penurunan 0,05 juta ton GKG dibandingkan dengan periode yang sama pada tahun 2025.
Sejalan dengan itu, produksi beras untuk konsumsi pangan masyarakat pada Juli 2026 diperkirakan sebesar 2,74 juta ton atau mengalami penurunan sebesar 0,99% dibandingkan dengan Juli tahun 2025 yang sebesar 2,77 juta ton.
""Sepanjang Januari-Oktober tahun 2026, produksi beras diperkirakan mencapai 31,4 juta ton atau mengalami penurunan sebesar 0,03 juta ton atau menurun 0,08% jika dibandingkan dengan periode yang sama pada tahun 2025,"" beber ia.
Ateng mengingatkan angka potensi ini masih dinamis dan dapat berubah. Perubahan tersebut sangat bergantung pada kondisi pertanaman ke depan, seperti adanya serangan hama atau organisme pengganggu tanaman (OPT), ancaman banjir, kekeringan, hingga perubahan waktu panen oleh petani.
Dari sisi sebaran, potensi panen padi sepanjang Agustus hingga Oktober 2026 secara umum terkonsentrasi di Pulau Jawa, seperti Jawa Barat, Jawa Timur, dan Jawa Tengah. Untuk Pulau Sumatera terpusat di Sumatera Selatan, Sumatera Utara, Lampung, dan Aceh. Sedangkan di Pulau Sulawesi terkonsentrasi di Sulawesi Selatan dan Sulawesi Tenggara, Pulau Kalimantan di Kalimantan Selatan, serta Nusa Tenggara Barat (NTB) untuk kawasan Nusa Tenggara.
Lihat juga Video: Ekspor 2.200 Ton Beras Bulog untuk Jemaah Haji Terancam Batal",finance,https://finance.detik.com/berita-ekonomi-bisnis/d-8643387/produksi-beras-diprediksi-31-4-juta-ton-hingga-oktober
129,"Menteri Pertanian (Mentan) Andi Amran Sulaiman mengungkap praktik curang dalam penjualan beras fortifikasi. Produk yang diklaim mengandung gizi tertentu ternyata tidak sesuai kenyataan.
Amran mengatakan beras fortifikasi dibuat dengan mencampurkan beras analog yang telah mengandung vitamin ke dalam beras biasa.
Namun, berdasarkan pemeriksaan yang dilakukan pemerintah di empat laboratorium, sekitar 90% sampel beras fortifikasi tidak sesuai dengan klaim.
""Harga beras 90% itu tidak benar dan dijual, jadi harusnya ini harga barang, Rp 13.000, tapi dijual Rp 20.000. dijual ada yang Rp 56.000,"" kata Amran yang juga Kepala Badan Pangan Nasional (Bapanas) dalam rapat dengan Komisi IV DPR, Jakarta, Selasa (1/8/2026).
Ia juga menyebut izin produk yang bermasalah akan ditindaklanjuti, termasuk kemungkinan pencabutan izin.
Amran menilai label fortifikasi digunakan untuk memberikan kesan bahwa beras memiliki nilai tambah, meski kandungan vitamin yang diklaim tidak ditemukan dalam pemeriksaan.
""Nah, insyaallah mungkin minggu ini, minggu depan, selesai semua prosesnya, kami kirim ke penegak hukum,"" janji Amran.
Amran menambahkan, jumlah selisih harga yang tidak sesuai itu mencapai Rp 89,19 triliun. Pemerintah tengah melengkapi data dan hasil pemeriksaan sebelum membawa kasus tersebut kepada penegak hukum dan Satgas Pangan.
""Kami sudah menyurat, ini izinnya dicabut. kemudian tidak dikeluarkan lagi izin dulu, dan insyaAllah, kami masih proses terus, supaya datanya betul-betul lengkap,"" tutup Amran.
(ily/hns)",finance,https://finance.detik.com/berita-ekonomi-bisnis/d-8644114/mentan-ungkap-aksi-culas-bisnis-beras-masyarakat-rugi-rp-89-triliun
130,"Presiden Prabowo Subianto memohon maaf kepada Presiden Rusia Vladimir Putin usai dirinya tak bisa hadir pada KTT ASEAN-Rusia Juni lalu di Kazan. Prabowo diundang khusus oleh Putin untuk hadir pada pertemuan itu.
Hari ini Prabowo kembali melakukan pertemuan dengan Putin di Vladivostok. Dia diundang khusus untuk hadir pada Eastern Economic Forum oleh Putin, keduanya menyempatkan diri untuk melakukan pertemuan bilateral sebelum acara dimulai.
""Atas penyelenggaraan KTT peringatan ASEAN-Rusia ke-20 pada tanggal 18 Juni 2024. Saya mohon maaf sebesar-besarnya karena saya tidak dapat menghadiri acara penting tersebut,"" beber Prabowo dalam pertemuan yang disiarkan langsung oleh Sekretariat Presiden, Kamis (3/9/2026).
Prabowo mengungkapkan alasannya tak bisa hadir di Kazan karena ada masalah di dalam negeri yang perlu ditangani secara serius dan tak bisa ditinggalkan.
""Karena ada masalah dalam negeri yang tidak bisa saya tinggalkan. Tapi saya membayar hutang saya dengan hadir di Vladivostok sekarang,"" ujar Prabowo.
Orang nomor satu di Indonesia itu melanjutkan Rusia telah menjadi mitra penting bagi Indonesia. Dia mengaku senang hubungan kedua negara kini berlanjut pada kemitraan strategis.
""Sekali lagi terima kasih. Indonesia dan Rusia memiliki ikatan sejarah yang mendalam, lebih dari lima dasawarsa, lebih. Bagi Indonesia, Rusia adalah mitra yang sangat penting. Karena itu kami bangga dan gembira hubungan kita bisa meningkat menjadi kemitraan strategis tahun lalu,"" tutur Prabowo.
Lihat juga Video Momen Trump Puji Prabowo di Depan Pemimpin ASEAN",finance,https://finance.detik.com/berita-ekonomi-bisnis/d-8646395/prabowo-minta-maaf-ke-putin-absen-di-ktt-asean-rusia
131,"Menteri Keuangan Purbaya Yudhi Sadewa mengungkap adanya keberatan dari Danantara terkait rencana setoran sebagian keuntungan kepada negara. Dana tersebut nantinya akan dimasukkan sebagai dana cadangan pemerintah.
Purbaya mengatakan kontribusi Danantara menjadi salah satu sumber penerimaan yang dapat dimanfaatkan pemerintah di tengah proyeksi penurunan Penerimaan Negara Bukan Pajak (PNBP) pada 2027. Jumlah yang akan disetorkan direncanakan sebesar Rp 120 triliun.
""Kita masih punya sumber-sumber lain yang kita bisa manfaatkan sebagai sumber pemasukan baru.Salah satu yang agak kelihatan dari jauh, kelihatannya Danantara tuh, kita akan masukin ke PNBP situ. Walaupun mereka masih protes, tapi perintah Bapak Presiden, sebagian keuntungan Danantara dijadikan cadangan anggaran pemerintah,"" jelas Purbaya dalamacara Sarasehan 100 Ekonom Indonesia 2026 di Hotel Kempinski, Jakarta Pusat, Kamis (3/9/2026).
Saat dikonfirmasi soal protes tersebut, Purbaya menyebut bahwa Danantara mengaku tidak mengetahui soal setoran dana kepada negara. Padahal, kata Purbaya, hal itu sudah dijanjikan Danantara ke Presiden Prabowo Subianto.
""'Ah dia katanya bilang, saya nggak tahu'. Tapi itu perintah presiden. Danantaranya yang janji ke presiden,"" sebut eks Ketua Dewan Komisioner Lembaga Penjamin Simpanan itu.
Meski demikian, Purbaya memastikan kontribusi dari Danantara tetap akan masuk. Dana tersebut ditargetkan menjadi tambahan buffer fiskal pemerintah pada tahun ini.
Ketika ditanya mengenai besaran dana yang akan disetorkan, Purbaya mengatakan nilainya tetap sama, yakni sekitar Rp 120 triliun. Lalu saat ditanya apakah dana tersebut berasal dari dividen atau keuntungan, Purbaya menyebut yang terpenting dana tersebut masuk ke kas negara.
""Dari keuntungan. Mungkin (dividen), saya nggak tahu nanti, yang janji kan Pak Rosan ke bapak presiden. Saya terima aja, kan enak,"" tutup Purbaya.
(acd/acd)",finance,https://finance.detik.com/berita-ekonomi-bisnis/d-8647155/purbaya-sebut-danantara-masih-protes-soal-setor-rp-120-t-ke-negara
132,"Diskon 50% biaya layanan untuk penjual (seller) di platform e-commerce belum berlaku. Pelaksanaannya masih menunggu terbitnya Keputusan Menteri (Kepmen) UMKM.
Menteri Usaha Mikro Kecil dan Menengah (UMKM) Maman Abdurrahman mengatakan alasan Kepmen UMKM belum terbit karena masih ada proses sistem di platform Sapa UMKM dengan sistem e-commerce yang perlu diintegrasikan lebih lanjut.
""Ini kan tinggal permasalahan ada teknis saja nih, ini permasalahan teknis antara kami, sistem kami dengan sistem yang ada di e-commerce,"" ujar Maman di Gedung DPR RI, Jakarta Pusat, Senin (31/8/2026).
Maman menjelaskan, insentif tersebut hanya berlaku bagi usaha mikro kecil (UMK) yang menjual produk dalam negeri. Namun, UMK perlu pengajuan permohonan terlebih dahulu ke sistem Sapa UMKM disertai syarat administratif dan nantinya ada proses verifikasi tahap pertama di sistem Sapa UMKM.
Kemudian, Sapa UMKM mengirimkan daftar usaha mikro kecil (UMK) yang lolos ke platform e-commerce, dan platform e-commerce akan melakukan verifikasi.
Ia menyebut saat ini pihak e-commerce membutuhkan satu bulan untuk melakukan verifikasi. Di tahap ini lah, Maman meminta agar proses verifikasi di e-commerce tidak memakan waktu lama.
""Nah cuma proses review-nya ini yang saya minta tidak terlalu lama gitu. Ini lagi dibicarakan secara teknis. Menurut saya kalau timeline waktu yang sekarang itu menurut saya terlalu lama. Nah kami lagi minta dari Kementerian UMKM untuk itu bisa dipersingkat,"" beber Maman.
Maman menjelaskan rentang waktu e-commerce verifikasi ini lah yang akan tertuang dalam Kepmen. Ia menargetkan pemangkasan waktu verifikasi oleh pihak e-commerce ini bisa rampung minggu ini.
""Saya minta dalam minggu ini pembahasan mengenai timeline pendaftaran itu, prosesnya ya, proses pendaftaran, verifikasi, review-nya itu tidak lama gitu lho. Makanya tinggal di situ aja isunya,"" jelasnya.
Seperti diketahui, pemberian diskon tersebut tertuang dalam Peraturan Menteri (Permen) UMKM Nomor 3 Tahun 2026 tentang Pelindungan dan Peningkatan Daya Saing Usaha Mikro dan Usaha Kecil dalam Perdagangan Melalui Sistem Elektronik (PMSE) yang mulai berlaku sejak 17 Juni 2026.
Dalam pasal 15 ayat 1 menyebutkan dalam pemberian insentif promosi dan pemasaran Produk Dalam Negeri sebagaimana dimaksud dalam Pasal 12 ayat (1) huruf e, PPMSE non- usaha mikro, kecil, dan menengah wajib memberikan potongan Biaya Layanan paling sedikit 50% (lima puluh persen) kepada UMK yang terverifikasi hanya menjual Produk Dalam Negeri.
Diskon 50% ini berlaku untuk komponen biaya layanan yang selama ini dikenakan platform kepada penjual. Adapun range biaya layanan yang dipatok platform saat ini umumnya berkisar 10-18%. Namun dalam pelaksanaannya, diperlukan aturan teknis berupa Keputusan Menteri (Kepmen) UMKM.
(rea/hns)",finance,https://finance.detik.com/berita-ekonomi-bisnis/d-8642621/penyebab-diskon-50-biaya-layanan-buat-seller-toko-online-belum-berlaku
133,"Kementerian Perdagangan (Kemendag) resmi menetapkan kenaikan Harga Patokan Ekspor (HPE) dan Harga Referensi (HR) untuk emas. Keputusan tersebut diambil berdasarkan tingginya permintaan emas di pasar global.
Untuk HPE emas sebesar US$ 142.154,10 per kilogram untuk periode pertama September 2026. Angka tersebut naik 7,87% dibandingkan periode kedua Agustus 2026 yang berada di level US$ 131.777,67 per kilogram.
Sementara itu, HR emas juga meningkat menjadi US$ 4.421,49 per troy ounce (t oz), dari sebelumnya sebesar US$ 4.098,75 per t oz.
Penetapan HPE dan HR emas tersebut tertuang dalam Keputusan Menteri Perdagangan (Kepmendag) Nomor 1776 Tahun 2026 tentang Harga Patokan Ekspor dan Harga Referensi atas Produk Pertambangan yang Dikenakan Bea Keluar. Kepmendag tersebut berlaku untuk periode 1-14 September 2026.
Direktur Jenderal Perdagangan Luar Negeri Kementerian Perdagangan, Tommy Andana, mengatakan kenaikan HPE dan HR emas didorong kenaikan harga emas selama periode pengumpulan data yang mencapai 7,87%. Kenaikan harga tersebut tidak terlepas dari meningkatnya permintaan emas di pasar global di tengah pasokan yang relatif terbatas.
""Peningkatan HPE dan HR emas pada periode pertama September 2026 didorong beberapa faktor, salah satunya peningkatan permintaan emas di tengah keterbatasan pasokan. Faktor lainnya meliputi depresiasi nilai tukar mata uang utama dunia serta merosotnya imbal hasil obligasi di pasar internasional. Di samping itu, wacana pemangkasan suku bunga acuan oleh sejumlah bank sentral global turut memberikan sentimen positif bagi pergerakan harga emas,"" jelas Tommy dalam keterangan tertulis, Senin (31/8/2026).
Menurut Tommy, kondisi tersebut mendorong investor untuk mengalihkan likuiditas ke emas yang dipandang sebagai aset aman (safe haven) di tengah ketidakpastian pasar keuangan global.
""Dinamika tersebut mendorong para pelaku pasar untuk mengalihkan modal mereka ke instrumen emas yang dianggap sebagai safe haven dengan tingkat stabilitas yang lebih tinggi. Hal ini berdampak langsung pada meningkatnya permintaan emas di pasar global,"" ujar Tommy.
Tommy menambahkan, penetapan HPE dan HR emas dilakukan berdasarkan data serta masukan teknis dari Kementerian Energi dan Sumber Daya Mineral (ESDM), dengan mengacu pada publikasi London Bullion Market Association (LBMA). Proses penetapan tersebut juga melibatkan Kementerian Koordinator Bidang Perekonomian, Kementerian ESDM, Kementerian Keuangan, dan Kementerian Perindustrian.
""Penetapan HPE dan HR emas dilakukan melalui koordinasi lintas kementerian dan lembaga, dengan mempertimbangkan informasi, data, serta masukan teknis dari kementerian dan lembaga terkait,"" pungkasnya.
(ahi/hns)",finance,https://finance.detik.com/berita-ekonomi-bisnis/d-8642604/harga-patokan-ekspor-emas-naik
134,"Menteri Keuangan Purbaya Yudhi Sadewa kembali menegaskan tidak berencana menggelar program tax amnesty atau pengampunan pajak. Purbaya bahkan menyebut selama dirinya masih menjabat sebagai Menteri Keuangan, kebijakan tersebut tidak akan diberlakukan.
Purbaya sempat berseloroh dirinya takut kualat hingga khawatir justru dipecat dari jabatannya karena kebijakan tersebut. Namun, dia memastikan hingga saat ini belum ada rencana untuk kembali memberikan pengampunan pajak.
""Nggak ada. Saya kan pernah bilang, selama saya jadi Menteri Keuangan, nggak ada tax amnesty. Tapi saya takutnya kualat, jangan-jangan gara-gara itu gue dipecat hahaha,"" ujar Purbaya dalam acara Sarasehan 100 Ekonom Indonesia 2026 di Hotel Kempinski, Jakarta Pusat, Kamis (3/9/2026).
Purbaya menilai tax amnesty justru dapat menimbulkan risiko bagi pegawai Direktorat Jenderal Pajak (DJP). Pasalnya, setelah program tersebut berjalan beberapa tahun sejumlah pegawai pajak terkena masalah hukum.
""Tapi nggak, sampai sekarang nggak ada rencana tax amnesty. Karena untuk saya merugikan orang pajak. Karena itu kan setelah berapa tahun masih bisa diperiksa. Beberapa tahun kemudian diperiksa orang pajak dengan data yang masih nggak terlalu jelas, orang saya dipanggil, ada yang ditahan juga,"" tuturnya.
Karena itu, Purbaya memilih fokus membenahi pengumpulan pajak atau tax collection secara normal. Meskipun, ia menyebut perlu juga melihat perkembangan ke depan.
""Jadi saya pikir kalau begitu caranya ya resikonya dari orang pajak lebih baik, nggak usah tax amnesty, kita rapikan aja tax collection-nya, kita lihat ke depan aja,"" tutup Purbaya.
Lihat juga Video: Menkeu Bidik Rp 2.908 T Penerimaan Pajak di 2027",finance,https://finance.detik.com/berita-ekonomi-bisnis/d-8646579/purbaya-selama-saya-menteri-keuangan-tak-ada-tax-amnesty
135,"PT Garuda Indonesia (Persero) Tbk menerapkan aturan baru terkait bagasi penumpang mulai 1 September 2026. Emiten berkode saham GIAA ini menerapkan sistem Piece Concept, di mana jatah bagasi gratis ditentukan berdasarkan jumlah koper yang dibawa penumpang.
Mengutip laman resmi Garuda Indonesia, ketentuan ini berlaku bagi seluruh penumpang pada semua penerbangan yang dioperasikan perseroan. Dengan sistem baru ini, informasi mengenai jatah bagasi diharapkan menjadi lebih jelas, pasti, dan mudah dipahami.
Nantinya, setiap tiket akan mencantumkan jatah bagasi berdasarkan jumlah koper dan batas berat maksimal per koper. Dengan begitu, penumpang bisa lebih mudah menyiapkan barang bawaan sebelum keberangkatan sekaligus memperlancar proses check-in atau pendaftaran dan pengambilan bagasi.
""Pembaruan ini dirancang untuk memberikan pengalaman perjalanan yang lebih nyaman, membantu Anda mempersiapkan barang bawaan sebelum keberangkatan, serta mendukung proses check-in dan pengambilan bagasi yang lebih cepat dan lancar,"" tulis Manajemen dikutip dari laman resminya, Selasa (1/9/2026).
| Baca juga: Garuda Ubah Aturan Bagasi Mulai Hari Ini | 
Selain itu, kebijakan Piece Concept juga sejalan ketentuan bagasi Garuda yang memiliki standar internasional. Kebijakan ini diharapkan bisa memberikan pengalaman perjalanan yang lebih baik, terutama untuk penerbangan internasional.
Ketentuan Baru
Melalui kebijakan Piece Concept, jatah bagasi diberikan berdasarkan jumlah koper dengan batas berat maksimum 23 kg hingga 32 kg. Batas maksimum ini berlaku sesuai kelas dan jenis tiket pelanggan.
Apabila salah satu koper melebihi batas berat yang ditentukan, pelanggan dapat menata kembali barang bawaan ke koper lain yang masih termasuk dalam alokasi bagasi, atau memanfaatkan jatah bagasi kabin yang tersedia sesuai ketentuan (maksimum 7 kg).
Kemudian jika belum mencukupi, pelanggan bisa membeli Additional Piece sebelum keberangkatan atau Excess Baggage di Bandara. Khusus untuk bagasi Economy Class dengan berat lebih dari 23 kg hingga maksimum 32 kg, tersedia layanan Heavy Bag yang dapat dibeli melalui Excess Baggage di Bandara.
Sementara untuk pelanggan yang telah membeli tiket sebelum Piece Concept diberlakukan, Garuda menegaskan kebijakan tersebut mengikuti Date of Issue (DOI) atau tanggal penerbitan tiket terakhir.
Artinya untuk tiket yang diterbitkan sebelum 1 September 2026 masih dibolehkan tetap mengikuti ketentuan Weight Concept, meskipun tanggal penerbangannya setelah implementasi. Jika tiket tersebut di-reissue atau diubah setelah implementasi sehingga memiliki DOI baru, maka ketentuan bagasi akan mengikuti Piece Concept.
Seluruh tiket yang diterbitkan mulai 1 September 2026 akan menggunakan Piece Concept. Dengan demikian, penumpang tetap memperoleh ketentuan sesuai aturan yang berlaku saat tiket diterbitkan.
(ahi/hns)",finance,https://finance.detik.com/berita-ekonomi-bisnis/d-8644193/cek-aturan-baru-bagasi-garuda
136,"Kementerian Koperasi (Kemenkop) memberikan penjelasan mengenai anggaran Rp 103 miliar yang menjadi sorotan. Sekretaris Kementerian Koperasi (Sesmenkop) Ahmad Zabadi menyampaikan angka tersebut merupakan baru usulan tambahan anggaran untuk 2027.
Zabadi mengatakan usulan tambahan anggaran tersebut dibahas dalam rapat kerja bersama Komisi VI DPR kemarin. Ia menjelaskan diperuntukkan bukan hanya untuk podcast, tapi juga untuk pengembangan teknologi
""Kami perlu untuk menyampaikan bahwa Rp 103 miliar menjadi bagian usulan tambahan anggaran yang disampaikan Kementerian Koperasi pada rapat kemarin itu bukan untuk podcast saja. Podcast hanya menjadi salah satu bagian komunikasi dan informasi publik yang menjadi tugas bagian Kementerian Koperasi,"" ujarnya dalam konferensi pers di kantornya, Jakarta Pusat, Kamis (3/9/2026).
Zabadi menerangkan dalam Raker tersebut, Kemenkop telah ditetapkan memiliki pagu anggaran dasar tahun 2027 sebesar Rp 742 miliar. Namun, untuk mengoptimalkan penugasan strategis ke depan, Kemenkop mengajukan usulan tambahan anggaran secara keseluruhan mencapai sekitar Rp 4,53 triliun. Dari total usulan tambahan inilah terselip alokasi Rp 103 miliar yang kemudian sempat salah dipersepsikan seolah-olah hanya dialokasikan untuk kebutuhan podcast.
Zabadi merinci anggaran Rp 103 miliar tersebut nantinya akan ditempatkan di bawah pengelolaan Biro Hubungan Masyarakat, Teknologi Informasi, dan Tata Usaha.
""Pastinya bukan hanya untuk podcast tapi juga mendukung tugas-tugas kehumasan. Kemudian pengembangan dari pengembangan teknologi informasi yang terus kita jalankan dari Kementerian Koperasi serta dukungan tata usaha termasuk disini adalah infrastruktur yang menunjang dr pelaksanaan tugas kehumasan, tugas-tugas pengembangan dan pemanfaatan teknologi dan informasi,"" beber ia.
Zabadi menyambut baik perhatian masyarakat dan menegaskan Kemenkop memegang prinsip Anggaran Pendapatan dan Belanja Negara (APBN) adalah uang rakyat yang harus dikelola dengan penuh tanggung jawab.
Setiap rencana program yang dijalankan pihaknya selalu melalui pembahasan intensif bersama kementerian terkait, termasuk Bappenas dan Kementerian Keuangan. Hal ini dilakukan untuk memastikan bahwa seluruh indikator pencapaian dan tata kelola pemerintahan yang baik benar-benar terpenuhi sesuai dengan peraturan perundang-undangan yang berlaku.
""Rp 103 miliar yang kami usulkan itu belum masuk pagu Kementerian Koperasi, sifatnya baru usulan tambahan dan tidak hanya digunakan untuk podcast saja,"" jelas ia.
Lihat juga Video: Prabowo Sindir Pakar di Podcast Bicara Ngarang soal Isi Pikirannya",finance,https://finance.detik.com/berita-ekonomi-bisnis/d-8646717/heboh-anggaran-rp-103-m-buat-podcast-kemenkop-buka-suara
137,"Menteri Perdagangan (Mendag) Budi Santoso menanggapi beras premium kemasan 5 kilogram (kg) yang langka. Budi memastikan pasokan beras, terutama dari Bulog terus didorong masuk ke jaringan distribusi ritel.
""Beras kan sekarang kan ada beras dari premium juga dari Bulog. Sekarang sudah mulai, saya pikir sudah mulai masuk di ritel. Kalau enggak salah namanya Befood,"" ujar Budi di kantornya, Jakarta Pusat, Rabu (2/9/2026).
Selain itu, ia menyebutkan bahwa beras medium dari Bulog juga dipersiapkan untuk segera masuk ke pasar ritel modern. ""Ya, kemudian juga ada beras medium yang nanti masuk di dari Bulog yang masuk di ritel modern,"" tambahnya.
Pemerintah, lanjut Budi, terus memperkuat koordinasi dengan para pelaku usaha dan asosiasi ritel seperti Asosiasi Pengusaha Ritel Indonesia (Aprindo) serta Himpunan Peritel dan Penyewa Pusat Perbelanjaan Indonesia (Hippindo) agar distribusi pangan berjalan lancar.
""Jadi, kita koordinasi terus, supaya justru supaya Bulog itu bisa memasok ke Aprindo, ke Hipindo, di asosiasinya, ya, di minimarket maupun di ritel modern. Ya jadi kita terus supaya produk-produk itu diisi dari Bulog,"" jelasnya.
Sebelumnya, beras premium kemasan 5 kg dilaporkan langka di sejumlah daerah, seperti Malang Jawa Timur dan Palembang Sumatera Selatan.
Dikutip dari detikSumbagsel, Di pasar tradisional seperti pasar 10 Ulu, beras kemasan lima kg dari sejumlah merek premium sulit ditemukan. Pedagang lebih banyak menyediakan beras ukuran 20 Kg dan dalam ukuran kiloan untuk memenuhi permintaan pembeli.
""Sudah hampir sekitar dua bulanan ini beras 5 kg langka. Penyebab langka ini karena harga tidak sesuai dan harga plastik kan naik sehingga produsen berhenti memproduksi beras lima kg,""kata Mansyur, salah satu pedagang manisan di pasar 10 Ulu.
Sementara di ritel modern, stok yang menipis membuat pembelian mulai dibatasi. Kondisi ini terlihat di salah satu gerai SuperIndo kawasan Sukarami Palembang.
Seorang pegawai mengatakan konsumen hanya diperbolehkan membeli maksimal satu kemasan beras per hari. Kebijakan tersebut diterapkan karena stok yang tersedia terbatas.
Serupa juga terjadi di Malang, Jawa Timur. Dikutip dari detikJatim, harga beras jenis premium di sejumlah pasar tradisional Kota Malang, Jawa Timur melambung tinggi. Saat ini, harga beras kualitas super tersebut telah menyentuh angka Rp 80 ribu per kemasan 5 kg.
Kenaikan harga ini dikeluhkan para pedagang karena terjadi secara bertahap dalam kurun waktu satu bulan terakhir, diiringi dengan pasokan distributor yang kian menipis.
Salah seorang pedagang beras di Pasar Bunulrejo, Kota Malang, Supriyono mengungkapkan bahwa harga kulakan beras premium terus merangkak naik dari harga sebelumnya yang berkisar antara Rp 76.500-77.000 per 5 kg.
Tonton juga Video: Melihat Rekonstruksi Kasus Beras Premium Oplosan di Serang",finance,https://finance.detik.com/berita-ekonomi-bisnis/d-8644943/beras-premium-kemasan-5-kg-langka-mendag-bilang-begini
138,"Menteri Pertanian (Mentan) Andi Amran Sulaiman mengungkap upaya pemerintah mengejar swasembada bawang putih. Kementerian Pertanian (Kementan) mengirim tim ke sejumlah negara, termasuk India dan China untuk mencari bibit bawang putih.
Amran mengatakan pemerintah ingin bergerak cepat untuk mencapai swasembada bawang putih yang ditargetkan 3-4 tahun lagi. Namun, upaya tersebut menghadapi kendala karena ketersediaan bibit yang masih terbatas.
""Kami sudah berangkat Dirjen ke India, ke China, bahkan seluruh dunia. arena memenuhi arahan untuk bibitnya. Kami ingin bergerak cepat tapi ternyata bibit itu tidak mudah. Sampai sudah ke Cina, ke India sudah,"" kata Amran dalam rapat kerja dengan Komisi IV DPR RI di kompleks parlemen, Jakarta Pusat, Selasa (1/9/2026).
Menurutnya, bibit yang berhasil diperoleh saat ini akan dikembangkan terlebih dahulu di dalam negeri. Langkah tersebut dilakukan untuk memperbanyak ketersediaan bibit sehingga produksi bawang putih dapat ditingkatkan.
Menurut Amran, persoalan utama dalam mengejar swasembada bawang putih bukan anggaran, melainkan keterbatasan bibit. Dia menyebut kebutuhan bawang putih nasional maksimal sekitar 100 ribu ton.
""Tapi ini kita bibitkan supaya 2028 bisa lebih besar .Kami upayakan swasembada secepatnya karena kita butuh hanya 100 ribu maksimal. Sedangkan padi kan 7 juta, tapi bukan karena anggarannya, kami bisa pindahkan. Bukan karena anggarannya, tetapi karena bibitnya sangat terbatas,"" bebernya.
Sementara itu, dalam rapat yang sama, Komisi IV DPR RI menyetujui pagu anggaran Kementan 2027 sebesar Rp 28,01 triliun. Komisi IV juga menyetujui usulan tambahan anggaran Kementan sebesar Rp 5 triliun untuk pengembangan komoditas strategis perkebunan, meliputi kelapa, lada, pala, tebu, kopi, kakao, hingga jambu mete.
Tonton juga video ""Momen Maba Undip Curhat soal Beras di Alor Langsung Direspons Mentan""
(ily/ara)",finance,https://finance.detik.com/berita-ekonomi-bisnis/d-8643744/kejar-swasembada-bawang-putih-mentan-kirim-tim-ke-china-dan-india
139,"Insiden ban pecah pada pesawat Garuda Indonesia penerbangan GA-604 rute Jakarta-Makassar-Kendari menyebabkan penundaan penerbangan (delay) lanjutan yang cukup panjang bagi para penumpang.
Manajemen PT Garuda Indonesia (Persero) menjelaskan pesawat Boeing 737-800NG yang berangkat dari Jakarta pukul 05.30 WIB tersebut sebelumnya mendarat secara aman di Makassar pada pukul 09.27 WITA usai mengalami kendala teknis pada roda pendaratan.
""Penerbangan GA-604 rute Jakarta-Makassar-Kendari pada Kamis (3/9) telah mendarat dengan aman dan normal di Bandara Internasional Sultan Hasanuddin, Makassar, yang merupakan titik transit terjadwal penerbangan tersebut. Seluruh penumpang dan awak pesawat berada dalam kondisi selamat,"" ungkap manajemen Garuda Indonesia dalam keterangan resminya, Kamis (3/9/2026).
Namun akibat insiden ini, penerbangan lanjutan dari Makassar menuju Kendari tidak dapat langsung dilanjutkan dengan armada yang sama. Sebab Garuda baru menyiapkan pesawat pengganti yang dijadwalkan mengudara dari Makassar menuju Bandara Haluoleo, Kendari, pada pukul 19.45 WITA.
Hal ini membuat para penumpang harus menunggu hingga lebih dari 10 jam. Untuk itu manajemen maskapai memastikan telah menyalurkan kompensasi (service recovery) kepada seluruh penumpang yang terdampak.
""Garuda Indonesia juga telah memberikan service recovery kepada seluruh penumpang terdampak sesuai ketentuan yang berlaku,"" terang Persero.
Pihak maskapai turut menyampaikan permohonan maaf atas ketidaknyamanan yang dialami para penumpang selama proses penanganan teknis dan pergantian armada berlangsung. Pihaknya menegaskan bahwa langkah pengandangan sementara pesawat dilakukan demi mengutamakan keselamatan penerbangan.
Tonton juga video ""Pesawat Garuda Pecah Ban Saat Take Off di Jakarta, Mendarat Selamat di Makassar""
(igo/fdl)",finance,https://finance.detik.com/berita-ekonomi-bisnis/d-8646822/imbas-ban-pecah-penumpang-garuda-rute-makassar-kendari-delay-10-jam
140,"Pemerintah memperkuat pelatihan vokasi sebagai instrumen untuk meningkatkan kompetensi tenaga kerja sekaligus menjawab kebutuhan industri yang terus berkembang.
Pasalnya, di sisi ketenagakerjaan, Tingkat Pengangguran Terbuka (TPT) nasional telah menurun menjadi 4,65%. Namun, tantangan struktural masih perlu menjadi perhatian karena sekitar 67% dari total pengangguran berasal dari kelompok generasi muda atau sekitar 4,8 juta orang.
Kondisi tersebut semakin menunjukkan pentingnya pelatihan vokasi dalam mengurangi kesenjangan antara kompetensi tenaga kerja dan kebutuhan industri.
Oleh karena itu kata Menteri Koordinator Bidang Perekonomian Airlangga Hartarto, pelatihan vokasi penting dalam mengurangi kesenjangan antara kompetensi tenaga kerja dan kebutuhan industri.
Airlangga menjelaskan bahwa penguatan pelatihan vokasi tidak terlepas dari kebutuhan untuk memastikan pertumbuhan investasi diikuti dengan kesiapan tenaga kerja.
Hingga Semester I-2026, realisasi investasi mencapai Rp 1.010,6 triliun atau tumbuh 7,2% (YoY) dan setara dengan 49,5% dari target.
Investasi tersebut turut menciptakan sekitar 1,4 juta lapangan kerja secara nasional.
""Program ini merupakan arahan Bapak Presiden yang menjadi bagian dari stimulus di semester dua di tahun 2026 yang perlu dijalankan secara efektif, tepat sasaran, dan berdampak bagi masyarakat,"" ujar Menteri Koordinator Bidang Perekonomian Airlangga Hartarto dalam Kick Off Program Pelatihan Vokasi Nasional Batch IV Tahun 2026, dikutip keterangan tertulis Kementerian Koordinator Perekonomian, Rabu (2/9/2026).
Airlangga mengatakan kebutuhan kompetensi baru juga muncul di sektor digital dan ekonomi hijau. Transisi menuju ekonomi hijau, misalnya, membutuhkan tenaga kerja dengan keterampilan baru seperti teknisi panel surya, teknisi turbin, hingga tenaga yang menguasai smart farming.
Kebutuhan tersebut diperkirakan semakin besar seiring dengan rencana pemerintah mengembangkan pembangkit listrik tenaga surya hingga 100 GW. Saat ini kapasitas listrik nasional berada di sekitar 88 GW, sedangkan kapasitas produksi panel surya dalam negeri telah mendekati 11 GW.
Untuk mengejar kebutuhan tersebut, Program Pelatihan Vokasi Nasional 2026 menargetkan sekitar 340.000 peserta. Sebanyak 70.000 peserta berasal dari alokasi APBN existing, sedangkan 270.000 peserta lainnya berasal dari stimulus ekonomi semester II 2026.
Adapun hingga Agustus 2026, sebanyak 89.337 peserta telah mengikuti pelatihan, sementara Batch IV dilaksanakan secara serentak dengan jumlah 12.128 peserta.
""Jadi Bapak Presiden ingin agar ini skalanya besar termasuk untuk vokasi ini, maka tentu ke depan kita harus memanfaatkan seluruh fasilitas yang dimiliki tidak hanya oleh Pemerintah pusat, Pemerintah daerah, tetapi juga kalangan industri,"" terang Airlangga.
(hrp/hns)",finance,https://finance.detik.com/berita-ekonomi-bisnis/d-8645869/4-8-juta-anak-muda-nganggur-pemerintah-genjot-program-vokasi
141,"Kementerian Keuangan melalui Direktorat Jenderal Perimbangan Keuangan (DJPK) meluncurkan Adaptive Regional Integrated System for Fiscal Resilience (ARISE). Peluncuran dilakukan bersama United Nations Office for Disaster Risk Reduction (UNDRR) dan Institut Teknologi Bandung (ITB).
Plt Direktur Jenderal Perimbangan Keuangan, Nufransa Wira Sakti menjelaskan, sistem ini merupakan decision-support system yang mengintegrasikan pemodelan risiko bencana dengan estimasi dampaknya terhadap perekonomian dan fiskal daerah.
Menurut Nufransa, bencana menimbulkan tekanan fiskal dari dua sisi, yakni menurunkan penerimaan daerah dan meningkatkan kebutuhan belanja. Oleh karena itu, pengelolaan risiko bencana harus dilakukan secara terukur dan proaktif, bukan hanya sebagai respons pascabencana.
""Kita perlu menggeser paradigma dari post-disaster response menuju pre-disaster planning, dan dari financing losses menuju managing risks,"" ujarnya dalam keterangan tertulis, Selasa (1/9/2026).
ARISE dirancang untuk menyediakan informasi komprehensif mengenai hazard, exposure, vulnerability, kerugian ekonomi, hingga dampak fiskal. Dengan demikian, pemerintah daerah dapat memperkuat perencanaan mitigasi, kesiapan pembiayaan, dan strategi risk transfer sebelum bencana terjadi.
Bagi Pemerintah Pusat, ARISE menjadi salah satu basis kebijakan berbasis bukti dalam menyempurnakan kebijakan Transfer ke Daerah (TKD) dan pengelolaan keuangan daerah.
Bali sebagai Pilot, Diperluas ke Empat Provinsi
Implementasi awal ARISE dilakukan di Provinsi Bali. Selanjutnya, pemerintah bersama UNDRR dan ITB berkomitmen memperluas ke empat provinsi, yaitu Aceh, DKI Jakarta, Nusa Tenggara Timur, dan Sulawesi Tengah.
Dalam jangka panjang, ARISE diharapkan menjangkau seluruh provinsi di Indonesia guna memperkuat kapasitas daerah dalam mengantisipasi dampak fiskal bencana. Komitmen Kolaboratif Lintas Pemangku Kepentingan
Peluncuran ini turut dihadiri oleh perwakilan kementerian/lembaga, pemerintah daerah, akademisi, dan mitra pembangunan seperti DFAT Australia, Bank Dunia, dan Kantor Koordinator Residen PBB.
""Pemerintah berharap ARISE dapat menjadi langkah awal penguatan ketahanan fiskal daerah dalam menghadapi guncangan bencana dan perubahan iklim, sekaligus menjaga keberlanjutan pembangunan nasional,"" kata Nufransa.
(ily/ara)",finance,https://finance.detik.com/berita-ekonomi-bisnis/d-8643926/kantor-purbaya-luncurkan-sistem-baru-cegah-keuangan-daerah-jebol-saat-bencana
142,"Menteri Keuangan (Menkeu) Purbaya Yudhi Sadewa menegaskan bahwa ruang fiskal Indonesia tetap terjaga kuat. Menurutnya, kondisi ini terjadi akibat penerimaan negara yang meningkat. Kondisi ini tak lain kata Purbaya karena kinerja Direktorat Jenderal Pajak dan Direktorat Jenderal Bea dan Cukai sudah membaik dalam mengoptimalkan penerimaan negara.
Purbaya menerangkan hingga akhir Juli 2026, penerimaan perpajakan naik 30% dibandingkan periode yang sama tahun sebelumnya. Pada saat yang sama, defisit Anggaran Pendapatan dan Belanja Negara (APBN) hingga akhir Juli 2026 tercatat sekitar 0,9%.
""Tax collection sampai dengan akhir Juli tahun ini tumbuhnya hampir 30% dibanding tahun lalu. Jadi penerimaan kita kuat. Ruang fiskal juga masih terbuka lebar, cukup kuat. Kalau kita lihat defisit sampai akhir Juli baru 0,9% defisitnya,"" ungkap Purbaya dalam keterangan tertulis, Kamis (3/9/2026).
Lebih lanjut Purbaya menjelaskan, penguatan penerimaan tersebut berhasil dilakukan tanpa menaikkan tarif maupun mengenakan jenis pajak baru. Alih-alih, pemerintah memilih untuk mengoptimalkan penerimaan melalui perbaikan sistem dan peningkatan kinerja.
""Memang penerimaan kita di atas perkiraan semula, dan itu terjadi tanpa kenaikan tax rate tarif pajaknya tidak naik, tidak ada pajak baru. Saya cukup perbaiki saja kinerja pegawai (Ditjen) Pajak. Sekarang pajak sudah lebih baik kinerjanya, Bea Cukai juga sama. Makanya, saya bisa dapat angka penerimaan yang tinggi,"" jelasnya.
Selain itu, lanjut Menkeu, implementasi Coretax juga telah memberikan kontribusi positif terhadap peningkatan penerimaan. Meskipun sempat menghadapi berbagai kendala pada tahap awal implementasi, penyempurnaan yang terus dilakukan memungkinkan sistem dapat berjalan semakin baik.
Dari sisi belanja, menurut Menkeu, pemerintah terus memastikan agar APBN digunakan secara efektif untuk memberikan manfaat sebesar-besarnya bagi masyarakat. Pemerintah, lanjutnya, akan mengendalikan belanja yang tidak diperlukan dan mengalihkannya untuk belanja yang lebih produktif. Pada saat yang sama, APBN juga tetap menjalankan fungsi sebagai shock absorber, termasuk melalui subsidi untuk meredam dampak kenaikan harga minyak dunia.
""Kita kendalikan belanja-belanja yang tidak perlu dan kita arahkan untuk belanja yang produktif. Sementara itu, daya beli masyarakat tetap kita jaga, termasuk dengan menyerap dampak kenaikan harga minyak dunia melalui subsidi,"" ujar Menkeu.
Selain itu, efisiensi juga akan diterapkan pada pelaksanaan berbagai program prioritas pemerintah. Pada program Makan Bergizi Gratis (MBG), misalnya, pemerintah terus mendorong peningkatan efisiensi melalui perbaikan tata kelola dan pemanfaatan teknologi.
Kementerian Keuangan pun turut dilibatkan dalam mendukung pengawasan pelaksanaan program tersebut melalui pemantauan Satuan Pelayanan Pemenuhan Gizi (SPPG). Sementara itu, untuk mendukung Koperasi Desa Merah Putih (KDMP), pemerintah telah menyediakan anggaran sebesar Rp 40 triliun untuk pembayaran cicilan dan bunga.
""Untuk KDMP kita sudah sediakan uang Rp 40 triliun, sudah siap dari awal tahun itu, untuk membayar cicilan dan bunganya. Jadi September ini akan jatuh tempo, saya pastikan uangnya siap untuk dibayar sehingga perbankan tidak goncang,"" ungkapnya.
(hrp/fdl)",finance,https://finance.detik.com/berita-ekonomi-bisnis/d-8647178/penerimaan-negara-naik-30-purbaya-puji-kinerja-ditjen-pajak
143,"Generasi Milenial hingga Baby Boomer dinilai berpotensi menjadi pasar baru yang selama ini masih kurang diperhatikan brand. Meski telah memasuki usia matang, kelompok ini tetap memiliki berbagai aspirasi, aktif mengembangkan diri, hingga mengikuti perkembangan teknologi.
Temuan tersebut disampaikan Hakuhodo dalam ASEAN Sei-Katsu-Sha Forum 2026. Dalam studinya, Hakuhodo menyebut kelompok usia di atas 40 tahun sebagai Prime Generation, yang mencakup Milenial, Gen X, hingga Baby Boomer.
Berdasarkan data Badan Pusat Statistik (BPS), kelompok usia di atas 40 tahun mencakup 38,2% dari total populasi Indonesia. Angka tersebut menunjukkan besarnya potensi kelompok ini sebagai konsumen.
Group CEO Hakuhodo International Indonesia Devi Attamimi mengatakan segmen konsumen berusia di atas 40 tahun mulai muncul sebagai salah satu peluang pasar besar.
""Segmen ini tidak lagi dapat dilihat hanya dari faktor usia, tetapi juga dari semakin kuatnya kejelasan dalam menjalani hidup, kepercayaan diri, dan pengaruh yang mereka miliki,"" ujar Devi dalam ASEAN Sei-Katsu-Sha Forum 2026, Kamis (3/9/2026).
Senior Director of Strategy & Head of Sei-katsu-sha Lab Hakuhodo Rian Prabana menambahkan, kelompok usia matang ini justru berada di masa puncak kehidupannya, bukan fase penurunan.
""Alih-alih memasuki fase penurunan, mereka justru berada di masa puncak hidupnya. Selama ini, mereka kerap dipandang hanya melalui kacamata usia, padahal mereka masih punya pengaruh dan masih sangat berdaya,"" tutur Rian.
Tak Lagi Cuma Memprioritaskan Keluarga
Salah satu perubahan yang terlihat adalah semakin besarnya ruang yang diberikan untuk diri sendiri. Kelompok ini tidak lagi hanya berorientasi pada peran dalam keluarga, tetapi mulai mengejar pengalaman dan hal-hal yang sebelumnya belum sempat dilakukan.
Sebanyak 47,1% responden berusia di atas 40 tahun menyatakan masih ingin mengalami lebih banyak hal dalam hidup. Sementara itu, 73% ingin tetap aktif secara fisik maupun mental.
Strategic Planning Manager Hakuhodo Sanu Pratomo mengatakan kelompok usia matang justru semakin memaksimalkan kehidupan mereka.
""Kalau kita bicara tentang mereka yang mulai memasuki usia jelang 50 tahun, biasanya kita membayangkan hidupnya sudah mulai mapan. Tapi tahu enggak kalau ternyata mereka justru semakin sering memaksimalkan hidup mereka,"" ujar Sanu.
Menurut Sanu, dibandingkan 10 tahun sebelumnya, kelompok tersebut merasa memiliki lebih banyak waktu dan uang. Namun, keduanya tidak selalu digunakan untuk keluarga.
""Banyak dari mereka justru ingin memfokuskan pengeluarannya itu untuk diri mereka sendiri,"" katanya.
Hal tersebut juga terlihat dari pola konsumsi. Sebanyak 51,1% responden berusia di atas 40 tahun menggunakan uang untuk diri sendiri sebagai bentuk self-reward. Selain itu, 57% menggunakan platform belanja online dan 73,3% pernah melakukan pembelian melalui live commerce.
Tetap Mau Belajar dan Ikuti Teknologi
Selain perubahan dalam gaya hidup, kelompok usia matang juga masih memiliki keinginan untuk terus berkembang. Sebanyak 62,4% responden Indonesia berusia 40-69 tahun menyatakan ingin terus mengembangkan diri dengan mempelajari keterampilan baru. Bahkan, 43,5% responden di atas 40 tahun menggunakan media sosial untuk memperoleh pengetahuan dan mempelajari keterampilan baru.
Strategic Planning Manager Hakuhodo Stephanie Anastasia mengatakan temuan tersebut menunjukkan bahwa keinginan untuk belajar tidak berhenti pada generasi muda.
""Kita tuh selalu terbiasa bahwa yang muda yang belajar. Tapi ternyata di sini kita melihat juga masih belajar,"" kata Stephanie.
Menurut Stephanie, kelompok tersebut juga aktif mengeksplorasi perkembangan teknologi, mulai dari menggunakan berbagai aplikasi hingga mengenal AI. Mereka juga memanfaatkan media sosial untuk mencari informasi dan mengikuti tren.
Dilihat dari Aspirasi, Bukan Sekadar Usia
Strategic Planner Hakuhodo Agresti Reno mengatakan berbagai temuan tersebut menunjukkan adanya perubahan cara pandang terhadap kelompok usia matang. Menurutnya, mereka tidak lagi cukup dilihat berdasarkan usia maupun peran yang dijalankan dalam keluarga. Aspirasi personal juga menjadi bagian penting untuk memahami kelompok tersebut.
""Mereka mau memenuhi hal-hal yang dulu belum mereka berikan untuk dirinya sendiri,"" ujar Agresti.
Ia menjelaskan, kelompok tersebut mulai memiliki kesempatan untuk mengejar berbagai hal yang sebelumnya belum sempat dilakukan. Karena itu, cara brand melihat mereka juga perlu bergeser.
""Seperti yang kita lihat sekarang, kita sudah bisa mengenal mereka dari aspirasinya, bukan hanya dari umurnya,"" katanya.
Hakuhodo pun melihat perubahan tersebut sebagai peluang bagi brand untuk lebih memahami kelompok yang selama ini cenderung terlewatkan. Bertambahnya usia tidak selalu berarti berkurangnya keinginan untuk berkembang, mengonsumsi, maupun mencoba hal baru.
Dengan aspirasi personal yang tetap kuat, kemampuan finansial, serta keterlibatan dalam ruang digital, Milenial hingga Baby Boomer dinilai memiliki potensi untuk menjadi salah satu sumber pertumbuhan baru bagi brand.
(akn/ega)",finance,https://finance.detik.com/berita-ekonomi-bisnis/d-8647249/milenial-hingga-boomer-dinilai-jadi-pasar-potensial-yang-terlewat
144,"Neraca perdagangan Jawa Barat mengalami surplus US$ 16,63 miliar pada periode Januari-Juli 2026. Surplus ditunjang oleh nilai ekspor yang mencapai US$ 23,58 miliar, sedangkan impor hanya US$ 6,95 miliar pada periode tersebut.
Kepala BPS Jawa Barat Margaretha Ari Anggorowati mengatakan nilai ekspor Jawa Barat Januari-Juli 2026 mencapai US$ 23,58 miliar atau naik 6,43 persen dibanding periode yang sama tahun 2025. Sejalan dengan total ekspor, nilai ekspor nonmigas yang mencapai US$ 23,40 miliar juga naik 6,35 persen. Selain itu, ekspor migas juga mencapai US$ 178,27 juta atau naik 16,85 persen.
Dari sepuluh komoditas dengan nilai ekspor nonmigas terbesar Januari-Juli 2026, komoditas yang paling meningkat adalah Golongan Mesin dan Peralatan Mekanis sebesar US$ 418,86 juta (23,94 persen). Sementara yang paling menurun Golongan Karet dan Barang dari Karet sebesar US$ 114,86 juta (12,72 persen).
Adapun ekspor nonmigas Januari-Juli 2026 terbesar adalah ke Amerika Serikat yaitu US$ 3,98 miliar, disusul Filipina sebesar US$ 2,07 miliar dan ke Jepang sebesar US$ 1,69 miliar dengan kontribusi ketiganya mencapai 33,09 persen. Sementara ekspor ke ASEAN sebesar US$ 6,27 miliar dan ekspor ke Amerika dan Eropa sebesar US$ 8,87 miliar.
""Kinerja ekspor sektoral Januari-Juli 2026 dibanding periode yang sama tahun 2025 mengalami peningkatan di semua sektor kecuali sektor pertambangan. Sektor Migas naik 16,85 persen; Sektor Pertanian naik 18,51 persen dan sektor Industri Pengolahan naik 6,29 persen sedangkan Sektor Pertambangan turun 3,31 persen,"" kata Margaretha dalam keterangannya, Kamis (3/9/2026).
Di sisi lain, nilai impor Jawa Barat Januari-Juli 2026 mencapai US$ 6,95 miliar atau turun 1,45 persen dibanding periode yang sama di tahun 2025. Kemudian, impor nonmigas mencapai US$ 6,58 miliar atau naik 6,35 persen sedangkan impor migas mencapai US$ 376,54 juta atau turun 56,80 persen.
Dari sepuluh komoditas dengan nilai impor nonmigas terbesar Januari-Juli 2026, komoditas yang paling penurunan Golongan Mesin dan Peralatan Mekanis sebesar US$ 138,48 juta (22,23 persen). Sementara yang paling meningkat, yakni Golongan Mesin dan Perlengkapan Elektronik sebesar US$ 245,44 juta (25,92 persen).
Adapun negara pemasok barang impor Nonmigas terbesar selama Januari-Juli 2026 ditempati oleh Tiongkok senilai US$ 2,78 miliar (42,14 persen). Kemudian disusul Jepang sebesar US$ 788,98 juta (11,99 persen), dan dari Korea Selatan sebesar US$ 779,07 Juta (11,84 persen).
Selain itu, nilai impor Januari-Juli 2026 menurut golongan penggunaan Barang Konsumsi naik 5,73 persen. Sedangkan Bahan Baku/Penolong dan Barang Modal turun masing-masing sebesar 1,04 persen dan 9,84 persen dibanding periode yang sama tahun sebelumnya.
Tonton juga video ""Jalur Kereta Api Perdagangan Iran dengan China-Rusia Dibom AS""
(akn/ega)",finance,https://finance.detik.com/berita-ekonomi-bisnis/d-8647045/jabar-catat-surplus-neraca-perdagangan-us-16-63-miliar-hingga-juli-2026
145,"Menteri Keuangan (Menkeu), Purbaya Yudhi Sadewa mengatakan akan meminta persetujuan DPR RI sebelum menarik saldo anggaran lebih (SAL) dari sistem keuangan negara. Ia juga mengaku akan terlebih dahulu berkoordinasi dengan Bank Indonesia (BI) sebelum melakukan penarikan SAL.
Hal tersebut ia lakukan untuk menekan risiko dari liquidity shock atau kejutan likuiditas yang terjadi imbas penarikan mendadak SAL dari sistem keuangan. Saat ini, SAL negara diketahui ditempatkan di BI dan sejumlah entitas Himpunan Bank Milik Negara (Himbara).
""Kan kita bekerja sama dengan bank sentral, nanti kalau kita terpaksa narik pun, itu kan SAL ya. SAL itu nggak dipakai sebelum dapat persetujuan DPR kan. Sebagian taruh di BI, sebagian taruh di sistem perbankan sesuai dengan kebutuhan manajemen cashflow kita,"" ungkap Purbaya kepada wartawan di Kompleks Parlemen, Senayan, Jakarta, Rabu (2/9/2026).
Pemerintah juga memperpanjang penempatan SAL di sistem perbankan hingga Juli 2027. Dana negara yang diendapkan pada sistem keuangan saat ini tercatat sebesar Rp 200 triliun.
Purbaya mengatakan, kebijakan penundaan penarikan SAL cukup membuat perbankan lebih tenang. Mengingat kebijakan penempatan dana di perbankan diklaim berdampak positif bagi industri jasa keuangan.
""Kebetulan berdampak positif ke perbankan. Jadi itu cuma kebetulan saja. Kalau memang kita mau dipakai, nanti kita komunikasi dengan bank sentral sehingga yang tadi base money, itu nggak terganggu,"" pungkasnya.
Diminta Izin ke DPR
Dalam rapat kerja pengambilan keputusan atas asumsi dasar dalam RUU APBN Tahun Anggaran (TA) 2027, pemerintah diminta untuk lebih dulu mengajukan penggunaan SAL kepada DPR. Ketentuan tersebut diketahui sejalan dengan peraturan perundang-undangan yang berlaku.
Ketua Komisi XI DPR, Misbakhun, mengatakan pengelolaan SAL harus dilakukan secara berkelanjutan dan optimal. Pasalnya, SAL merupakan instrumen penyangga fiskal untuk menghadapi ketidakpastian.
""Pengelolaan SAL agar tetap dilakukan secara prudent dan optimal sebagai instrumen penyangga atau fiscal buffer dalam menghadapi ketidakpastian dan risiko fiskal,"" ungkap Misbakhun dalam rapat kerja bersama pemerintah di Kompleks Parlemen, Senayan, Jakarta, Rabu (2/9/2026).
(acd/acd)",finance,https://finance.detik.com/berita-ekonomi-bisnis/d-8645460/purbaya-diminta-izin-dpr-sebelum-tarik-sal-dari-bi-bank
146,"Forum Fasilitas Produksi Migas (FFPM) 2026 memasuki hari pertama pelaksanaan di InterContinental Bandung. Forum ini mengangkat tema 'Securing Energy Supply Across Production Facilities and Infrastructure'
Kegiatan ini diselenggarakan Ikatan Ahli Fasilitas Produksi Minyak dan Gas Bumi Indonesia (IAFMI) bekerja sama dengan Satuan Kerja Khusus Pelaksana Kegiatan Usaha Hulu Minyak dan Gas Bumi (SKK Migas).
Forum ini mempertemukan para pemangku kepentingan industri minyak dan gas bumi (migas) untuk membahas penguatan ketahanan energi melalui fasilitas produksi dan infrastruktur pendukung.
Ketua FFPM 2026 Irfan Eka Wardhana mengatakan dinamika industri migas membutuhkan keterhubungan yang lebih erat antara sektor hulu dan hilir. Menurutnya, FFPM 2026 menjadi wadah bagi berbagai pihak untuk membahas solusi teknis yang dapat mendukung ketahanan energi nasional.
""Dinamika industri migas saat ini menuntut kita untuk memecah sekat-sekat operasional. FFPM 2026 secara khusus dirancang untuk menjembatani sinergi hulu dan hilir guna memastikan ketahanan energi nasional,"" ujar Irfan dalam keterangan tertulis, Selasa (1/9/2026).
Irfan menambahkan pembahasan dalam forum turut mencakup keandalan fasilitas, efisiensi operasional, integrasi rantai pasok, pengelolaan persediaan bersama, serta optimalisasi infrastruktur penyimpanan yang terintegrasi.
Sementara itu, Ketua IAFMI Luky A. Yusgiantoro mengatakan FFPM telah menjadi wadah bagi praktisi industri, pemerintah, dan pemangku kepentingan untuk membahas tantangan energi nasional sejak 2018 dengan dukungan SKK Migas.
Menurut Luky, industri migas menghadapi kebutuhan untuk memperbarui fasilitas yang telah menua agar tetap beroperasi secara aman dan efisien. Pada saat yang sama, pembangunan infrastruktur baru diperlukan untuk membuka akses terhadap cadangan dalam skala besar dengan memperhatikan anggaran dan waktu pelaksanaan proyek.
""FFPM 2026 menyediakan wadah untuk menyusun strategi yang komprehensif dalam menghadapi berbagai tantangan tersebut,"" kata Luky.
Luky menambahkan kolaborasi antara pemerintah, kontraktor, penyedia jasa, dan pemangku kepentingan menjadi bagian penting dalam memperkuat keandalan fasilitas serta ketahanan infrastruktur industri migas.
Tentang Tema FFPM 2026
Tema FFPM 2026 berangkat dari kondisi industri migas nasional yang berada dalam fase strategis untuk meningkatkan produksi, mempercepat proyek strategis, serta memperkuat produksi energi hilir. Keandalan fasilitas produksi dan infrastruktur pendukung menjadi bagian penting dalam menjaga kesinambungan pasokan energi di tengah dinamika transisi energi global.
FFPM 2026 juga menempatkan keterhubungan antar rantai nilai energi sebagai salah satu perhatian utama. Pendekatan tersebut mencakup kebutuhan penguatan fasilitas dari sektor hulu hingga hilir, sehingga tantangan operasional dan pengembangan infrastruktur dapat dibahas dalam kerangka yang terintegrasi.
Agenda FFPM 2026
Hari pertama FFPM 2026 menjadi forum dialog strategis yang menghadirkan sejumlah pengambil keputusan dari ekosistem industri migas nasional. Di antaranya Manajemen SKK Migas, Pimpinan Kontraktor Kontrak Kerja Sama (KKKS), dan penyedia teknologi.
Rangkaian kegiatan diawali dengan sambutan Ketua Umum IAFMI yang disampaikan oleh Sekretaris Jenderal IAFMI Gede Pramona, didampingi Ketua FFPM 2026 Irfan Eka Wardhana. Pidato pembukaan disampaikan oleh Kepala SKK Migas Djoko Siswanto, yang pada kesempatan tersebut diwakili oleh Sekretaris SKK Migas Luky A. Yusgiantoro.
Rangkaian kegiatan dilanjutkan dengan penyampaian pidato utama oleh Direktur Jenderal Minyak dan Gas Bumi Kementerian Energi dan Sumber Daya Mineral Republik Indonesia Laode Sulaeman. Laode menekankan pentingnya menjaga ketahanan energi nasional di tengah ketidakpastian geopolitik global.
Pada FFPM tahun ini, IAFMI juga berkesempatan menjalin kerja sama dengan beberapa pemangku kepentingan migas, yakni Octave, Sucofindo, dan Universitas Diponegoro.
Tiga Panel Bahas Isu Strategis Rantai Nilai Migas
| Foto: dok. FFPM | 
Pembahasan berlanjut melalui tiga sesi diskusi panel yang mengangkat isu strategis dalam rantai nilai migas. Panel pertama bertajuk 'Building Resilient Energy Infrastructure through Project Execution and Asset Management' membahas ketahanan infrastruktur energi melalui pelaksanaan proyek dan pengelolaan aset.
Panel tersebut menghadirkan Luky A. Yusgiantoro sebagai moderator. Pembicara yang hadir yaitu Fata Yunus selaku VP Drilling & Well Intervention Pertamina Hulu Energi, Alastair Anderson selaku VP Projects BP Asia Pacific & India Upstream, Anjar Priyambudi selaku VP Asset Integrity Management Pertamina Patra Niaga, serta Rudianto Rimbono selaku President Commissioner PT Energi Mega Persada.
Panel kedua mengangkat tema 'Integrated Energy Value Chain: Connecting Upstream to Downstream'. Diskusi ini menghadirkan Widhyawan Prawiraatmadja sebagai moderator, dengan pembicara Deputi Eksplorasi Pengembangan dan Manajemen Wilayah Kerja SKK Migas Rikky Rahmat Firdaus, Anggota Dewan Keamanan Energi Satya Widya Yudha, Sekretaris BPH Migas Patuan Alfon Simanjuntak, serta Direktur Logistik dan Infrastruktur PT Pertamina (Persero) Jaffee Arizon Suardin.
Panel ketiga membahas keamanan pasokan gas domestik melalui tema 'Sustainable Energy Transition for Domestic Gas Security'. Daniel S. Purba bertindak sebagai moderator, dengan pembicara Kuniaki Uno selaku Presiden Direktur PT Diamond Gas Management Indonesia (DGMI), Mohammad Rasyid Ridha selaku Group Head Engineering and Technology PT Perusahaan Gas Negara Tbk, Aulia Arif Hidayat selaku VP Operations of Operating Company SEARAH Ketapang Ltd., serta Agus Purnomo selaku General Manager Proyek Gas PLN EPI.
Rangkaian FFPM 2026 berlangsung hingga Kamis (3/9). Setelah dialog strategis pada hari pertama, agenda hari kedua diarahkan pada pembahasan teknis mengenai operasional dan pemeliharaan, manajemen proyek, desain dan teknologi, serta keberlanjutan energi.
Hari ketiga menjadi tahap konsolidasi strategis melalui IAFMI Innovation Award, Business Forum, dan seremoni penutupan.
(prf/ega)",finance,https://finance.detik.com/berita-ekonomi-bisnis/d-8644068/ffpm-2026-digelar-bahas-infrastruktur-keamanan-energi-nasional
147,"Menteri Keuangan Purbaya Yudhi Sadewa memberikan sinyal bakal memangkas anggaran program Makan Bergizi Gratis (MBG). Program prioritas Presiden Prabowo Subianto itu tercatat sudah mengalami pemangkasan anggaran beberapa kali.
Purbaya menjelaskan, anggaran MBG tahun ini awalnya ditetapkan Rp 330 triliun. Kemudian dilakukan efisiensi anggaran lagi menjadi sekitar Rp 260 triliun, kemudian kembali turun ke kisaran Rp 240 triliun.
Namun, Purbaya menilai efisiensi masih dapat dilakukan lebih jauh. Setelah berdiskusi dengan Kepala Badan Gizi Nasional (BGN) yang baru, Sudaryono, Purbaya menyebut anggaran MBG berpeluang ditekan hingga di bawah Rp 200 triliun.
""MBG kan anggaran tahun ini awalnya Rp 330 triliun, terus dilakukan efisiensi menjadi Rp 260-an (triliun), terus menjadi Rp 240-an (triliun). Tapi saya bicara dengan ketua MBG yang baru, kepala badan MBG yang baru, sepertinya bisa dibuat lebih efisien lagi di bawah Rp 200-an (triliun),"" ujar Purbaya dalam acara Sarasehan 100 Ekonom Indonesia 2026 di Hotel Kempinski, Jakarta Pusat, Kamis (3/9/2026).
Purbaya menambahkan, tahun depan pemerintah menganggarkan sekitar Rp 240 triliun untuk program tersebut. Meski begitu, Purbaya yakin anggaran tersebut juga masih dapat ditekan melalui efisiensi dan pemanfaatan teknologi.
""Tahun depan juga dianggarkan Rp 240, tapi saya yakin bisa ditekan ke bawah dengan efisiensi dan pemakaian teknologi,"" sebut Purbaya.
Ia juga menyebut Kementerian Keuangan turut melakukan pengawasan untuk memastikan pelaksanaan program MBG berjalan secara efisien. Pegawai Kemenkeu di daerah akan mengawasi masing-masing Satuan Pelayanan Pemenuhan Gizi (SPPG) atau dapur MBG secara bergilir.
""Jadi pegawai-pegawai kami di daerah mengawasi masing-masing SPPG secara bergilir. Jadi saya harapkan nanti kita bisa perbaiki terus kinerjanya ke depan untuk MBG,"" tutup Purbaya.
Lihat juga Video: Anggaran MBG Turun Jadi Rp 268 T, Istana: Bukan Pemangkasan",finance,https://finance.detik.com/berita-ekonomi-bisnis/d-8646484/purbaya-kasih-sinyal-pangkas-anggaran-mbg-besar-besaran
148,"Banyak rumah di Kampung Dukuh, Desa Pasir Mukti, Citeureup, Bogor, kerap mengeluarkan suara tak-tek-tok tak-tek-tok. Suara unik tersebut makin nyaring terdengar pada malam hari menjelang momen-momen besar seperti Lebaran dan hari-hari besar lainnya.
Menariknya, makin nyaring suaranya membuat warga setempat tersenyum lebar. Tak-tek-tok tak-tek-tok bukan suara mistis. Namun menjadi penanda warga di kampung tersebut mendapat rezeki.
Suara tak-tek-tok tersebut berasal dari rumah-rumah para perajin kaleng yang banyak ditemui di kampung itu. Salah satu rumah yang kerap mengeluarkan suara unik tersebut yakni milik Mansur (67).
Meskipun usianya tidak lagi muda, keahlian Mansur untuk menyulap lembaran aluminium menjadi kerajinan kaleng kerupuk mini tidak boleh diremehkan. Tangannya tampak terampil dalam memotong setiap lempeng aluminium.
Bermodalkan palu kecil, tang potong, dan alas kayu, tangan Mansur tampak terampil memotong setiap lembar aluminium secara presisi. Jika sudah menghasilkan potongan presisi maka langkah selanjutnya yakni merakit dengan cara sedikit memukul-mukul pada sejumlah sisi dan menghasilkan suara 'tak-tek-tok'. Dari suara itu kemudian tercipta kaleng kerupuk mini dan produk kerajinan lainnya sesuai dengan pesanan pelanggan
Dia mengatakan keahlian tersebut dimiliki bukan baru sehari atau dua hari saja. Namun, keahliannya menyulap lembaran aluminium menjadi kaleng sudah dimiliki sejak 15 tahun lalu.
Mansur muda mengasah kemampuannya dari sang ayah yang dahulunya merupakan perajin kompor minyak tanah dan aneka perangkat dapur. Sejak kecil, dia terbiasa memperhatikan dan terlibat langsung untuk membantu sang ayah membuat beragam produk tersebut.
""Sudah 15 tahun (jadi pengrajin). Ya dulu mah bapak saya segala macam dipegang (dibuat) gitu kompor gitu. Kalau saya dulu juga membuat Loyang apa saja. Sekarang satu macam saja,"" kata Mansur saat ditemui detikcom di rumahnya di Citeureup, Bogor, beberapa waktu lalu.
Di tengah gempuran produk plastik buatan pabrik, ketekunan Mansur dan warga Kampung Dukuh menjaga kerajinan tangan ini menjadi keunikan tersendiri. Dentang tak-tek-tok yang terus bergema bukan sekadar proses pembuatan kerajinan kaleng kerupuk mini, melainkan denyut nadi kehidupan dan lambang ketahanan ekonomi warga desa yang terus dirawat dari generasi ke generasi.
Setiap suara 'tak-tek-tok' dari alat kerja menyimpan harapan Mansur untuk terus menghidupi keluarganya. Harapan tersebut pun membuahkan hasil. Mansur bercerita dari suara tersebut dirinya mampu menafkahi anak dan istri. Bahkan, dirinya mampu membuatkan rumah untuk buah hati tercintanya.
""Alhamdulillah sih rumah udah ada. Anak udah kebikin rumah. Alhamdulillah sih itu mah,"" katanya.
Adaptasi dan Memanfaatkan Setiap Peluang
Mansur bercerita, beradaptasi dan memanfaatkan setiap peluang menjadi salah satu kunci suara 'tak-tek-tok' masih nyaring terdengar di Kampung Dukuh, Desa Pasir Mukti.
Dia mengatakan dulunya kampung tersebut mayoritas perajin kompor minyak. Namun, karena penggunaan kompor minyak sudah dibatasi, banyak perajin yang beralih ke kerajinan lain.
Mansur mengatakan para perajin di kampung tersebut tidak hanya fokus pada satu produk saja. Namun, mereka memproduksi berbagai macam produk berbahan dasar aluminium seperti loyang, cetakan kue, kaleng kerupuk, dan lain sebagainya.
""Oh tadinya kan bikin kompor minyak tanah. Minyak tanah nggak ada. Terus bikin kompor batu bara gitu. Cuma nggak lama itu. Batu baranya susah. Terus bikin kaleng kerupuk,"" ungkapnya.
Tidak hanya mencoba dan melahirkan produk baru, Mansur pun turut berupaya membuka peluang baru dengan menjalin kerja sama dengan sejumlah pihak, salah satunya Kampung Kaleng.
Mansur mengatakan dari kerja sama itu dirinya mampu menjangkau konsumen lebih luas. Sebab, Kampung Kaleng turut membantu para pelaku usaha untuk memaksimalkan penjualan mereka.
""Kadang-kadang order dari luar kan,"" kata Mansur.
Sementara itu, CEO Kampung Kaleng Arif Rahmat mengatakan kehadiran Kampung Kaleng merupakan bagian dari upaya untuk mendorong produk-produk perajin. Menurutnya, dulu produk yang dihasilkan dari Kampung Dukuh belum terserap secara maksimal.
""Mereka itu kesulitan untuk terserap pasarnya. Pasarnya itu terbatas. Beberapa perajin terutama yang SDM-nya terbatas, modalnya terbatas, kemudian kemampuannya terbatas. Itu banyak yang cerita hal begitu. Akhirnya ya 2015 pertengahan itu kita coba untuk bantu marketingnya produknya teman-teman. Jadi mereka biasa bikin apa. Mereka punya produk apa kita bantu promosikan,"" kata Arif kepada detikcom, beberapa waktu lalu.
Arif mengatakan salah satu upaya yang dilakukan untuk membantu pemasaran adalah dengan memaksimalkan media sosial. Dalam akun Instagram Kampung Kaleng, misalnya, Arif bersama tim mengemas berbagai produk para perajin dengan kemasan konten menarik.
""Makanya akhirnya yaudah ada media sosial, ada website, itu untuk membagi traffic-nya. Biar tidak selalu bergantung pada itu,"" jelasnya.
Tidak hanya melalui media sosial, upaya pemasaran yang dilakukan oleh Arif pun merambah ke marketplace dengan menghadirkan toko online di Shopee, Kampung Kaleng. Toko online yang dibuat 11 tahun lalu itu saat ini telah memiliki berbagai macam pelanggan.
Bahkan, jumlah orderannya pun sudah mencapai puluhan ribu dan mendapatkan penilaian 4,7 dari 5. Adapun produk yang cukup laris yakni kaleng kerupuk besar atau mini, celengan, panggangan ikan, cetakan kue, dan lain sebagainya.
Dia mengatakan pada masa COVID-19, beragam produk tersebut laris manis dibeli oleh para pelanggan. Sebab, aturan Pembatasan Sosial Berskala Besar (PSBB) memaksa banyak orang untuk beraktivitas di rumah dengan melakukan sejumlah kegiatan, salah satunya membuat kue.
""Itu ya pernah sampai ribuan ya. Ribuan pesanan per bulan. Apalagi kalau menjelang Hari Raya ya,"" ungkap Arif.
Arif mengatakan dalam mengembangkan bisnis tersebut bukan perkara mudah. Sebab, ada sejumlah tantangan yang kerap dirasakan olehnya, salah satunya terkait kenaikan harga bahan baku.
Saat ini, dia mengatakan sejumlah perajin mengeluhkan kenaikan bahan baku sekitar 20%. Menurutnya, kenaikan harga tersebut membuat Kampung Kaleng harus melakukan perubahan harga setiap minggunya.
Data London Metal Exchange (LME) mencatat harga aluminium sudah mengalami kenaikan lebih dari 13% sejak perang AS-Israel vs Iran pada 28 Februari. Bahkan, sepanjang 2026 kenaikan sudah mencapai 19% dan mencapai level tertinggi sejak 2022 lalu.
Kenaikan tersebut juga dipengaruhi oleh sejumlah faktor, salah satunya penutupan Selat Hormuz. Sekitar 7% aluminium dunia berasal dari Timur Tengah yang memanfaatkan Selat Hormuz untuk distribusinya.
""(Bahan baku) naik bisa 20%. Setiap minggu kita bikin harga terbaru,"" jelasnya.
Produk Kabupaten Dilirik Negara Tetangga
Arif mengatakan produk kerajinan tersebut tidak hanya laris manis di pasar domestik, tetapi juga dilirik oleh negara tetangga seperti Malaysia dan Filipina. Meskipun belum berskala besar, Arif mengatakan Kampung Kaleng pernah melakukan ekspor ke dua negara tersebut.
Menariknya, secara nasional ekonomi kreatif tergolong memiliki potensi yang besar untuk dilirik oleh pasar mancanegara. Data Badan Pusat Statistik 2025 menyebutkan sektor fesyen, kriya, dan kuliner menempati posisi tertinggi dengan nilai ekspor yang cukup tinggi.
| Foto: Istimewa | 
Berdasarkan angka total nilai ekspor ekonomi kreatif (ekraf) periode Januari-Oktober 2025, kategori fesyen tembus US$ 14.860,9 juta, kriya US$ 11.101,0 juta, dan kuliner US$ 645,1 ribu. Sementara itu, untuk nilai ekspor periode Januari-Oktober 2025, US$ 8,32 miliar (Amerika), US$ 3,57 miliar (Switzerland), dan US$ 1,32 miliar (Japan).
""Ya kalau bahasanya sih sebenarnya bukan ekspor gede-gedean. Dari yang pake kontainer itu nggak sih. Paling ke luar pernah. Cuma memang kuantitinya nggak banyak. Pernah besar itu paling 2000 pcs. Belum sampai yang kontainer-kontaineran belum. Karena itu kan harus bayarnya harus besar ya. Kalau cuma kayak ke Malaysia, ke Filipina,"" ungkapnya.
Arif mengatakan pihaknya pun gencar mengikuti sejumlah pelatihan untuk memaksimalkan potensi pasar global. Menurutnya, pelatihan ekspor membantu dirinya untuk membaca keinginan pembeli dari luar negeri.
""Ya saya pula ikut pelatihan Program Ekspor Shopee. Saya ikut Kampus Shopee,"" tuturnya.
Suara Tak-Tek-Tok Bantu Lahirkan Lapangan Kerja Baru
Ekosistem yang terbentuk dari industri kerajinan kaleng tidak hanya sebatas menghadirkan perajin hingga pembeli dari dalam dan luar negeri. Namun, juga melahirkan pekerjaan baru, yakni host dan spesialis media sosial. Kehadiran pekerjaan baru tersebut menambah warna baru dalam melakukan promosi di ranah digital.
Dalam sebuah riset yang dirilis oleh AdWeek pada 2020 lalu menyebutkan peran konten video memberikan pengaruh cukup besar kepada konsumen untuk membeli suatu produk. Menariknya, laporan tersebut juga menyebutkan konten video membuat 70% konsumen akan merasa terhubung dengan suatu merek serta bisa mendorong mereka untuk menghabiskan uang hingga dua kali lipat.
Khusus di Indonesia, We Are Social mencatat jumlah pengguna internet tembus 221 juta atau setara 79,5% dari total populasi yang ada di dalam negeri. Meskipun tidak menyebut angka secara pasti, We Are Social menyebutkan streaming video, musik, dan konten digital menjadi salah satu penyumbang terbesar trafik internet di Indonesia.
Sementara itu, seorang host sekaligus content creator di Kampung Kaleng, Moya (23), turut merasakan dampak positif dari kehadiran industri kerajinan aluminium. Dia mengatakan membuat konten video hingga live streaming menghadirkan pengalaman baru dalam mempromosikan suatu produk.
Apalagi saat pertama kali mulai terjun dunia tersebut, rasa grogi untuk berbicara depan kamera kerap dirasakan olehnya.
""Dulu sih pas awal live streaming sempet grogi, sekarang sudah nggak,"" ungkapnya.
Saat live pun, dia mengatakan sejumlah persiapan dilakukan mulai dari berdandan, melakukan dekorasi di sekitar area live, dan mengatur pencahayaan. Menurutnya, langkah itu dilakukan untuk membuat konten menjadi lebih menarik.
""Kalau di sini live-nya 3 jam dengan mempromosikan kaleng kerupuk mini. Karena di sini produk unggulannya itu kaleng kerupuk mini,"" ujarnya kepada detikcom beberapa waktu lalu.
Dia mengatakan hasil live tersebut pun digunakan untuk kebutuhan sehari-hari dan keluarga.
""Untuk kebutuhan sehari-hari,"" jelasnya.
Kontribusi UMKM Terhadap Perekonomian Nasional
Perajin kaleng Citeureup, Bogor, merupakan satu dari banyak usaha mikro, kecil, dan menengah (UMKM) yang turut memberikan kontribusi besar terhadap perekonomian nasional. Data dari Kementerian UMKM menyebutkan terdapat 65,5 juta UMKM di Indonesia pada 2025.
Para pelaku UMKM telah menyumbang setidaknya 61% dari produk domestik bruto dan menyerap tenaga kerja mencapai 97%. Adapun struktur usahanya didominasi oleh kategori usaha mikro seperti yang dimiliki oleh Mansur bersama perajin lainnya di Kampung Dukuh, Bogor.
""Bayangkan, kontribusi UMKM terhadap PDB mencapai 57-60 persen. Sementara sektor di luar UMKM hanya sekitar 40-43 persen. Jadi kalau kalian benar-benar ingin berkontribusi kepada bangsa dan negara, UMKM adalah salah satu ruang dan kesempatan terbaik itu,"" ujar Menteri UMKM Maman Abdurrahman dikutip dari website Kementerian UMKM.
Dari sisi aplikasi, Deputy Director of Government Relations Shopee Indonesia Balques Manisang menilai pentingnya mendorong UMKM untuk lebih adaptif terhadap teknologi digital. Menurutnya, lewat keterampilan itu pelaku UMKM mampu memaksimalkan pasar digital.
""Ada tuntutan yang besar yang dirasakan pengusaha juga untuk terus melakukan pengembangan usaha yang terus harus terukur secara efisien. Tantangan krusial lainnya yaitu keterampilan digital dan pemasaran online. Terasa sekali dengan teknologi yang semakin berkembang, pelaku usaha dalam negeri juga harus terus meningkatkan lagi kemampuan digital mereka supaya bisa maksimal dalam memakai platform online dan teknologi, khususnya di dalam Shopee,"" kata Balques beberapa waktu lalu.
Selain adaptasi terhadap teknologi, dia mengatakan ada sejumlah tantangan lain yang perlu dihadapi oleh pelaku UMKM untuk mengembangkan bisnis mereka. Adapun tantangan tersebut mencakup bijak mengelola anggaran pemasaran, melindungi hak kekayaan intelektual (HKI), hingga mampu memperluas pasar di dalam hingga luar negeri.
Balques mengatakan untuk membantu pelaku UMKM, pihaknya memiliki sejumlah inovasi mulai dari pemasaran hingga menjangkau konsumen dalam dan luar negeri. Berbagai inovasi tersebut sengaja dihadirkan untuk membantu produk lokal agar bisa terus berkembang.
""Pertama, bisa buka akses untuk menjangkau jutaan pengguna melalui satu platform. Kita belum bisa katakan sempurna, tapi kita menuju ke sana. Kemudian meningkatkan eksposur. Eksposur ini penting karena produk lokal butuh ya di platform supaya lebih mudah ditemukan oleh konsumen dan juga bisa meningkatkan potensi pembelian sebagai tujuannya. Kemudian menyederhanakan proses manajemen stok, pemrosesan pesanan, akses logistik, dan juga untuk membuat proses operasional usaha jadi lebih efisien,"" ujarnya.
| Foto: Istimewa | 
""Ada fitur-fitur dan program e-commerce juga yang bisa membantu penjual ekspansi jangkauan pasar ke seluruh negeri hingga akses yang mungkin Pak Budi juga sering dengar ya Pak, akses ekspornya Shopee, alhamdulillah terus bertumbuh. Dan terakhir, e-commerce seperti Shopee juga bisa membantu mengamankan merek, desain, dan inovasi produk dari praktik pemalsuan tadi atau pembajakan di platform,"" sambungnya.
Sementara itu, Menteri Perdagangan Budi Santoso menyambut baik upaya yang dilakukan oleh Shopee. Menurutnya, kontribusi dari marketplace mampu memberikan efek positif terhadap ekosistem UMKM di Indonesia.
""Kita sering berkolaborasi dengan Shopee dan platform-platform e-commerce lainnya. Kenapa? Karena ekosistem e-commerce harus dibangun dengan baik. Seperti yang tadi Ibu Balques jelaskan, ekosistem itu terdiri dari produk atau seller (para pelaku UMKM), kemudian ada platform atau pedagang yang juga berjuang untuk memasarkan produk Bapak/Ibu semua, dan yang ketiga adalah konsumennya,"" tutupnya.
(anl/ega)",finance,https://finance.detik.com/berita-ekonomi-bisnis/d-8642544/suara-tak-tek-tok-hidupi-warga-kampung-dukuh-hingga-bisa-ekspor
149,"Badan Pusat Statistik (BPS) mencatat inflasi Agustus 2026 sebesar 0,21% secara bulanan, dan 3,19% secara tahunan. Sedangkan inflasi secara tahun kalender sebesar 1,86%.
""Pada Agustus 2026 terjadi inflasi sebesar 0,21% secara bulanan atau terjadi peningkatan indeks harga konsumen dari 111,73 pada Juli 2026 menjadi 111,97 pada Agustus tahun 2026. Secara tahunan atau year on year terjadi inflasi sebesar 3,19%. Secara tahun kalender terjadi inflasi sebesar 1,86%,"" kata Deputi Bidang Statistik Distribusi dan Jasa BPS Ateng Hartono dalam konferensi pers di Kantor Pusat BPS, Jakarta Pusat, Selasa (1/9/2026).
Ia melanjutkan, kelompok pengeluaran yang mendorong inflasi Agustus terjadi pada kelompok makanan, minuman, dan tembakau. Komoditas yang dominan mendorong inflasi yaitu, daging ayam ras dengan andil 0,17%.
""Kelompok pengeluaran yang mendorong terjadi inflasi bulanan terbesar terutama pada makanan minuman dan tembakau dengan inflasi sebesar 0,57% dan kelompok tersebut memberikan adil inflasi sebesar 0,17%. Adapun komoditas yang dominan mendorong inflasi pada kelompok makanan minuman dan tembakau terutama daging ayam ras dengan andil inflasi 0,17%,"" lanjutnya.
Selain itu, cabai rawit hingga beras juga menyumbang inflasi Agustus dengan andil masing-masing 0,02%. BPS juga mencatat rokok memberikan andil inflasi Agustus 0,01%.
""Kemudian cabai rawit, ikan segar, dan juga beras dengan andil inflasi masing-masing sebesar 0,02%. Serta kacang panjang, buncis, jagung manis ketimun, semangka, sigaret Kretek mesin dan juga sigaret putih mesin dengan andil inflasi masing-masing 0,01%,"" lanjutnya.
Berikutnya, emas perhiasan memberikan andil inflasi Agustus sebesar 0,02%.
""Kelompok perawatan pribadi dan jasa lainnya juga memberikan andil terhadap inflasi sebesar 0,03% dengan inflasi sebesar 0,37%. Inflasi kelompok ini terutama didorong oleh inflasi emas perhiasan sebesar 0,75% dan memberikan andil inflasi sebesar 0,02%,"" katanya.
Lihat juga Video: BI Naikkan Rate Jadi 5,75%: Hadapi Gejolak Global, Jaga Rupiah & Inflasi",finance,https://finance.detik.com/berita-ekonomi-bisnis/d-8643071/inflasi-agustus-0-21-didorong-daging-ayam-emas-perhiasan
150,"Kementerian Koperasi (Kemenkop) mengusulkan tambahan anggaran sebesar Rp 4,53 triliun untuk pagu anggaran 2027. Sebagian usulan tambahan dana ditujukan untuk keberlanjutan program Koperasi Desa/Kelurahan Merah Putih (KDKMP).
Menteri Koperasi (Menkop) Ferry Juliantono menjelaskan secara umum tambahan dana itu akan digunakan untuk memperkuat kelembagaan koperasi, mengembangkan usaha, meningkatkan kualitas sumber daya manusia (SDM), serta memperkuat pengawasan dan pendampingan koperasi.
""Total usulan sebesar Rp 4,53 triliun. Usulan tersebut terdiri atas penguatan dukungan operasional sebesar Rp 541 miliar dan penguatan program teknis sebesar Rp 3,99 triliun,"" kata Ferry dalam rapat kerja dengan Komisi VI DPR RI di Kompleks Parlemen Senayan, Jakarta Pusat, Selasa (1/9/2026).
Dalam paparnya, Ferry mengatakan dari usulan tambahan anggaran 2027 tersebut, sebanyak Rp 1,25 triliun di antaranya akan digunakan untuk keberlanjutan program KDKMP atau lebih sering disebut sebagai Kopdes melalui pengawasan dan pendampingan koperasi.
""Fokus pengawasan dan pendampingan koperasi dan KDKMP sebesar Rp 1,25 triliun untuk pendampingan KDKMP dan koperasi yang lainnya, termasuk juga penugasan, monitoring dan evaluasi, serta penilaian kesehatan dan penanganan pengaduan koperasi,"" kata Ferry.
Namun ia menegaskan anggaran sebesar Rp 1,25 triliun tadi tidak digunakan hanya untuk pendampingan Kopdes Merah Putih, namun juga untuk seluruh koperasi yang sudah berdiri dengan jumlah mencapai ratusan ribu.
""Tanggung jawab Kementerian Koperasi kan tidak hanya KDKMP. Tapi juga ada melakukan pembinaan, pengembangan terhadap koperasi-koperasi yang existing, sudah ada, yang jumlahnya juga ratusan ribu juga,"" tegasnya saat ditemui usai rapat.
Selain untuk program Kopdes, anggaran tambahan itu rencananya akan diarahkan ke sejumlah program utama yang berkaitan dengan pengembangan koperasi. Di mana alokasi terbesar adalah penguatan sumber daya manusia (SDM) yang mencapai sekitar Rp 1,982 triliun.
Kemudian Kemenkop juga mengusulkan Rp 966 miliar di antara tambahan anggaran 2027 tadi untuk penguatan kelembagaan dan transformasi koperasi. Program ini mencakup penguatan fungsi dan layanan, integrasi sistem informasi, serta penerapan tata kelola berbasis data.
Lebih lanjut, sebesar Rp 333,72 miliar akan diarahkan untuk program hilirisasi dan pengembangan usaha koperasi. Anggaran tersebut mencakup pengembangan jenis usaha, penguatan rantai pasok, perluasan akses pembiayaan, serta penguatan fungsi Koperasi Desa Merah Putih (KDMP) sebagai offtaker produk masyarakat desa.
Terakhir sisa tambahan anggaran sebesar Rp 541 miliar akan digunakan untuk program Sekretariat Kementerian yang mencakup penguatan perencanaan
evaluasi, reformasi birokrasi dan SDM aparatur, layanan hukum, komunikasi publik, serta pengadaan dan pengelolaan serta pengawasan internal.
Tonton juga video ""Prabowo Bakal Bikin Koperasi Merah Putih Punya Klinik Kesehatan""
(igo/fdl)",finance,https://finance.detik.com/berita-ekonomi-bisnis/d-8643609/kemenkop-minta-tambah-anggaran-rp-1-25-t-untuk-program-kopdes-di-2027
151,"Insiden pecah ban pesawat terjadi pada pesawat Garuda Indonesia GA604 dengan registrasi penerbangan PK-GFS. Pesawat tipe Boeing 737-800 itu mengalami pecah ban usai lepas landas dari Bandara Soekarno-Hatta ke Bandara Sultan Hasanuddin.
Berdasarkan keterangan Kemenhub, insiden bermula pada pukul 05.52 WIB saat pesawat yang dimaksud mengalami pecah ban roda utama (main wheel) usai lepas landas. Penerbangan diputuskan untuk dilanjutkan menuju Bandar Udara Internasional Sultan Hasanuddin usai diberi izin otoritas penerbangan.
Bandara Internasional Sultan Hasanuddin langsung menyiapkan langkah penanganan pada saat pendaratan. Pesawat GA604 beruntungnya mendarat dengan selamat di landas pacu 03 Bandara Internasional Sultan Hasanuddin pada pukul 09.13WITA.
Pengamat Penerbangan Gatot Rahardjo menilai kerusakan atau pecahnya ban pesawat dapat dipengaruhi berbagai faktor termasuk risiko eksternal di luar kendali langsung operasional maskapai.
""Faktor tersebut dapat berasal dari kondisi cuaca, permukaan landasan, hingga keberadaan benda asing atau foreign object debris (FOD) di area bandara,"" ujar Gatot dalam keterangannya, Kamis (3/9/2026).
Dalam situasi tersebut, mitigasi keselamatan menjadi faktor krusial agar pesawat tetap dapat mendarat dengan selamat. Kesiapan awak, keandalan prosedur, dan koordinasi antar elemen operasional memungkinkan risiko dikelola secara tepat sehingga proses pendaratan tetap berlangsung aman dan terkendali sesuai standar keselamatan penerbangan.
Menurut Gatot, penyebab kejadian tetap perlu ditelusuri secara objektif melalui investigasi menyeluruh yang melibatkan seluruh unsur dalam ekosistem kebandarudaraan.
""Investigasi diperlukan untuk mengidentifikasi faktor penyebab secara komprehensif tanpa mendahului hasil pemeriksaan, sekaligus menjadi dasar penguatan langkah mitigasi dan pencegahan ke depan,"" beber Gatot.
Pesawat PK-GFS yang bermasalah bannya diketahui sebelumnya telah menjalani pemeriksaan sesuai prosedur dan dinyatakan laik terbang. Setelah mendarat, Garuda Indonesia langsung melakukan pemeriksaan teknis lanjutan secara menyeluruh serta berkoordinasi dengan pihak-pihak terkait guna memastikan seluruh aspek keselamatan dan kelaikudaraan terpenuhi.
Untuk memastikan perjalanan menuju Kendari tetap dapat dilanjutkan, Garuda Indonesia menyiapkan pesawat pengganti dan memberikan service recovery kepada seluruh penumpang terdampak sesuai ketentuan yang berlaku.
Tonton juga video ""Pesawat Garuda Pecah Ban Saat Take Off di Jakarta, Mendarat Selamat di Makassar""
(hal/ara)",finance,https://finance.detik.com/berita-ekonomi-bisnis/d-8647043/kenapa-ban-pesawat-garuda-bisa-pecah-saat-take-off-ini-pemicunya
152,"Presiden Rusia Vladimir Putin mengatakan negaranya akan mempererat kerja sama di bidang ekonomi dan perdagangan dengan Indonesia. Komitmen ini diungkapkan Putin di depan Presiden Prabowo Subianto dalam pertemuan bilateral di sela acara Eastern Economic Forum 2026 di Vladivostok.
Pihaknya telah memperhatikan beberapa kemajuan kerja sama yang dilakukan di berbagai sektor, mulai dari bidang pertanian, pembangunan kapal, hingga pengembangan energi nuklir.
""Komisi Bersama Rusia-Indonesia di bidang ekonomi, perdagangan, dan kerja sama teknis terus bekerja. Kami memperhatikan pembangunan kerja sama bilateral di bidang pertanian, pembangunan kapal, teknologi digital, dan energi, khususnya energi nuklir,"" ungkap Putin dalam pertemuan yang disiarkan langsung oleh Sekretariat Presiden, Kamis (3/9/2026).
Putin juga mengatakan hubungan Indonesia dan Rusia sudah sangat erat sebagai sahabat. Buktinya, volume perdagangan kedua negara naik 12% pada 2025.
""Kita terkait dengan hubungan persahabatan selama bertahun-tahun. Perdagangan antara kedua negara kita juga berkembang. Pada tahun lalu, volume perdagangan naik 12%,"" ujar Putin.
Prabowo mengatakan kerja sama Indonesia dan Rusia memang perlu ditingkatkan, khususnya kerja sama di sektor kemaritiman, mengingat Indonesia merupakan negara kepulauan.
""Forum ini memiliki potensi besar dalam menjadi jembatan kerja sama dan konektivitas di kawasan kita. Kita berdua adalah negara Pasifik dan bagi kami sebagai negara kepulauan, konektivitas dan kerja sama maritim sangat penting. Indonesia terus berupaya untuk terus meningkatkan kerja sama di segala bidang demi mencapai keuntungan bagi kedua negara kita,"" ujar Prabowo.
Simak juga Video: Bertemu Prabowo, Putin Ungkap Adanya Perlambatan Perdagangan RI-Rusia",finance,https://finance.detik.com/berita-ekonomi-bisnis/d-8646560/putin-ungkap-kerja-sama-bangun-kapal-energi-nuklir-bareng-ri
153,"Biaya tambahan untuk bahan bakar atau fuel surcharge yang dapat diterapkan badan usaha angkutan udara untuk tarif penumpang pelayanan kelas ekonomi naik.
Direktorat Jenderal Perhubungan Udara Kementerian Perhubungan (Kemenhub) menetapkan fuel surcharge menjadi maksimal 40% dari tarif batas atas sesuai kelompok layanan.
Bulan sebelumnya fuel surcharge ditetapkan maksimal 30%, artinya naik menjadi 10%. Hal ini dilakukan usai Kemenhub melakukan evaluasi secara berkala berdasarkan perkembangan harga avtur yang ditetapkan oleh penyedia bahan bakar penerbangan.
Evaluasi dilakukan dengan mengacu pada rata-rata harga avtur nasional dan rentang harga yang telah ditetapkan dalam regulasi.
Berdasarkan publikasi harga avtur yang ditetapkan oleh penyedia bahan bakar penerbangan per 1 September 2026, rata-rata harga avtur tercatat sebesar Rp 23.315 per liter, atau mengalami kenaikan sekitar 6,5% dibandingkan periode sebelumnya.
""Direktorat Jenderal Perhubungan Udara akan terus melakukan pengawasan terhadap penerapan tarif penerbangan, termasuk komponen FS, agar dilaksanakan secara transparan, akuntabel, dan sesuai dengan ketentuan peraturan perundang-undangan,"" kata Lukman F Laisa, Direktur Jenderal Perhubungan Udara dalam keterangannya, Rabu (2/9/2026).
Penyesuaian besaran maksimal tersebut merupakan bagian dari kebijakan evaluasi pemerintah terhadap komponen tarif penerbangan dengan tetap mempertimbangkan kondisi harga bahan bakar, keberlangsungan operasional badan usaha angkutan udara, serta kepentingan masyarakat sebagai pengguna jasa transportasi udara.
Pengawasan dilakukan melalui pemantauan tarif yang diberlakukan oleh maskapai, perkembangan harga avtur, serta kepatuhan badan usaha angkutan udara dalam mencantumkan komponen fuel surcharge secara terpisah pada tiket penumpang.
Kementerian Perhubungan melakukan pemantauan dan pengawasan terhadap penerapan tarif oleh seluruh badan usaha angkutan udara agar tetap kompetitif dengan mempertimbangkan kondisi pasar dan daya beli masyarakat.
Besaran 40% merupakan batas maksimal, sehingga badan usaha angkutan udara tetap dapat menetapkan fuel surcharge di bawah batas maksimal tersebut sesuai dengan strategi bisnis dan kondisi pasar.
Kementerian Perhubungan terus memantau perkembangan harga avtur dan melakukan evaluasi guna memastikan kebijakan tarif penerbangan tetap mendukung konektivitas nasional, keberlangsungan industri penerbangan, serta memberikan manfaat bagi masyarakat sebagai pengguna jasa transportasi udara.
(hal/hns)",finance,https://finance.detik.com/berita-ekonomi-bisnis/d-8645638/siap-siap-tiket-pesawat-bakal-tambah-mahal
154,"Masih andalkan buku catatan fisik buat pembukuan usaha? Wajar kalau sering keteteran, apalagi kalau transaksi mulai ramai dan susah dipantau. NF Academy hadir lewat kelas online ""Digitalisasi UMKM dengan Google Sheets"" yang fokus bantu pelaku usaha bikin pembukuan lebih rapi tanpa ribet.
Selama pelatihan, peserta diajak praktik langsung mulai dari input data, penggunaan rumus dasar, sampai membuat buku kas, stok, dan pembukuan sederhana pakai Google Sheets. Semua dijelaskan step by step, jadi cocok buat pemula yang belum pernah pegang spreadsheet sama sekali dan sering bingung mulai dari mana.
Kelas ini terbuka untuk pelaku UMKM, mahasiswa, karyawan, hingga masyarakat umum yang ingin belajar mengelola data usaha secara digital. Materinya aplikatif, karena peserta langsung praktik menyusun laporan keuangan yang bisa diakses kapan saja dan di mana saja secara real-time, bahkan bisa dicek dari HP saat sedang di luar rumah.
Yang perlu disiapkan cuma laptop atau PC dengan koneksi internet, browser Chrome atau Edge, dan akun Google aktif. Smartphone juga disarankan buat praktik sinkronisasi data antar perangkat.
Kelas berlangsung 15-16 September 2026 secara online, diselenggarakan oleh NF Academy lewat detikevent. Bagi pelaku usaha yang selama ini masih bergantung pada pencatatan manual di kertas atau aplikasi kasir yang laporannya susah diekspor, kelas ini bisa jadi titik awal buat mulai rapi mengelola keuangan usaha secara digital.
Setelah ikut kelas ini, kamu diharapkan bisa langsung praktik bikin pembukuan sendiri tanpa perlu jasa admin tambahan. Yuk, amankan kursi kamu sekarang di detikevent sebelum kelas penuh.
Tonton juga video ""Tanyadetikfinance Pasar Becek Bikin UMKM Indonesia Mati, Apa Itu?""
(hns/hns)",finance,https://finance.detik.com/berita-ekonomi-bisnis/d-8646836/capek-catat-keuangan-usaha-manual-coba-kelas-pembukuan-umkm-online-ini
155,"Volume impor sapi hidup pada periode Januari hingga Juli 2026 mencapai 92,7 ribu ton, senilai US$ 331 juta atau setara Rp 5,85 triliun (kurs Rp 17.700). Menurut Deputi Bidang Statistik Distribusi dan Jasa BPS Ateng Hartono, seluruh impor sapi hidup ini dari Australia.
""Impor sapi hidup sepanjang Januari sampai dengan Juli tahun 2026 ya, volumenya itu 92,7 ribu ton, nilainya itu US$ 331 juta dan negara asalnya seluruhnya dari Australia,"" ujar Ateng dalam konferensi pers di kantornya, Jakarta Pusat, Selasa (1/9/2026).
Tak hanya itu, Ateng menyebut Indonesia juga mengimpor daging jenis lembu. Sepanjang Januari hingga Juli 2026, impor daging jenis lembu mencapai 85,1 ribu ton dengan nilai US$ 373,3 juta.
""Ada tiga negara asalnya untuk yang impor daging jenis lembunya. Yang pertama dari Australia, kemudian dari India, dan juga dari Brazil,"" tambahnya.
Sebelumnya, Menteri Perdagangan (Mendag) Budi Santoso menyampaikan realisasi impor daging sapi beku saat ini baru mencapai 43%. Budi mengaku telah memanggil seluruh importir daging sapi agar mempercepat realisasi impor mereka.
Langkah ini menjadi bagian mengatasi harga daging sapi di sejumlah daerah melampaui Harga Acuan Penjualan (HAP) di tingkat konsumen.
""Kemarin kami sudah memanggil semua importir untuk segera merealisasikan impornya. Karena kebanyakan dari mereka kan baru mencapai 50%. Daging itu kan sebagian masih impor,"" ujar Budi saat ditemui di Gedung DPR, Senin (31/8/2026).
Budi menyebut realisasi impor sapi hidup sudah mencapai 70%. Sementara, realisasi impor daging sapi beku 43%.
(rea/hns)",finance,https://finance.detik.com/berita-ekonomi-bisnis/d-8644279/ri-impor-sapi-daging-australia-segini-jumlahnya
156,"PT Permodalan Nasional Madani (Persero) atau PNM menyalurkan pembiayaan kepada tiga perempuan asli suku Baduy bernama Saenah, Juni, dan Sarti. Ketiganya merupakan warga Lebak 2, yang rumahnya berada jauh di dalam kawasan permukiman dan hanya dapat dijangkau dengan berjalan kaki melewati jalur hutan.
Saenah menjadi salah satu yang merasakan langsung kehadiran tersebut. Ia menjalankan usaha jual beli hasil bumi, sembari menganyam tas koja dan menenun kain khas Baduy. Pembiayaan pertama sebesar Rp 4 juta dari PNM Mekaar digunakannya untuk membeli hasil bumi saat musim panen.
Di kelompok yang sama, Juni memperoleh pembiayaan Rp 6 juta untuk menopang usaha warungan dan jual beli hasil bumi, sementara Sarti menerima Rp 4 juta untuk memperlancar perputaran modal usaha jual beli hasil bumi.
Menariknya, ketiganya tidak serta-merta mengenal layanan keuangan formal. Mereka mengenal PNM Mekaar justru dari lingkungan terdekat yaitu saudara mereka yang lebih dahulu menjadi nasabah dan merasakan manfaatnya.
Ketika kebutuhan modal datang, terutama pada musim panen, proses pengajuan yang mereka nilai mudah dan tidak berbelit membuat mereka berani mengambil pembiayaan pertama dalam hidup mereka.
Bagi Saenah, kehadiran modal itu terasa sederhana, tetapi nyata. Ada barang-barang usaha yang kini bisa dibeli, ada kain yang dapat diperoleh, dan ada modal yang kembali berputar.
""Dengan Mekaar, alhamdulillah itu dapat gitu ya. Barang-barang bisa kebeli. Sudah beli kain, sudah dapet juga buat usaha,"" tuturnya dalam keterangan tertulis, Selasa (1/9/2026).
Karena itu, di berbagai wilayah dengan tantangan geografis serupa, PNM mengoperasikan ratusan unit layanan yang secara khusus berupaya menjangkau nasabah di titik-titik yang sulit disentuh layanan formal. Kehadiran tersebut juga tidak berhenti pada pembiayaan.
Model bisnis PNM Mekaar menggabungkan modal usaha dengan pendampingan, agar nasabah tidak hanya mendapatkan kesempatan untuk memulai atau memperbesar usaha, tetapi juga memiliki ruang untuk terus belajar dan bertumbuh.
Sementara itu, Direktur Utama PNM Kindari mengatakan ukuran keberhasilan PNM bukan semata-mata pada besarnya pembiayaan yang disalurkan.
""Setiap perempuan prasejahtera di Indonesia berhak mendapatkan pembiayaan dan pemberdayaan dimanapun lokasi mereka. Itu lah yang terus PNM upayakan, sejauh mana perusahaan mampu menghadirkan harapan bagi masyarakat bahkan yang berada di wilayah paling sulit dijangkau,"" jelas Kindaris.
Di Baduy, harapan itu hadir dalam bentuk yang mungkin terlihat sederhana berupa modal untuk membeli hasil bumi, menjaga warung tetap berjalan, atau membuat usaha terus berputar.
Tetapi di balik angka tersebut ada keberanian untuk mencoba, kesempatan untuk bertumbuh, dan keyakinan bahwa akses terhadap pembiayaan tidak seharusnya ditentukan oleh seberapa jauh seseorang tinggal dari pusat kota.
Tiga pencairan pertama di tanah Baduy luar akhirnya menjadi lebih dari sekadar catatan penyaluran pembiayaan. Ia menjadi penanda bahwa ketika ada perempuan yang ingin mengembangkan usahanya, PNM bersedia menempuh jalan yang lebih jauh untuk menemuinya.
""Tidak ada wilayah yang terlalu jauh untuk dihadiri PNM memberikan pembiayaan dan pemberdayaan selama masih ada perempuan yang ingin usahanya tumbuh,"" tutup Kindaris.
Tonton juga video ""Mengulik Filosofi Rumah Adat Baduy""
(anl/ega)",finance,https://finance.detik.com/berita-ekonomi-bisnis/d-8643664/pnm-salurkan-pembiayaan-ke-3-perempuan-suku-baduy-untuk-usaha-hasil-bumi
157,"Indonesia akan ekspor 1.000 ton beras premium ke Malaysia yang ditandai dengan penandatanganan nota kesepahaman dengan pihak Malaysia. Ini sekaligus membuka potensi ekspor ke negeri jiran hingga 200.000 ton dengan nilai Rp 3,4 triliun.
Kepala Badan Komunikasi Pemerintah (Bakom) RI, Muhammad Qodari, mengatakan bahwa ekspor perdana ke Malaysia ini merupakan perkembangan positif bagi sektor pangan nasional. Indonesia mulai memiliki ruang untuk memenuhi permintaan pasar luar negeri secara terukur di tengah upaya menjaga ketersediaan beras untuk kebutuhan masyarakat.
Peningkatan produksi memberi ruang bagi Indonesia untuk naik kelas dalam ekosistem pangan global. Proyeksi Food and Agriculture Organization of the United Nations (FAO) menunjukkan produksi beras Indonesia pada 2026/2027 mencapai sekitar 38,6 juta ton, meningkat 4,6 juta ton dibandingkan produksi sebesar 34 juta ton pada 2024/2025.
""Dengan perkiraan konsumsi domestik sekitar 31 juta ton pada 2026, peningkatan produksi tersebut memberikan fondasi yang lebih kuat bagi ketahanan pangan sekaligus membuka peluang pasar ekspor,"" ujar Qodari dalam keterangannya, Selasa (1/9/2026).
FAO pun telah menempatkan Indonesia sebagai produsen beras terbesar keempat di dunia, berada di bawah India, Tiongkok, dan Bangladesh. Indonesia sekaligus menjadi satu dari sedikit produsen besar yang produksinya terus meningkat saat raksasa-raksasa pangan lain tengah tersandung.
""Pemerintah memastikan ekspor beras ke Malaysia tidak akan mengganggu pemenuhan kebutuhan beras masyarakat Indonesia. Pemerintah tetap mengutamakan kecukupan stok dan stabilitas pangan nasional,"" tegas Qodari.
Stok beras Indonesia saat ini mencapai sekitar 5,2 juta ton. Dengan ketersediaan tersebut, cadangan beras nasional dipastikan aman hingga Mei 2027.
Meski demikian, Qodari menambahkan, peluang ekspor tersebut perlu dilihat bukan sebagai tujuan akhir. Yang lebih penting adalah memastikan peningkatan produktivitas berkelanjutan, menjaga harga dan pasokan yang terjangkau bagi masyarakat.
""Di usia 81 tahun kemerdekaan, dari ketahanan pangan, kita membangun kesejahteraan petani dan mewujudkan Indonesia yang semakin berdaulat, adil, dan makmur,"" tutup Qodari.
Simak juga Video Mentan: Stok Beras Bulog Bakal Capai 6 Juta Ton dalam 3 Bulan",finance,https://finance.detik.com/berita-ekonomi-bisnis/d-8643137/ri-ekspor-beras-ke-malaysia
158,"Menteri Perdagangan (Mendag) Budi Santoso bertemu dengan Menteri Investasi, Perdagangan, dan Industri Malaysia, Datuk Seri Johari Abdul Ghani dalam forum Joint Trade and Investment Committee (JTIC). Pertemuan tingkat menteri ini kembali digelar usai 9 tahun absen.
Menteri Perdagangan Budi Santoso mengatakan, forum JTIC merupakan wadah penting untuk memastikan berbagai kesepakatan bilateral dapat terus ditindaklanjuti dan memberikan manfaat nyata bagi perekonomian kedua negara.
""Kami sangat menghargai kerja sama dan diskusi konstruktif yang telah terjalin dalam pertemuan ini. Pertemuan hari ini telah menghasilkan sejumlah kesepahaman dan komitmen bersama,"" ujar Budi di Kementerian Perdagangan (Kemendag), Kamis (3/9/2026).
Terdapat lima poin utama yang disepakati dalam forum tersebut. Pertama, komitmen kuat untuk memperkuat kerja sama perdagangan dan investasi bilateral melalui mekanisme yang relevan. Kedua, fokus pada efektivitas implementasi Border Trade Agreement (BTA) serta dukungan terhadap konektivitas ekonomi di wilayah perbatasan.
Ketiga, akses pasar dan fasilitasi perdagangan bagi kedua negara, termasuk produk pertanian dan pangan untuk menyelesaikan berbagai hambatan yang ada. Keempat, komitmen mendorong iklim investasi yang kondusif. Kelima, kelanjutan kerja sama di bidang strategis lainnya seperti perdagangan elektronik (e-commerce), pertanian hingga standarisasi halal.
Menteri Investasi, Perdagangan, dan Industri Malaysia, Datuk Seri Johari Abdul Ghani mengatakan dalam pertemuan hari ini, ada banyak isu penting bagi kedua negara yang didiskusikan.
""Salah satunya adalah Perjanjian Perdagangan Perbatasan yang telah kita tanda tangani pada tahun 2023 dan akan efektif berlaku pada bulan Juli 2026. Kita berharap perjanjian perbatasan ini dapat memfasilitasi banyak kegiatan ekonomi antara kedua negara,"" ujar Johari.
Johari juga menyoroti salah satu topik krusial yang menjadi perhatian para pelaku usaha di negaranya, yakni kebijakan devisa hasil ekspor (DHE) sumber daya alam (SDA) yang diterapkan oleh pemerintah Indonesia. Meski sempat menjadi tanda tanya bagi kalangan dunia usaha, Johari menegaskan Malaysia kini telah memahami maksud dan tujuan di balik kebijakan tersebut. Ia memastikan para investor dan pebisnis asal Negeri Jiran siap untuk mematuhinya.
""Sebagai komunitas bisnis Malaysia, kita akan mendukung kebijakan tersebut, apa pun yang baik untuk Indonesia. Jika kita ingin datang ke sini untuk berbisnis, kita akan terus mematuhi kebijakan yang berlaku di Indonesia,"" tambahnya.
Selain itu, pertemuan ini juga membeberkan neraca perdagangan kedua negara. Tahun lalu, total perdagangan Indonesia dan Malaysia menyentuh angka 114 miliar Ringgit.
Johari juga menyebut pada kurun waktu 2023 hingga 2025, secara berturut-turut Malaysia telah investasi ke Indonesia sekitar 70 miliar Ringgit.
""Kita telah membawa investasi ke Indonesia sekitar 70 miliar Ringgit. Nilai tersebut setara dengan sekitar 17 miliar dolar AS, selama hampir tiga tahun,"" bebernya.
Lihat juga Video RI-Malaysia Sepakat Permudah Perdagangan Lintas Batas",finance,https://finance.detik.com/berita-ekonomi-bisnis/d-8646479/ri-malaysia-sepakat-genjot-perdagangan-investasi
159,"Tarif layanan TransBandara rute Blok M-Bandara Soekarno Hatta sebesar Rp 15.000 per sekali jalan mulai berlaku hari ini, Selasa 1 September 2026. Tarif sebelumnya dipatok Rp 3.500 selama masa uji coba.
""Mulai 1 September 2026, tarif TransBandara SH2 rute Blok M-Bandara Soekarno-Hatta menjadi Rp 15.000,"" tulis Pemprov DKI Jakarta dalam unggahan di akun Instagram @dkijakarta, dikutip Selasa (1/9/2026).
Layanan TransBandara rute Blok M-Bandara Soekarno Hatta resmi beroperasi sejak 12 Maret 2026. Selama masa uji coba, layanan tersebut mengenakan tarif Rp 3.500.
""Karena memang bebannya terlalu berat dan juga subsidinya terlalu besar, kami akan menaikkan angkanya, range-nya antara Rp 10.000 sampai dengan Rp 15.000. Kami akan putuskan setelah memberikan tiket ataupun rute dengan harga Rp 3.500 selama 3 bulan,"" ujar Gubernur DKI Jakarta, Pramono Anung, dalam keterangannya.
Kepala Dinas Perhubungan (Dishub) DKI Jakarta Budi Awaluddin mengatakan tarif sebesar Rp 15.000 untuk setiap perjalanan tersebut ditetapkan pada 31 Juli 2026 dan berlaku pada 1 September 2026.
Budi mengatakan tarif ini tertuang dalam Keputusan Gubernur (Kepgub) Nomor 685 Tahun 2026 tentang Tarif Layanan Angkutan Umum Transbandara Rute Blok M-Bandara Soekarno Hatta.
""Dalam satu bulan ini kami kembali mensosialisasikan, mempublikasikan kepada masyarakat terkait ketetapan tarif ini,"" kata Budi, dikutip dari Antaranews.
(acd/acd)",finance,https://finance.detik.com/berita-ekonomi-bisnis/d-8642871/tarif-transbandara-blok-m-soetta-naik-jadi-rp-15-000-mulai-hari-ini
160,"PT Daya Intiguna Yasa Tbk ('Perseroan' atau 'MR.D.I.Y. Indonesia', IDX: MDIY) membukukan pertumbuhan pendapatan sebesar 24,5% year on year (YoY) menjadi Rp 4,6 triliun sepanjang Semester I 2026. MR DIY juga mencatat laba kotor naik 15,7% YoY menjadi Rp 2,4 triliun dan laba bersih tumbuh 16,4% YoY ke Rp 590,7 miliar.
Jumlah transaksi MR.D.I.Y. Indonesia tumbuh 23,3% dibandingkan Semester I 2026, didukung perluasan jaringan serta peningkatan permintaan terhadap produk berkualitas dengan harga terjangkau. Pencapaian ini kembali mencerminkan relevansi proposisi nilai Perseroan dalam menjawab kebutuhan konsumen di tengah dinamika pasar.
Direktur Utama MR.D.I.Y. Indonesia Edwin Cheah, mengatakan bahwa aksesibilitas dan keterjangkauan merupakan inti dari model bisnis Perseroan. Seiring konsumen yang semakin cermat dalam membelanjakan uangnya, mereka mencari produk yang andal dan memberikan nilai yang nyata.
""Prioritas kami adalah untuk terus memahami kebutuhan pelanggan yang terus berkembang dan tetap relevan dalam kehidupan sehari-hari mereka. Dengan cara itulah kami membangun kepercayaan pelanggan dalam jangka panjang sekaligus mendorong pertumbuhan yang berkelanjutan,"" kata Edwin dalam keterangan tertulis, Kamis (3/9/2026).
Pada paruh pertama 2026, Perseroan membuka 130 toko baru sehingga keseluruhan jaringan MR.D.I.Y. Indonesia mencapai 1.349 toko di seluruh Indonesia.
""Ekspansi kami bertujuan membawa produk bernilai terbaik lebih dekat kepada komunitas di berbagai wilayah di Indonesia. Dengan memperluas akses keluarga Indonesia terhadap produk yang terjangkau dan diandalkan, kami membantu mereka mendapatkan manfaat terbaik dari setiap rupiah yang dibelanjakan"" tambah Edwin.
Hadirkan Nilai Tambah Seiring Pelanggan yang Makin Cermat
Di tengah tekanan terhadap anggaran rumah tangga di Indonesia, pelanggan semakin memprioritaskan peritel yang dapat menawarkan harga terjangkau tanpa mengurangi kualitas maupun pengalaman berbelanja.
Menjawab kebutuhan tersebut, MR.D.I.Y. Indonesia terus beradaptasi dengan dinamika pasar melalui penguatan model pengadaan, rantai pasok yang semakin terintegrasi, serta efisiensi jaringan distribusi nasional seiring bertambahnya skala operasional perseroan.
Upaya ini memungkinkan MR.D.I.Y. Indonesia menjaga komitmen dan proposisi nilai Hemat, Lengkap, Dekat kepada pelanggan.
Sepanjang Semester I 2026, pelanggan juga memperoleh manfaat langsung melalui berbagai wujud nyata program keterjangkauan seperti 'Harga Tetap Sama' yang menjaga harga produk tetap stabil, 'Super Bombastis' yang menawarkan harga istimewa untuk berbagai kebutuhan sehari-hari, serta 'Back to School' yang menghadirkan pilihan perlengkapan sekolah dengan harga terjangkau.
Berbagai inisiatif tersebut semakin memperkuat komitmen Perseroan dalam memberikan solusi belanja yang hemat, lengkap, dan dekat bagi keluarga Indonesia.
Direktur/Chief Financial Officer MR.D.I.Y. Indonesia Rika Juniaty Tanzil, menambahkan bahwa kinerja kami menunjukkan bahwa keterjangkauan dan pertumbuhan dapat berjalan beriringan.
Eksekusi yang disiplin, integrasi rantai pasok yang solid, serta skala bisnis yang semakin besar memastikan kami mampu menjaga efisiensi pembiayaan dan menawarkan harga kompetitif untuk pelanggan.
""Kapabilitas ini tetap menjadi kunci dalam upaya kami terus memperluas jaringan dan membangun platform yang lebih efisien untuk pertumbuhan jangka panjang,"" ujar Rika.
Memperkuat Dampak Positif Melalui MR.D.I.Y. Untuk Indonesia
Seiring pertumbuhan bisnis, MR.D.I.Y. Indonesia juga terus memperkuat kontribusinya kepada masyarakat melalui MR.D.I.Y. Untuk Indonesia yang berfokus pada tiga pilar, yakni Pemberdayaan Perempuan dan Anak, Keberlanjutan Lingkungan, serta Pemberdayaan UMKM.
Pada pilar Pemberdayaan Perempuan dan Anak, Perseroan telah menyalurkan sekitar 10.000 STEM Kit secara gratis kepada anak-anak Indonesia sepanjang Semester I 2026.
Sementara itu, pada pilar Keberlanjutan Lingkungan, Perseroan memperluas kerja sama dengan perusahaan climate-tech Rekosistem melalui penyediaan fasilitas drop box daur ulang di 52 toko MR.D.I.Y. Indonesia di berbagai wilayah.
Adapun melalui pilar Pemberdayaan UMKM, Perseroan terus menyelenggarakan program pendampingan dan pelatihan bagi UMKM serta mitra pemasok lokal untuk memperkuat kapasitas usaha dan mendukung pertumbuhan rantai pasok nasional.
""Dengan bisnis yang semakin tumbuh, kemampuan kami untuk memberikan dampak yang lebih bernilai kepada masyarakat juga semakin besar. Melalui MR.D.I.Y. Untuk Indonesia, kami memberdayakan komunitas dan mendorong keberlanjutan lingkungan di wilayah kami beroperasi. Upaya-upaya ini turut memperkuat posisi kami sebagai merek yang diandalkan keluarga Indonesia dalam memenuhi kebutuhan sehari-hari,"" tutup Edwin.
Ringkasan Kinerja MR.D.I.Y. Indonesia di H1 2026
| Aktual (dalam miliaran Rupiah) | H1 2026 | H1 2025 | % Pertumbuhan | 
| Pendapatan | 4.647,9 | 3.734,6 | 24,5 | 
| Laba Kotor | 2.416,8 | 2.089,0 | 15,7 | 
| Laba Bersih | 590,7 | 507,4 | 16,4 | 
(prf/ega)",finance,https://finance.detik.com/berita-ekonomi-bisnis/d-8646463/naik-24-5-mr-diy-bukukan-pendapatan-rp-4-6-triliun-di-semester-1-2026
161,"Direktorat Jenderal Perhubungan Udara Kementerian Perhubungan (Kemenhub) menetapkan besaran biaya tambahan bahan bakar atau fuel surcharge yang dapat diterapkan oleh badan usaha angkutan udara untuk tarif penumpang pelayanan kelas ekonomi menjadi maksimal 40% dari tarif batas atas sesuai kelompok layanan. Bulan sebelumnya fuel surcharge ditetapkan maksimal 30%.
Hal ini dilakukan usai Kemenhub melakukan evaluasi secara berkala berdasarkan perkembangan harga avtur yang ditetapkan oleh penyedia bahan bakar penerbangan. Evaluasi dilakukan dengan mengacu pada rata-rata harga avtur nasional dan rentang harga yang telah ditetapkan dalam regulasi.
Berdasarkan publikasi harga avtur yang ditetapkan oleh penyedia bahan bakar penerbangan per 1 September 2026, rata-rata harga avtur tercatat sebesar Rp 23.315 per liter, atau mengalami kenaikan sekitar 6,5% dibandingkan periode sebelumnya.
""Direktorat Jenderal Perhubungan Udara akan terus melakukan pengawasan terhadap penerapan tarif penerbangan, termasuk komponen FS, agar dilaksanakan secara transparan, akuntabel, dan sesuai dengan ketentuan peraturan perundang-undangan,"" kata Lukman F Laisa, Direktur Jenderal Perhubungan Udara dalam keterangannya, Rabu (2/9/2026).
Penyesuaian besaran maksimal tersebut merupakan bagian dari kebijakan evaluasi pemerintah terhadap komponen tarif penerbangan dengan tetap mempertimbangkan kondisi harga bahan bakar, keberlangsungan operasional badan usaha angkutan udara, serta kepentingan masyarakat sebagai pengguna jasa transportasi udara.
Pengawasan dilakukan melalui pemantauan tarif yang diberlakukan oleh maskapai, perkembangan harga avtur, serta kepatuhan badan usaha angkutan udara dalam mencantumkan komponen fuel surcharge secara terpisah pada tiket penumpang.
Kementerian Perhubungan melakukan pemantauan dan pengawasan terhadap penerapan tarif oleh seluruh badan usaha angkutan udara agar tetap kompetitif dengan mempertimbangkan kondisi pasar dan daya beli masyarakat.
Besaran 40% merupakan batas maksimal, sehingga badan usaha angkutan udara tetap dapat menetapkan fuel surcharge di bawah batas maksimal tersebut sesuai dengan strategi bisnis dan kondisi pasar.
Kementerian Perhubungan terus memantau perkembangan harga avtur dan melakukan evaluasi guna memastikan kebijakan tarif penerbangan tetap mendukung konektivitas nasional, keberlangsungan industri penerbangan, serta memberikan manfaat bagi masyarakat sebagai pengguna jasa transportasi udara.
Lihat juga Video: Harga tiket pesawat berpotensi naik!",finance,https://finance.detik.com/berita-ekonomi-bisnis/d-8645054/harga-avtur-naik-kemenhub-tetapkan-biaya-tambahan-tiket-pesawat-maksimal-40
162,"Komisi XI Dewan Perwakilan Rakyat (DPR) menyetujui asumsi dasar dalam Rancangan Undang-Undang (RUU) Anggaran Pendapatan dan Belanja Negara (APBN) Tahun Anggaran (TA) 2027. Namun Komisi XI meminta pemerintah untuk melaporkan perkembangan dan evaluasi asumsi makro APBN 2027 secara rutin setiap tiga bulan.
Ketua Komisi XI DPR, Misbakhun, mengatakan perkembangan dan evaluasi APBN 2027 nantinya disampaikan oleh Kementerian Keuangan, Kementerian PPN/Bappenas, Bank Indonesia (BI), Otoritas Jasa Keuangan (OJK), Lembaga Penjamin Simpanan (LPS), dan Badan Pengelola Investasi (BPI) Daya Anagara Nusantara (Danantara).
""Laporan perkembangan dan evaluasi asumsi makro dalam pelaksanaan APBN setiap 3 bulan pada tahun 2027,"" ungkap Misbakhun dalam rapat kerja bersama pemerintah di Kompleks Parlemen, Senayan, Jakarta, Rabu (2/9/2026).
Ia mengatakan, laporan tersebut memuat perkembangan dan realisasi indikator ekonomi makro mencakup pertumbuhan ekonomi, inflasi, nilai tukar, tingkat suku bunga surat berharga negara. Kemudian laporan yang memuat dampak perkembangan dan realisasi APBN 2027 terhadap pendapatan negara, belanja negara, keseimbangan primer, defisit anggaran, pembiayaan anggaran, dan posisi utang pemerintah.
Selanjutnya, Komisi XI DPR RI melalui rapat kerja akan memberikan rekomendasi kepada Kementerian Keuangan agar melakukan mitigasi risiko fiskal dan penyesuaian kebijakan APBN sehingga kesinambungan fiskal dan efektivitas APBN sebagai instrumen stabilisasi ekonomi serta mencapai sasaran pembangunan tetap terjaga.
Berdasarkan RAPBN 2027, diketahui pemerintah telah menetapkan defisit sebesar Rp 671,2 triliun atau setara dengan 2,40% terhadap produk domestik bruto (PDB). Adapun asumsi dasar ekonomi makro yang ditetapkan adalah nilai tukar rupiah sebesar Rp 17.500 dan suku bunga surat utang negara (SUN).
""Komisi XI DPR RI mencatat bahwa penurunan defisit dari outlook pada RAPBN 2026 sebesar 2,85% terhadap PDB menjadi 2,4% terhadap PDB pada RAPBN tahun 2027,"" ungkapnya.
Jaga Defisit dan Utang
Komisi XI juga meminta pemerintah memastikan defisit dan utang negara tetap dalam batas aman. Pengelolaannya harus dilakukan secara berkelanjutan, transparan, dan akuntabel, serta tetap mengedepankan prinsip kehati-hatian dan pengelolaan risiko. Dengan begitu, RAPBN dapat mendorong pertumbuhan ekonomi tanpa mengganggu kesehatan keuangan negara.
Pemerintah juga diminta memperkuat pasar keuangan dalam negeri untuk mengurangi dampak risiko dari luar negeri. Selain itu, pemerintah perlu memperluas jumlah investor, mencari sumber pembiayaan yang lebih beragam, serta mendorong pembiayaan untuk investasi.
Upaya tersebut juga dapat dilakukan melalui skema pembiayaan baru, termasuk kerja sama pemerintah dengan badan usaha (KPBU) dan blended finance atau pembiayaan yang menggabungkan dana dari pemerintah dan pihak swasta.
Kemudian dalam pelaksanaan pembiayaan investasi pada RAPBN 2027, pemerintah diminta untuk mengoptimalkan peran Danantara, Badan Usaha Milik Negara (BUMN) dan Special Mission Vehicle (SMV) untuk mendukung agenda prioritas nasional dan pengelolaan aset negara. Kemudian pemerintah juga diminta untuk membuat laporan persetujuan sebelum menggunakan Saldo Anggaran Lebih (SAL).
""Penggunaan saldo anggaran lebih yang kita kenal dengan SAL pada tahun anggaran berjalan harus mendapatkan persetujuan seperti DPR, sesuai peraturan perundangan-undangan yang berlaku. Pengelolaan SAL agar tetap dilakukan secara prudent dan optimal sebagai instrumen penyangga atau fiscal buffer dalam menghadapi ketidakpastian,"" tegas Misbakhun.
Selanjutnya, pemerintah diminta memastikan kebijakan defisit dan pembiayaan diimbangi dengan penguatan kondisi keuangan negara. Hal ini dapat dilakukan dengan meningkatkan pendapatan negara dan memperbaiki kualitas belanja. Dengan begitu, pengendalian defisit tidak hanya mengandalkan utang atau pembiayaan, tetapi juga ditopang oleh kondisi fiskal yang lebih kuat.
Pemerintah juga diminta memastikan setiap pembiayaan, terutama utang, digunakan untuk kegiatan yang produktif dan bisa mendorong pertumbuhan ekonomi. Pembiayaan tersebut diharapkan dapat menciptakan lapangan kerja, meningkatkan produktivitas, dan mendorong kesejahteraan masyarakat. Namun, penggunaannya tetap harus memperhatikan biaya, risiko, dan kemampuan keuangan negara dalam jangka panjang.
""Pemerintah dan bank Indonesia memperkuat sinergi kebijakan fiskal dan moneter dan sektor keuangan untuk menjaga stabilitas makroekonomi dan pasar keuangan sekaligus memastikan APBN tetap mampu menjalankan fungsi sebagai shock absorber dan agent of development di tengah ketidakpastian perekonomian global,"" pungkasnya.
Pemerintah wajib melaporkan profil utang yang mencakup posisi, struktur, dan indikator risiko utang, termasuk kepemilikan surat berharga negara (SBN) domestik yang diperdagangkan. Laporan tersebut disampaikan kepada Komisi XI DPR RI secara berkala. Terakhir, pemerintah diminta mengarahkan kebijakan pembiayaan non-utang sektor perumahan untuk masyarakat berpenghasilan rendah.
Tonton juga video ""Pemerintah Alokasikan Rp 240 T untuk MBG di RAPBN 2027""
(acd/acd)",finance,https://finance.detik.com/berita-ekonomi-bisnis/d-8645347/asumsi-makro-rapbn-2027-disetujui-dpr-minta-pemerintah-jaga-defisit-utang
163,"PT Waskita Karya (Persero) Tbk meluncurkan sistem Host to Host (H2H) pembayaran terintegrasi. Perseroan memanfaatkan layanan Application Programming Interface (API) PT Bank Negara Indonesia (Persero) Tbk atau BNI yang telah berstandar Nasional Open API (SNAP).
Waskita Karya menjadi perusahaan konstruksi pertama yang mendapatkan sertifikasi SNAP. Langkah ini merupakan bagian dari upaya memperkuat transformasi digital guna memudahkan proses pembayaran.
Melalui H2H, pembayaran dapat dilakukan secara otomatis dan memungkinkan sistem internal perusahaan sebagai host terhubung langsung dengan sistem perbankan atau lembaga keuangan sebagai host lain secara real time. Tujuannya agar proses keuangan menjadi terintegrasi, efisien, transparan, dan akuntabel.
Direktur Keuangan Waskita Karya Wiwi Suprihatno mengatakan implementasi H2H merupakan wujud nyata dari transformasi digital perusahaan. Metode ini menguatkan proses sentralisasi pembayaran di Waskita.
""Hal ini sejalan dengan transformasi Waskita yang mengacu pada delapan stream. Salah satunya transformasi bisnis dalam rangka penguatan tata kelola dana demi mewujudkan Good Corporate Governance (GCG),"" ujar Wiwi dalam keterangan tertulis, Selasa (1/9/2026).
Berkat inovasi H2H dengan API terstandarisasi SNAP, pengajuan pembayaran oleh tim proyek tidak lagi memerlukan dokumen tagihan fisik karena semua dilakukan secara digital melalui aplikasi SAP. Tim proyek dapat memantau langsung alur pengajuan tersebut kapanpun dan dimanapun.
Begitu pula dengan mitra kerja Waskita, mereka bisa mendapatkan informasi secara real time atas pembayaran tagihan.
""Penerapan H2H berdampak positif terhadap pengelolaan arus kas serta sejalan dengan prioritas dan strategi Perseroan. Kedepannya Waskita Karya akan melakukan digitalisasi menyeluruh terhadap sistem operasional perusahaan,"" tuturnya.
Ia turut mengucapkan terima kasih kepada BNI yang telah mendukung penguatan ekosistem digital Waskita. Ia percaya sinergi ini akan memberikan banyak manfaat bagi kedua belah pihak.
""Pemanfaatan layanan API BNI merupakan wujud kolaborasi BUMN yang bertujuan memudahkan masyarakat sekaligus mendorong sistem pembayaran nasional. Diharapkan kerja sama yang terjalin dapat terus berjalan dan mewujudkan digitalisasi berkelanjutan,"" pungkasnya.
(anl/ega)",finance,https://finance.detik.com/berita-ekonomi-bisnis/d-8643977/luncurkan-sistem-host-to-host-waskita-karya-raih-sertifikasi-snap
164,"Neraca perdagangan Indonesia kembali surplus pada Juli 2026 setelah sempat mengalami defisit pada Mei dan Juni 2026. Pada Juli, neraca dagang Indonesia surplus US$ 120 juta.
Menteri Perdagangan (Mendag) Budi Santoso optimistis tren positif neraca perdagangan terus berlanjut. Apalagi, Indonesia pernah mencetak surplus hingga 72 bulan berturut-turut.
""Sehingga Januari-Juli kita ekspor kita kan (tumbuh) 4,43%. Nah, kita harapan kita ya sampai seterusnya menjadi surplus lagi,"" ujar Budi dalam konferensi pers di kantornya, Jakarta Pusat, Rabu (2/8/2026).
| Baca juga: Neraca Perdagangan RI Surplus US$ 120 Juta | 
Menurut Budi, salah satu faktor yang menyebabkan defisit neraca perdagangan pada Maret-April karena tingginya harga minyak dunia di atas US$ 100 per barel.
""Ya mudah-mudahan harga minyak ini terkontrol karena kebutuhan kita kan juga cukup besar. Sementara itu, memang surplus nonmigas kita terus berjalan. Kita kan karena defisit migasnya saja, tapi surplus nonmigas tetap jalan ya,"" beber ia.
Saat ditanya apakah surplus ini bisa bertahan hingga akhir tahun, Budi ingin agar tren tersebut terus berlanjut.
""Ya, kita, kita target kita begitu. Kita maunya nggak sampai akhir tahun, sampai seterusnya, ya surplus terus,"" jelasnya.
Untuk memastikan neraca perdagangan tetap aman dan terus surplus, Kementerian Perdagangan tidak hanya mengandalkan faktor harga minyak. Budi menekankan pentingnya menggenjot kinerja ekspor nasional agar surplus sektor nonmigas terus meningkat secara signifikan.
""Jadi kita harus tetap meningkatkan ekspor kita. Bagaimana kita meningkatkan ekspor kita sehingga surplus nonmigas harus terus naik lebih besar,"" imbuh ia.
Sebelumnya, Neraca perdagangan Indonesia pada Juli 2026 surplus sebesar US$ 120 juta. Surplus neraca perdagangan terjadi karena ekspor lebih besar dibandingkan impor.
Deputi Bidang Statistik Distribusi dan Jasa BPS, Ateng Hartono mengatakan ekspor Indonesia pada Juli 2026 sebesar US$ 26,22 miliar, naik 6,05% dibandingkan Juli 2025. Sementara impor Juli 2026 sebesar US$ 26,09 miliar atau meningkat 27,02% dibandingkan dengan Juli 2025 dengan nilai impor Migas sebesar US$ 3,77 miliar atau meningkat 49,91% secara tahunan.
""Pada kondisi Juli tahun 2026 nilai ekspor mencapai US$ 26,22 miliar atau naik sebesar 6,05% dibandingkan dengan Juli tahun 2025. Nilai ekspor migas tercatat senilai US$ 0,79 miliar atau turun sebesar 14,58%. Untuk nilai ekspor nonmigas tercatat mengalami kenaikan sebesar 6,84% dengan nilainya US$ 25,43 miliar,"" katanya dalam konferensi pers di Kantor Pusat BPS, Jakarta Pusat, Selasa (1/9/2026).
Lihat juga Video Pramono Paparkan APBD Jakarta Surplus Rp 3,89 T",finance,https://finance.detik.com/berita-ekonomi-bisnis/d-8644856/mendag-pede-neraca-dagang-ri-lanjut-surplus-hingga-akhir-tahun
165,"Menteri Keuangan (Menkeu) Purbaya Yudhi Sadewa memastikan BPI Danantara tidak tergabung menjadi anggota baru Komite Stabilitas Sistem Keuangan (KSSK). Badan yang kini mengatur seluruh BUMN itu hanya diundang untuk ikut terlibat dalam rapat rutin KSSK saja.
""Bukan anggota baru, itu diundang saja untuk ikut rapat. Diundang untuk dimasukkan tambahan,"" kata Purbaya dalam acara Sarasehan 100 Ekonom Indonesia 2026 di Hotel Kempinski, Jakarta Pusat, Kamis (3/9/2026).
Menurutnya kehadiran Danantara dalam setiap rapat KSSK ini untuk memberikan tambahan informasi dan masukan dari sektor riil. Sebab salam ini anggota KSSK hanya terdiri dari regulator yakni Kementerian Keuangan (Kemenkeu) yang dipimpinnya, Bank Indonesia, Otoritas Jasa Keuangan (OJK), dan Lembaga Penjamin Simpanan (LPS).
""Kadang-kadang saya di regulator, (Gubernur Bank Indonesia) Bu Destry regulator, kadang-kadang ada beberapa angle di sektor riil yang kita nggak dapat,"" ujar Purbaya.
""Jadi ketika dia ngomong, ya kita perhatikan. Itu dipakai untuk memperkuat kebijakan di KSSK jadi semakin kuat. Tapi bukan berarti dia ikut ambil keputusan, dia nggak punya voting right,"" tegasnya lagi.
Namun saat ditanya apakah ke depan sektor swasta juga akan dilibatkan dalam rapat KSSK untuk memberikan gambaran di sektor riil, Purbaya mengatakan kehadiran Danantara saja sudah lebih dari cukup.
Menurutnya keterlibatan sektor swasta yang terlalu banyak dalam rapat KSSK malah akan memperkeruh keadaan. Meski begitu, ia tidak menutup kemungkinan jika ke depan KSSK akan ikut mengundang perwakilan sektor swasta untuk ikut dalam rapat mereka jika memang dibutuhkan.
""Kalau banyak swasta masuk, nanti jadi kusut. Biar saja cukup, biar saya bisa dapat sinyal di riil sector seperti apa. Tapi nanti suatu saat akan dipanggil sekali-sekali, mungkin Kadin atau siapa yang mewakili sektor swasta untuk datang rapat itu,"" tandas Purbaya.
Tonton juga video ""Banggar Tagih Profil Utang Pemerintah, Purbaya: DPR Mau Minta Kapan?""
(igo/fdl)",finance,https://finance.detik.com/berita-ekonomi-bisnis/d-8646870/purbaya-pastikan-danantara-tak-gabung-kssk-diundang-ikut-rapat-saja
166,"Presiden Prabowo Subianto mengatakan saat ini dunia masuk dalam keadaan yang sulit. Fragmentasi politik dunia membuat sistem ekonomi global terpecah belah.
Dia bilang dewasa ini perdagangan ekspor impor saat ini seringkali menjadi senjata. Bahkan sistem keuangan saja bisa terpecah belah berdasarkan lokasi geografis.
""Kita bertemu pada masa yang sulit. Saat ini perdagangan berkali-kali digunakan sebagai senjata. Rantai pasok dibentuk kembali berdasarkan kecurigaan. Keuangan terpecah berdasarkan geografi,"" beber Prabowo dalam pidatonya di Eastern Economic Forum, Vladivostok, Rusia, Kamis (3/9/2026).
Menurutnya kini semua pihak tak bisa hanya bergantung pada suatu sistem global yang besar, misalnya saja dalam sistem keuangan global untuk bisa mencapai ketahanan, dunia membutuhkan lebih dari satu sistem yang berfungsi.
""Kita tidak boleh bergantung pada satu arsitektur keuangan karena jika satu sistem terganggu, sistem lain harus tetap mampu memfasilitasi aliran dana yang menjaga perdagangan tetap berjalan Tanpa saluran pembayaran dan penyelesaian transaksi yang dapat diandalkan, perdagangan itu sendiri dapat lumpuh,"" beber Prabowo.
Dia bilang dirinya bukan menyerukan untuk menggantikan satu sistem dengan sistem lainnya, melainkan memastikan bahwa sistem keuangan global lainnya dapat beroperasi berdampingan dengan pengaturan yang sudah ada.
""Hal ini dilakukan untuk menjaga kesinambungan, stabilitas, dan kepercayaan dalam perdagangan internasional,"" pungkas Prabowo.
Tonton juga video ""Prabowo ke Putin: RI Tingkatkan Kerja Sama demi Keuntungan Kedua Negara""
(hal/ara)",finance,https://finance.detik.com/berita-ekonomi-bisnis/d-8646881/prabowo-perdagangan-digunakan-jadi-senjata-sistem-keuangan-terpecah
167,"Presiden Prabowo Subianto mengajak Rusia untuk meningkatkan volume perdagangan dengan Indonesia. Dia mengajak Rusia untuk membesut free trade agreement (FTA) atau perjanjian dagang bebas.
Mulanya, Prabowo mengungkapkan Indonesia dan Rusia memiliki kekuatan yang dapat menyempurnakan satu sama lain. Rusia, disebut Prabowo memiliki gandum, pupuk, energi, ilmu pengetahuan, dan rekayasa teknologi yang maju.
Sementara itu, Indonesia memiliki kelapa sawit, perikanan, kopi, karet, tekstil, furnitur, barang konsumsi, tenaga kerja muda, serta pintu gerbang menuju 680 juta penduduk di Kawasan Asia Tenggara.
""Kekuatan satu pihak dapat menjawab kebutuhan pihak lainnya. Inilah fondasi perdagangan yang adil dan berkelanjutan,"" kata Prabowo saat berpidato pada Eastern Economic Forum di Vladivostok, Kamis (3/9/2026). Dia berbicara satu panggung dengan Presiden Rusia Vladimir Putin.
Hasil dari perdagangan yang saling melengkapi antara Indonesia dan Rusia, menurutnya juga cukup menjanjikan. Pada 2025 saja volume perdagangan dua negara tercatat meningkat 21%, mendekati US$ 5 miliar nominalnya.
""Tahun lalu, pada 2025, perdagangan bilateral kita mendekati US$ 5 miliar, meningkat 21,7% dibandingkan tahun sebelumnya, yakni 2024, dan meningkat 33,7% dibandingkan 2023,"" lanjut Prabowo.
Pencapaian ini menurutnya merupakan permulaan, bukan justru hasil akhir. Dari situ lah dia mengajak pihak Rusia untuk melanjutkan hubungan perdagangan ke level berikutnya, yaitu membesut perjanjian dagang bebas atau FTA.
""Di forum ini, saya mengusulkan agar Indonesia dan Rusia menetapkan tantangan yang jelas bagi diri kita sendiri yaitu dengan melipatgandakan perdagangan kita dalam periode peninjauan pertama Perjanjian Perdagangan Bebas Indonesia-Eurasian Economic Union (FTA),"" ujar Prabowo.
Tonton juga video ""Momen Prabowo Ungkap Alasan MBG Terus Digenjot di Depan Putin""
(hal/ara)",finance,https://finance.detik.com/berita-ekonomi-bisnis/d-8646869/di-depan-putin-prabowo-ajak-rusia-garap-perjanjian-dagang
168,"Kementerian Koperasi (Kemenkop) menyampaikan penempatan 30.000 manajer Koperasi Desa/Kelurahan (KDKMP) masih menunggu penerbitan Surat Keputusan (SK) dari Badan Pengaturan (BP) BUMN. Saat ini, proses penempatan manajer KDKMP sedang dipersiapkan oleh BP BUMN.
Sekretaris Kementerian Koperasi (Sesmenkop) Ahmad Zabadi mengatakan pendidikan bagi calon manajer KDKMP telah rampung dilakukan. Lalu, penempatannya akan disiapkan oleh BP BUMN.
""Penempatan ini sedang disiapkan oleh BP BUMN untuk nanti penempatan para manajer nanti di lokasi-lokasi yang sudah siap operasionalnya,"" ujar Zabadi di kantornya, Jakarta, Kamis (3/9/2026).
Zabadi menjelaskan ribuan manajer KDKMP ini akan berstatus sebagai pegawai BUMN. Saat ditanya mengenai jadwal penempatan yang sempat mengalami pergeseran dari target awal, Zabadi menyebut penempatan tidak harus menunggu seluruh pembangunan 30.000 titik KDKMP selesai secara bersamaan. Penempatan akan dilakukan secara serentak dalam waktu dekat pada titik-titik yang infrastrukturnya sudah siap sepenuhnya untuk beroperasi.
""Ini kan proses pembangunannya sudah berjalan lebih dari 36.000 kan sehingga nanti penempatan dari ini adalah pada titik-titik yang secara ini fisiknya memang sudah siap untuk operasional,"" tambah ia.
Selain menunggu proses SK dari BP BUMN, operasionalisasi Koperasi Merah Putih ini juga menantikan penerbitan Peraturan Presiden (Perpres). Zabadi memastikan proses harmonisasi regulasi tersebut saat ini telah rampung dan tinggal menunggu waktu dekat untuk diterbitkan secara resmi.
""Perpres berjalan, penempatan insyaallah juga sedang dalam proses karena SK-nya sedang diproses oleh BP BUMN,"" jelasnya.
Sebelumnya, Menteri Koperasi (Menkop) Ferry Juliantono mengatakan seluruh manajer ditargetkan selesai pelatihan bela negara pada awal Agustus. Kemudian, mereka mengikuti pelatihan yang ditempatkan di Kopdeskel Merah Putih.
""Jadi Insya Allah nanti awal-awal Agustus itu sudah selesai mereka mengikuti pelatihan dan langsung kita tempatkan di seluruh Koperasi Desa Kelurahan Merah Putih yang juga bersamaan dengan pembangunan fisik gudang gerai dan alat kelengkapan yang sudah selesai dibangun,"" ujar Ferry dalam konferensi pers di Kementerian Koperasi, Jakarta, Kamis (2/7).
Tonton juga video ""Prabowo Bakal Bikin Koperasi Merah Putih Punya Klinik Kesehatan""
(acd/acd)",finance,https://finance.detik.com/berita-ekonomi-bisnis/d-8646848/penempatan-30-ribu-manajer-kopdes-masih-tunggu-sk-bp-bumn
169,"Masyarakat yang mencari peluang lowongan kerja ke luar negeri kini bisa mengandalkan kanal resmi yang disiapkan pemerintah.
Saat ini telah tersedia Sistem Komputerisasi untuk Pelayanan dan Pelindungan Pekerja Migran Indonesia (SISKOP2MI) bagi warga untuk memantau lowongan kerja sekaligus mengikuti proses penempatan pekerja migran Indonesia (PMI).
Wakil Menteri Pelindungan Pekerja Migran Indonesia (P2MI) Christina Aryani mengimbau masyarakat memanfaatkan SISKOP2MI untuk mengetahui peluang kerja yang tersedia secara resmi.
""Ingin melihat peluang kerja di luar negeri, sebetulnya cara paling mudah adalah bikin account di SISKOP2MI ini dan lihatlah apa saja peluang kerja yang saat ini ada di luar negeri,"" ujar Christina dalam konferensi pers bersama Badan Komunikasi Pemerintah (Bakom) RI di kantornya, Jakarta Pusat, Rabu (2/9/2026).
Tahun ini sekitar 289 ribu lowongan kerja luar negeri dapat dicek melalui kanal resmi tersebut. Peluang kerja itu tersedia pada berbagai sektor, sehingga calon PMI dapat menyesuaikan pilihan dengan keahlian dan pengalaman yang dimiliki.
Lowongan yang terbuka mulai dari sektor kesehatan, industri manufaktur, konstruksi, hingga urusan hospitality.
""Lowongan yang terbagi dari berbagai sektor. Mau itu kesehatan, manufaktur, hospitality, welder, konstruksi, ABK, kelistrikan, pengelasan, dan lain-lain,"" kata Christina.
SISKOP2MI dapat diakses melalui https://siskop2mi.bp2mi.go.id. Platform ini tidak hanya berfungsi sebagai tempat mencari informasi lowongan, tetapi juga menyediakan berbagai layanan yang mendukung proses penempatan dan pelindungan PMI secara terintegrasi.
Melalui sistem ini, Christina mengatakan masyarakat dapat memperoleh informasi mengenai lowongan kerja luar negeri, melakukan pendaftaran, mengikuti proses seleksi, hingga memantau status lamaran.
Calon PMI juga dapat memanfaatkan layanan digital ini untuk memenuhi dokumen persyaratan penempatan. Proses verifikasi dan penjadwalan Orientasi Pra Pemberangkatan (OPP) juga dapat dilakukan melalui sistem, termasuk pengecekan status penyelesaian proses sebelum PMI diberangkatkan untuk bekerja.
Layanan SISKOP2MI tidak berhenti pada tahapan sebelum keberangkatan. Christina menegaskan sistem ini juga mendukung penanganan permasalahan dan pemulihan hak PMI, pendataan pengenaan sanksi administratif terhadap Perusahaan Penempatan Pekerja Migran Indonesia (P3MI), hingga penanganan kepulangan PMI secara terintegrasi.
Ketersediaan informasi melalui kanal resmi pemerintah menjadi penting di tengah risiko penipuan berkedok lowongan kerja luar negeri. Calon PMI perlu memastikan informasi pekerjaan yang diterima benar-benar dapat diverifikasi dan mengikuti prosedur penempatan yang berlaku.
Dengan memanfaatkan SISKOP2MI, lanjut Christina, masyarakat dapat terlebih dahulu mengecek apakah peluang kerja yang diminati tercantum dalam sistem resmi pemerintah. Langkah ini dapat menjadi filter awal agar calon PMI tidak tergiur tawaran pekerjaan yang tidak jelas, terutama yang meminta sejumlah uang atau dokumen pribadi tanpa prosedur yang dapat dipertanggungjawabkan.
Hati-hati Lowongan Palsu
Dia juga mengatakan saat ini pihaknya membentuk Unit Patroli Siber untuk membantu proses penurunan (takedown) konten yang berkaitan dengan lowongan kerja fiktif. Setiap tautan yang ditemukan dan dinilai berpotensi terkait dengan lowongan kerja fiktif akan diteruskan Kementerian P2MI kepada Kementerian Komunikasi dan Digital (Komdigi). Selanjutnya, tautan tersebut ditindaklanjuti melalui proses takedown.
Adapun sepanjang 1 Januari hingga 31 Agustus 2026, sebanyak 7.908 tautan telah di-takedown. Angka tersebut setara dengan 78 persen dari total 10.504 laporan yang disampaikan kepada Komdigi.
Christina juga mengingatkan masyarakat agar tidak mudah tergiur tawaran bekerja di luar negeri yang tampak terlalu mudah dan menjanjikan penghasilan besar tanpa prosedur maupun persiapan yang jelas. Menurutnya, tawaran semacam itu patut dicurigai karena dapat berujung pada keterlibatan calon pekerja dalam sindikat kejahatan di luar negeri.
""Kalau sesuatu yang terlihat terlalu mudah, nanti end up-nya bisa-bisa, di sindikatlah, di Myanmar, di Kamboja, seperti yang sering kita dengar, kita baca berulang-ulang di media massa,"" ujar Christina.
Selain melakukan patroli di ruang digital, pemerintah juga aktif mencegah keberangkatan calon pekerja migran secara nonprosedural di berbagai wilayah Indonesia.
Berdasarkan data yang disampaikan Christina, sebanyak 6.668 calon pekerja migran nonprosedural berhasil dicegah keberangkatannya sejak 2025 hingga Juli 2026. Mayoritas di antaranya dicegah di pintu-pintu perbatasan, seperti Kepulauan Riau, Kalimantan Barat, Riau, Kalimantan Utara, serta Bandara Internasional Soekarno-Hatta.
Di samping itu, sebagai bentuk perlindungan lainnya, Christina mengatakan Kementerian P2MI juga membuka kanal pengaduan bagi masyarakat yang menemukan dugaan penempatan pekerja migran bermasalah maupun mengalami persoalan saat bekerja di luar negeri.
Ia menyebutkan pengaduan dapat disampaikan melalui hotline di 0800-1000 dan 021-2924-4810, WhatsApp di 0811-8080-141, situs resmi kementerian, maupun dengan datang langsung ke Kementerian P2MI. Layanan serupa juga tersedia melalui Balai Pelayanan Perlindungan Pekerja Migran Indonesia (BP3MI) di 23 provinsi.
(hal/hns)",finance,https://finance.detik.com/berita-ekonomi-bisnis/d-8645687/ratusan-ribu-lowongan-kerja-ke-luar-negeri-tersedia-ini-cara-daftarnya
170,"Menteri Keuangan Purbaya Yudhi Sadewa memastikan pemerintah telah menyiapkan anggaran yang cukup untuk membayar cicilan dan bunga pembiayaan Koperasi Desa/Kelurahan Merah Putih (KDMP) ke bank.
Menurut Purbaya, pemerintah sudah menyiapkan anggaran awal Rp 40 triliun untuk memenuhi kewajiban pertama KDMP. Anggaran tersebut sudah disiapkan pemerintah sejak awal tahun.
""Jadi untuk Koperasi Merah Putih pasti mempertanyakan bisa bayar nggak pemerintah. Kita sudah sediakan uang Rp 40 triliun, sudah siap dari awal tahun itu untuk membayar cicilan dan bunganya,"" kata Purbaya dalam Sarasehan 100 Ekonom Indonesia 2026 di Hotel Kempinski, Jakarta Pusat, Kamis (3/9/2026).
Sebagai informasi, total pembiayaan kredit KDMP diperkirakan mencapai Rp 240 triliun. Dana tersebut digunakan untuk menyalurkan kredit ke lebih dari 80 ribu koperasi, dengan masing-masing koperasi menerima pembiayaan Rp 3 miliar.
Pembayaran angsuran perdana jatuh tempo pada akhir September 2026. Purbaya menjamin uangnya tersedia sehingga tidak akan membuat bank tergoncang.
""Jadi September ini kan 27-28 itu akan jatuh tempo, saya pastikan uangnya siap untuk dibayar sehingga sistem perbankan kita tidak goncang. Aman, menterinya kan Purbaya,"" tegas Purbaya.
Dana yang disiapkan berasal dari Anggaran Pendapatan dan Belanja Negara (APBN). Menurut eks Ketua Dewan Komisioner Lembaga Penjamin Simpanan (LPS) itu, dana yang dimaksud bersumber dari pos dana desa.
""Dari pos dana desa,"" sebut Purbaya.
Meski demikian, Purbaya mengakui proses audit terhadap seluruh KDMP belum rampung. Menurutnya, pemerintah tidak akan menunggu seluruh proses audit selesai untuk melakukan pembayaran terhadap kewajiban yang sudah jatuh tempo.
Purbaya mengatakan koperasi yang prosesnya sudah selesai akan diprioritaskan untuk dibayarkan. Sementara koperasi yang proses auditnya belum rampung akan dilihat berdasarkan perkembangan prosesnya.
""Yang sudah selesai kita bayar dulu, nanti yang belum-belum itu kita lihat sampai mana prosesnya. Nanti kita bayar dengan kondisi tertentu, dengan janji atau komitmen tertentu nanti. Masih akan dibicarakan,"" tutup Purbaya.
Tonton juga video ""Banggar Tagih Profil Utang Pemerintah, Purbaya: DPR Mau Minta Kapan?""
(acd/acd)",finance,https://finance.detik.com/berita-ekonomi-bisnis/d-8646974/purbaya-siapkan-rp-40-triliun-buat-bayar-utang-kopdes
171,"Kepala Badan Gizi Nasional (BGN) Sudaryono menyampaikan bahwa pagu anggaran BGN tahun 2027 sebesar Rp 240,20 triliun.
Dari total anggaran tersebut terbagi menjadi dua program. Pertama, Pemenuhan Gizi Nasional sebesar Rp 232,88 triliun. Dari total ini, sebesar Rp 232,50 triliun dialokasikan untuk program Makan Bergizi Gratis (MBG).
Kedua, yakni Program Dukungan Manajemen sebesar Rp 7,33 triliun atau 3,05% dari total keseluruhan anggaran BGN di tahun 2027. Sebagian besar alokasinya untuk gaji dan tunjangan, yakni sebesar Rp 7 triliun.
Kemudian, operasional dan pemeliharaan kantor sebesar Rp 81,7 miliar dan dukungan manajemen nonoperasional sebesar Rp 160,2 miliar.
""Pagu anggaran BGN tahun 2027 ini yaitu sebesar Rp 240,20 triliun tersebut terbagi ke dalam dua program. Program Pemenuhan Gizi Nasional, Rp 232,88 triliun atau 96,95%. Kedua, Program Dukungan Manajemen sebesar Rp 7,33 triliun atau 3,05% dari total keseluruhan anggaran BGN di tahun 2027,"" katanya dalam RDP dengan Komisi IX DPR, Kamis (3/9/2026).
Sudaryono menyampaikan dengan pagu anggaran sebesar Rp 240 triliun ini, BGN menargetkan penerima manfaat MBG pada 2027 mencapai 72.464.886 orang atau sekitar 72,46 juta orang.
""Dengan anggaran Rp 240,20 triliun tadi, baik itu yang kemudian dikonversi menjadi menu makanan dan kemudian dukungan manajemen, itu target penerima manfaatnya adalah 72.464.886 orang,"" katanya.
Di mana target tersebut terdiri dari 60.599.777 peserta didik, mulai dari PAUD, RA, TK, SD, MI, SMP, MTs, SMA, MA, SMK sederajat, SLB hingga santri. Anggarannya sebesar Rp 198,96 triliun.
Kemudian, sebanyak 11.865.109 orang yang terdiri dari ibu hamil, ibu menyusui, dan balita menjadi sasaran penerima manfaat MBG. Untuk kelompok tersebut dialokasikan anggaran sebesar Rp 33,54 triliun.
""BGN ingin menyampaikan bahwa target sebesar 72,46 juta ini berada di atas basis RPJM 2027 yang ditetapkan target penerimaan manfaatnya sebesar 64,94 juta orang,"" terangnya.
Tonton juga video ""Kepala BGN Usul Anggaran MBG Tahun 2027 Rp 232,5 T""
(hrp/fdl)",finance,https://finance.detik.com/berita-ekonomi-bisnis/d-8646977/mbg-2027-dapat-anggaran-rp-232-triliun-sasar-72-46-juta-orang
172,"Kementerian Ketenagakerjaan (Kemenaker) menyiapkan strategi untuk membuka 3,49 juta lapangan kerja pada 2027. Menurut Menteri Ketenagakerjaan (Menaker) Yassierli, penyiapan sumber daya manusia (SDM) yang sesuai dengan kebutuhan industri menjadi fokusnya.
Kemnaker memiliki program magang nasional dan vokasi untuk lulusan perguruan tinggi hingga jenjang SMA-SMK. Program tersebut diharapkan bisa memperbesar peluang angkatan kerja agar masuk ke dunia kerja.
""Kan kita tadi ada pemagangan, ada vokasi, bagaimana kita terus berusaha mendekatkan industri, dengan pelatihan pemagangan. Jadi, dalam bab penyiapan tenaga kerja, itulah dua besar yang kita lakukan,"" kata Yassierli di kompleks DPR RI Senayan, Jakarta Pusat, Rabu (2/9/2026).
Kemnaker juga menjalin kolaborasi lintas kementerian untuk menyiapkan SDM yang siap masuk ke dunia kerja. Kerja sama dilakukan bersama Kementerian Pendidikan Dasar dan Menengah (Kemendikdasmen) serta Kementerian Pendidikan Tinggi, Sains, dan Teknologi (Kemendikti Saintek).
""Selain tentu kita terus ada MoU dengan Disdakmen, Kemendikti Saintek, kita ingin kolaborasi terkait dengan penyiapan tenaga kerja,"" tambah Yassierli.
Sementara itu, Kepala Badan Perencanaan dan Pengembangan Ketenagakerjaan (Barenbang) Kementerian Ketenagakerjaan Anwar Sanusi menekankan pentingnya dorongan formalisasi pada sektor-sektor kerja yang masih didominasi pasar informal.
Pemerintah membidik sektor-sektor prioritas nasional, salah satunya proyek hilirisasi yang dinilai masih sangat potensial membuka lapangan kerja baru. Sektor jasa hingga pertanian juga memiliki prospek pertumbuhan yang sangat kuat.
Terlebih lagi, kehadiran program Makan Bergizi Gratis (MBG) diyakini bakal menjadi stimulan utama untuk menggenjot sektor pertanian sebagai penyangga ketenagakerjaan nasional.
""Sebetulnya ada juga sektor yang ada tumbuh bagus, namun minat terlalu rendah, adalah sektor pertanian. Sektor pertanian itu sebenarnya growing dan menurut saya dengan adanya program nasional, seperti program MBG, ini memberikan stimulan bagaimana sektor pertanian juga menjadi penyangga,"" tutup Anwar.
(ily/ara)",finance,https://finance.detik.com/berita-ekonomi-bisnis/d-8645481/pemerintah-mau-buka-3-49-juta-lapangan-kerja-bagaimana-caranya
173,"Kebakaran hutan dan lahan (karhutla) menimbulkan kerugian triliunan rupiah. Kementerian Lingkungan Hidup (KLH)/Badan Pengendalian Lingkungan Hidup (BPLH) mencatat ada potensi kerugian sekitar Rp 5,3 triliun dari kasus karhutla sejak 2023 hingga 2025.
""Periode 2023 sampai 2025, perkara yang belum selesai total ada 32 perkara, dengan potensi kerugian lingkungan hidup sebesar Rp5,30 triliun,"" ujar Deputi Penegakan Hukum KLH/BPLH Irjen Pol Rizal Irawan dalam keterangan tertulis resmi Badan Komunikasi Pemerintah, Selasa (1/9/2026).
Beberapa perusahaan juga diduga menjadi penyebab karhutla di sejumlah daerah. Rizal menyatakan secara keseluruhan ada 19 perusahaan yang diduga jadi biang kerok karhutla.
Belasan perusahaan tersebut tersebar di provinsi-provinsi yang ada di Sumatera dan Kalimantan dengan total area terbakar mencapai sekitar 11.046,69 hektare.
Rizal mengatakan, penegakan hukum terhadap kasus karhutla dilakukan melalui tiga jalur, yakni sanksi administratif, sengketa lingkungan hidup atau gugatan perdata, dan pidana.
""Perkara pidana akan ditangani oleh penyidik dari Polri, mulai dari tingkat Polda, Polres, maupun Mabes Polri,"" ungkap Rizal.
Dari 19 perusahaan yang disebut Rizal, tercatat ada 7 yang berada di Kalimantan Barat dengan total area terbakar mencapai 2.260,08 hektare.
Selain itu, 4 perusahaan berada di Sumatera Selatan dengan total area terbakar 772,72 hektare. Kemudian di Kalimantan Selatan, terdapat 3 perusahaan dengan total area terbakar mencapai 6.595,15 hektare, luasan terbesar dibandingkan wilayah lain.
Selanjutnya, 2 perusahaan berada di Kalimantan Tengah dengan total area terbakar 99,40 hektare. Kemudian di Kalimantan Timur ada 1 perusahaan yang area terbakarnya hingga 5 hektare.
Sementara itu, di Lampung terdapat 1 perusahaan dengan area terbakar seluas 202,73 hektare, dan di Riau 1 perusahaan tercatat memiliki area terbakar sekitar 7,10 hektare.
Sejak Januari hingga saat ini, Rizal menyebutkan, KLH/BPLH telah mengambil tindakan pengawasan terhadap 19 perusahaan yang diduga jadi biang kerok kebakaran lahan. Tindakan tersebut antara lain berupa pemasangan plang pengawasan, penyegelan, serta tindakan lain yang dilakukan Pejabat Pengawas Lingkungan Hidup (PPLH).
(hal/hns)",finance,https://finance.detik.com/berita-ekonomi-bisnis/d-8644195/triliunan-rupiah-menguap-gara-gara-karhutla
174,"Neraca perdagangan Indonesia pada Juli 2026 surplus sebesar US$ 120 juta. Surplus neraca perdagangan terjadi karena ekspor lebih besar dibandingkan impor.
Deputi Bidang Statistik Distribusi dan Jasa BPS, Ateng Hartono mengatakan ekspor Indonesia pada Juli 2026 sebesar US$ 26,22 miliar, naik 6,05% dibandingkan Juli 2025. Sementara impor Juli 2026 sebesar US$ 26,09 miliar atau meningkat 27,02% dibandingkan dengan Juli 2025 dengan nilai impor Migas sebesar US$ 3,77 miliar atau meningkat 49,91% secara tahunan.
""Pada kondisi Juli tahun 2026 nilai ekspor mencapai US$ 26,22 miliar atau naik sebesar 6,05% dibandingkan dengan Juli tahun 2025. Nilai ekspor migas tercatat senilai US$ 0,79 miliar atau turun sebesar 14,58%. Untuk nilai ekspor nonmigas tercatat mengalami kenaikan sebesar 6,84% dengan nilainya US$ 25,43 miliar,"" katanya dalam konferensi pers di Kantor Pusat BPS, Jakarta Pusat, Selasa (1/9/2026).
Ateng melanjutkan, surplus neraca perdagangan Juli 2026 disebabkan oleh komoditas nonmigas, terutama dari lemak dan minyak hewani nabati, bahan bakar mineral, dan besi dan baja.
""Pada Juli tahun 2026 neraca perdagangan barang mengalami surplus sebesar US$ 0,12 miliar. Surplus neraca perdagangan pada Juli 2026 disebabkan oleh surplus pada komoditas nonmigas tercatat surplus komoditas nonmigas sebesar US$ 3,10 miliar. Komoditas penyumbang surplus nonmigas terutama dari lemak dan minyak hewani nabati atau HS 15, dari bahan bakar mineral HS 27, dan juga besi dan baja HS 72,"" lanjutnya.
Sementara itu, neraca perdagangan migas Juli 2026 defisit US$ 2,98 miliar dengan komoditas penyumbang defisit terutama dari hasil minyak dan dari minyak mentah.
Lihat juga Video Pramono Paparkan APBD Jakarta Surplus Rp 3,89 T",finance,https://finance.detik.com/berita-ekonomi-bisnis/d-8643129/neraca-perdagangan-ri-surplus-us-120-juta
175,"Ratusan ribu lowongan kerja tersedia untuk pekerja migran Indonesia (PMI). Lowongan itu terbuka untuk bekerja di berbagai negara mulai dari Jepang, Korea Selatan, Eropa, dan lain-lain.
Masyarakat yang mencari peluang kerja ke luar negeri kini bisa mengandalkan kanal resmi yang disiapkan pemerintah. Saat ini telah tersedia Sistem Komputerisasi untuk Pelayanan dan Pelindungan Pekerja Migran Indonesia (SISKOP2MI) bagi warga untuk memantau lowongan kerja sekaligus mengikuti proses penempatan pekerja migran Indonesia (PMI).
Wakil Menteri Pelindungan Pekerja Migran Indonesia (P2MI) Christina Aryani mengimbau masyarakat memanfaatkan SISKOP2MI untuk mengetahui peluang kerja yang tersedia secara resmi.
""Ingin melihat peluang kerja di luar negeri, sebetulnya cara paling mudah adalah bikin account di SISKOP2MI ini dan lihatlah apa saja peluang kerja yang saat ini ada di luar negeri,"" ujar Christina dalam konferensi pers bersama Badan Komunikasi Pemerintah (Bakom) RI di kantornya, Jakarta Pusat, Rabu (2/9/2026).
Tahun ini, terdapat sekitar 289 ribu lowongan kerja luar negeri yang dapat dicek melalui kanal resmi tersebut. Peluang kerja itu tersedia pada berbagai sektor, sehingga calon PMI dapat menyesuaikan pilihan dengan keahlian dan pengalaman yang dimiliki. Lowongan yang terbuka mulai dari sektor kesehatan, industri manufaktur, konstruksi, hingga urusan hospitality.
""Lowongan yang terbagi dari berbagai sektor. Mau itu kesehatan, manufaktur, hospitality, welder, konstruksi, ABK, kelistrikan, pengelasan, dan lain-lain,"" kata Christina.
SISKOP2MI dapat diakses melalui https://siskop2mi.bp2mi.go.id. Platform ini tidak hanya berfungsi sebagai tempat mencari informasi lowongan, tetapi juga menyediakan berbagai layanan yang mendukung proses penempatan dan pelindungan PMI secara terintegrasi.
Melalui sistem ini, Christina mengatakan masyarakat dapat memperoleh informasi mengenai lowongan kerja luar negeri, melakukan pendaftaran, mengikuti proses seleksi, hingga memantau status lamaran.
Calon PMI juga dapat memanfaatkan layanan digital ini untuk memenuhi dokumen persyaratan penempatan. Proses verifikasi dan penjadwalan Orientasi Pra Pemberangkatan (OPP) juga dapat dilakukan melalui sistem, termasuk pengecekan status penyelesaian proses sebelum PMI diberangkatkan untuk bekerja.
Layanan SISKOP2MI tidak berhenti pada tahapan sebelum keberangkatan. Christina menegaskan sistem ini juga mendukung penanganan permasalahan dan pemulihan hak PMI, pendataan pengenaan sanksi administratif terhadap Perusahaan Penempatan Pekerja Migran Indonesia (P3MI), hingga penanganan kepulangan PMI secara terintegrasi.
Ketersediaan informasi melalui kanal resmi pemerintah menjadi penting di tengah risiko penipuan berkedok lowongan kerja luar negeri. Calon PMI perlu memastikan informasi pekerjaan yang diterima benar-benar dapat diverifikasi dan mengikuti prosedur penempatan yang berlaku.
Dengan memanfaatkan SISKOP2MI, lanjut Christina, masyarakat dapat terlebih dahulu mengecek apakah peluang kerja yang diminati tercantum dalam sistem resmi pemerintah. Langkah ini dapat menjadi filter awal agar calon PMI tidak tergiur tawaran pekerjaan yang tidak jelas, terutama yang meminta sejumlah uang atau dokumen pribadi tanpa prosedur yang dapat dipertanggungjawabkan.
Hati-hati Lowongan Palsu
Dia juga mengatakan saat ini pihaknya membentuk Unit Patroli Siber untuk membantu proses penurunan (takedown) konten yang berkaitan dengan lowongan kerja fiktif. Setiap tautan yang ditemukan dan dinilai berpotensi terkait dengan lowongan kerja fiktif akan diteruskan Kementerian P2MI kepada Kementerian Komunikasi dan Digital (Komdigi). Selanjutnya, tautan tersebut ditindaklanjuti melalui proses takedown.
Adapun sepanjang 1 Januari hingga 31 Agustus 2026, sebanyak 7.908 tautan telah di-takedown. Angka tersebut setara dengan 78 persen dari total 10.504 laporan yang disampaikan kepada Komdigi.
Christina juga mengingatkan masyarakat agar tidak mudah tergiur tawaran bekerja di luar negeri yang tampak terlalu mudah dan menjanjikan penghasilan besar tanpa prosedur maupun persiapan yang jelas. Menurutnya, tawaran semacam itu patut dicurigai karena dapat berujung pada keterlibatan calon pekerja dalam sindikat kejahatan di luar negeri.
""Kalau sesuatu yang terlihat terlalu mudah, nanti end up-nya bisa-bisa, di sindikatlah, di Myanmar, di Kamboja, seperti yang sering kita dengar, kita baca berulang-ulang di media massa,"" ujar Christina.
Selain melakukan patroli di ruang digital, pemerintah juga aktif mencegah keberangkatan calon pekerja migran secara nonprosedural di berbagai wilayah Indonesia.
Berdasarkan data yang disampaikan Christina, sebanyak 6.668 calon pekerja migran nonprosedural berhasil dicegah keberangkatannya sejak 2025 hingga Juli 2026. Mayoritas di antaranya dicegah di pintu-pintu perbatasan, seperti Kepulauan Riau, Kalimantan Barat, Riau, Kalimantan Utara, serta Bandara Internasional Soekarno-Hatta.
Di samping itu, sebagai bentuk perlindungan lainnya, Christina mengatakan Kementerian P2MI juga membuka kanal pengaduan bagi masyarakat yang menemukan dugaan penempatan pekerja migran bermasalah maupun mengalami persoalan saat bekerja di luar negeri.
Ia menyebutkan pengaduan dapat disampaikan melalui hotline di 0800-1000 dan 021-2924-4810, WhatsApp di 0811-8080-141, situs resmi kementerian, maupun dengan datang langsung ke Kementerian P2MI. Layanan serupa juga tersedia melalui Balai Pelayanan Perlindungan Pekerja Migran Indonesia (BP3MI) di 23 provinsi.
Tonton juga video ""Dear Job Seeker, 2 Hari Ini Lagi Ada Job Fair Nih di Jaksel""
(acd/acd)",finance,https://finance.detik.com/berita-ekonomi-bisnis/d-8645286/cek-di-sini-ada-289-ribu-lowongan-kerja-ke-luar-negeri
176,"Menteri Keuangan (Menkeu) Purbaya Yudhi Sadewa dan Ketua Dewan Komisioner Otoritas Jasa Keuangan (OJK) Friderica Widyasari Dewi menghadiri pelantikan sumpah jabatan sejumlah pejabat Gubernur Bank Indonesia (BI) hari ini. Seperti diketahui, Mahkamah Agung (MA) resmi melantik Destry Damayanti sebagai Gubernur BI, Aida S. Budiman sebagai Deputi Gubernur Senior BI, dan Solikin M. Juhro sebagai Deputi Gubernur BI.
Menteri Keuangan Purbaya Yudhi Sadewa mengatakan koordinasi antara pemerintah dengan bank sentral seharusnya akan lebih bagus ke depan. Terlebih, rekam jejak Destry sempat menjabat sebagai anggota Dewan Komisioner Lembaga Penjamin Simpanan (LPS) yang dinilai membuat keduanya cukup dekat.
""Ke depannya harusnya bakal lebih baguslah. Kan Bu Destry sebelumnya juga pernah di Dewan Komisioner LPS. Jadi saya cukup dekat dengan beliau, sehingga saya rasa kebijakannya lebih sinkron, lebih sinergi,"" ujar Purbaya di Gedung MA, Jakarta Pusat, Rabu (2/9/2026).
Purbaya berseloroh untuk meminta traktir kepada Destry karena resmi mengemban jabatan baru. Namun, Purbaya mengakui ada kekurangan di masa lalu, seperti keterlambatan atau kelalaian dalam menilai kondisi likuiditas sistem perekonomian secara akurat. Oleh karena itu, instrumen dan tools pengawasan tersebut perlu dipertajam agar mampu membaca kondisi riil di lapangan secara lebih tepat guna menjaga stabilitas perbankan.
""Seperti kemarin-kemarin saya, termasuk saya, lalai, terlambat menilai kondisi likuiditas sistem perekonomian ketika kita pakai alat-alat yang ada, per-NCD, alat likuid, per-NCD, per-deposito itu katanya bagus, tapi untuk saya stabil terus, walaupun perbankannya lagi goncang. Jadi, itu mesti kita perbaiki. Itu antara yang mesti kita perbaiki. Jadi, kita ingin mengembangkan tools-tools yang betul-betul melihat riil kondisi di lapangan,"" beber Purbaya.
Sementara itu, Ketua Dewan Komisioner Otoritas Jasa Keuangan (OJK) Friderica Widyasari Dewi mengucapkan selamat atas jabatan yang baru diemban oleh ketiga pejabat BI yang dilantik hari ini. Menurut Kiki, ketiganya bukan sosok baru di perbankan. Bahkan menurutnya, mereka merupakan sosok yang mumpuni.
""Jadi harapan kita koordinasi semakin baik, sinergi semakin baik antara OJK dengan Bank Indonesia dan juga dalam kerangka KSSK bersama dengan Menteri Keuangan dan juga LPS supaya kita sama-sama deh menjaga stabilitas sistem keuangan di Indonesia,"" ujar wanita yang akrab disapa Kiki.
Kiki menjelaskan bentuk sinergi yang diutamakan adalah koordinasi kebijakan yang erat untuk mencegah terjadinya kebijakan yang saling bertentangan dengan tetap menghormati independensi serta porsi kewenangan masing-masing lembaga, seperti OJK, BI, Kemenkeu, dan LPS demi menjaga stabilitas sistem keuangan nasional.
""Terus kemudian program-program lain banyak sekali yang bisa kita kerjasamakan dengan Bank Indonesia. Selain conflicting policy itu juga program-program yang selain itu sangat baik, sudah terjalin antara OJK dengan Bank Indonesia. Misalnya nanti kita ngembangin UMKM bisa semakin baik, kemudian di daerah dan lain-lain. Jadi saya senanglah harapannya dengan Bu Destry dan kawan-kawan,"" bebernya.
Tonton juga video ""Tok! DPR Tetapkan Destry Damayanti Jadi Gubernur BI 2026-2031""
(rea/ara)",finance,https://finance.detik.com/berita-ekonomi-bisnis/d-8645413/destry-damayanti-sah-jadi-gubernur-bi-ini-harapan-purbaya-dan-bos-ojk
177,"Menteri Keuangan (Menkeu), Purbaya Yudhi Sadewa, mengaku optimistis pertumbuhan ekonomi Indonesia bisa menembus 6% tahun 2027. Hal tersebut menjadi target dari Rancangan Anggaran Pendapatan dan Belanja Negara (RAPBN) 2027.
Purbaya mengatakan, pemerintah berkomitmen untuk menjaga APBN menjadi lebih sehat dan berkelanjutan sebagaimana tertuang dalam RAPBN 2027. Dalam rancangan tersebut, pemerintah menetapkan pendapatan negara sebesar Rp 3.426,03 triliun atau tumbuh sekitar 6,79% dari APBN tahun sebelumnya.
Kemudian untuk belanja negara dianggarkan sebesar Rp 4.097,19 triliun dengan defisit sebesar 2,40% terhadap Produk Domestik Bruto (PDB). Menurutnya, postur RAPBN ini mencerminkan keberlanjutan untuk mendukung akselerasi pembangunan.
""Dengan strategi ekonomi yang tepat dan kebijakan fiskal yang prudent dan sustainable, pemerintah optimis perekonomian Indonesia pada tahun 2027 mampu tumbuh 6%, dengan inflasi terjaga pada level 2,5%,"" ungkap Purbaya dalam Raker bersama Komisi XI DPR di Kompleks Parlemen, Senayan, Jakarta, Selasa (9/1/2026).
| Baca juga: Alasan Prabowo Tolak Utang IMF | 
Namun untuk mencapai pertumbuhan sebesar 6%, Purbaya mengakui perlu ada akselerasi investasi. Setidaknya investasi harus tumbuh sekitar 7% untuk mendorong target pertumbuhan ekonomi tersebut.
Target pertumbuhan ekonomi dan investasi ini juga butuh kolaborasi Kementerian Keuangan dengan sejumlah lembaga negara lainnya, seperti Badan Pengelola Investasi (BPI) Daya Anagata Nusantara (Danantara) hingga swasta. Selain itu, pemerintah juga akan mendorong stabilitas makro ekonomi untuk menjaga kepercayaan investor.
""Target ini akan dicapai melalui kolaborasi pemerintah, swasta, dan Danantara. Investasi pemerintah sebagai katalisator bagi investasi swasta sebagai motor penggerak utama investasi. Sementara Danantara akan berkontribusi investasi, terutama di sektor strategis dan hilirisasi,"" jelasnya.
Dengan stabilitas perekonomian yang terjaga, Purbaya mengatakan suku bunga surat berharga negara (SBN) juga diperkirakan akan stabil pada posisi 6,9%. Hal tersebut mencerminkan kepercayaan investor global terhadap ekosistem investasi di Indonesia.
Kondisi ini juga secara otomatis akan mendorong stabilitas mata uang rupiah. Dalam RAPBN 2027 sendiri, terang Purbaya, pemerintah telah menetapkan kisaran level pada posisi Rp 17.500/US$.
Sementara untuk Indonesian Crude Price (ICP) diperkirakan ada di level US$ 75 per barel. Hal tersebut terjadi karena tekanan ekonomi global yang tinggi, khususnya pada kawasan Timur Tengah.
""Perlu kami sampaikan, untuk asumsi ICP dan lifting minyak gas telah dibahas bersama Komisi XII DPR RI dan Kementerian Lembaga terkait. Yang hasilnya untuk ICP tetap US$ 75 per barel, dan lifting minyak menjadi 612,5 ribu barel per hari. Sementara lifting gas tetap 954 ribu barel setara minyak per hari,"" pungkasnya.
Tonton juga video ""Banggar Tagih Profil Utang Pemerintah, Purbaya: DPR Mau Minta Kapan?""
(acd/acd)",finance,https://finance.detik.com/berita-ekonomi-bisnis/d-8643646/purbaya-pede-bisa-genjot-ekonomi-6-tahun-depan
178,"Badan Pusat Statistik (BPS) mencatat jumlah kunjungan wisatawan mancanegara (wisman) ke Indonesia mencapai 8,53 juta kunjungan pada periode Januari-Juli 2026. Pada Juli, jumlah kunjungan wisman mencapai 1,52 juta.
Deputi Bidang Statistik Distribusi dan Jasa BPS, Ateng Hartono mengatakan pada Juli 2026, jumlah wisman yang mengunjungi Indonesia mencapai pintu masuk utama sebanyak 1.362.812 kunjungan. Sementara wisman yang masuk melalui pintu masuk perbatasan tercatat sebanyak 162.225 kunjungan.
""Secara total, jumlah kunjungan wisman sebanyak 1,52 juta atau naik 9,99% secara bulanan nya. Sedangkan secara tahunan naik sebesar 2,95%,"" ujar Ateng dalam konferensi pers di kantornya, Jakarta Pusat, Selasa (1/8/2026).
Pada periode Januari hingga Juli tahun 2026 total kunjungan wisman mencapai 8,98 juta kunjungan meningkat 5,23% jika dibandingkan dengan periode yang sama di 2025. Menurut Ateng, capaian kunjungan wisman secara kumulatif ini merupakan capaian tertinggi sejak 2020.
""Capaian kunjungan wisman Januari sampai Juli tahun 2026 ini merupakan capaian tertinggi sejak tahun 2020 atau sebelum terjadinya kondisi pandemi Covid,"" tambahnya.
Berdasarkan negara asal paspor, wisatawan Malaysia berkontribusi menjadi kunjungan terbesar dengan porsi 15% dari total kunjungan wisman atau mencapai 228,71 ribu kunjungan.
Lalu, wisatawan asal Australia dengan 188,25 ribu kunjungan. Posisi berikutnya, wisatawan asal China dengan 156,75 ribu kunjungan.
Jika dilihat berdasarkan pintu masuk utama, Bandara Internasional I Gusti Ngurah Rai menjadi pintu masuk dengan kunjungan terbanyak, disusul oleh Bandara Soekarno-Hatta.
Lihat juga Video: Kala Ratusan Turis Asing Kunjungi Gereja Merah Probolinggo",finance,https://finance.detik.com/berita-ekonomi-bisnis/d-8643374/1-52-juta-turis-asing-serbu-ri-di-juli-didominasi-malaysia-australia
179,"Harga emas Antam jatuh sangat dalam dan melanjutkan tren pelemahan sejak akhir pekan kemarin. Harga emas Antam 24 karat hari ini ambruk hingga Rp 40.000 per gram berada di level Rp 2.624.000 per gram.
Berdasarkan situs Logam Mulia Antam, Rabu (2/9/2026), satuan harga emas hari ini yang terkecil ukuran 0,5 gram berada di angka Rp 1.362.000. Sementara harga emas 10 gram dijual dengan harga Rp 25.735.000 dan ukuran emas terbesar yakni 1.000 gram (1 kg) dibanderol Rp 2.564.600.000.
Jika ditarik dalam sepekan terakhir, harga emas Antam berada dalam rentang Rp 2.624.000-2.723.000 per gram. Begitu juga dalam sebulan terakhir, harga emas Antam bergerak dalam rentang Rp 2.599.000-2.768.000 per gram.
Buyback
Harga emas hari ini untuk buyback emas Antam juga mengalami penurunan hingga Rp 40.000 per gram dan kini berada di level Rp 2.477.000 per gram. Harga buyback adalah jika Anda ingin menjual emas, maka Antam akan membelinya dengan harga tersebut.
Sesuai Peraturan Menteri Keuangan (PMK) Nomor 34 Tahun 2017, pembelian emas batangan akan dikenakan PPh 22 sebesar 0,9%. Jika ingin mendapatkan potongan pajak lebih rendah sebesar 0,45%, harus menyertakan NPWP untuk transaksinya.
Rincian Harga Emas Hari Ini
Harga emas 0,5 gram: Rp 1.362.000
Harga emas 1 gram: Rp 2.624.000
Harga emas 2 gram: Rp 5.188.000
Harga emas 3 gram: Rp 7.757.000
Harga emas 5 gram: Rp 12.895.000
Harga emas 10 gram: Rp 25.735.000
Harga emas 25 gram: Rp 64.212.000
Harga emas 50 gram: Rp 128.345.000
Harga emas 100 gram: Rp 256.612.000
Harga emas 250 gram: Rp 641.265.000
Harga emas 500 gram: Rp 1.282.320.000
Harga emas 1.000 gram: Rp 2.564.600.000
Demikian rincian harga emas hari ini keluaran Antam 0,5 gram hingga 1.000 gram, Rabu (2/9/2026).
Lihat juga Video: Harga Emas Antam Ambruk Hari Ini
(acd/acd)",finance,https://finance.detik.com/berita-ekonomi-bisnis/d-8644525/harga-emas-antam-hari-ini-jatuh-hingga-rp-40-000-per-gram
180,"Badan Pusat Statistik (BPS) melaporkan komoditas beras menyumbang inflasi pada Agustus 2026. Tercatat, beras mengalami inflasi bulanan (month to month) sebesar 0,42% dengan andil terhadap inflasi sebesar 0,02%.
Deputi Bidang Statistik Distribusi dan Jasa BPS Ateng Hartono mengatakan inflasi beras disebabkan oleh produksi padi di lapangan. Secara historis, Agustus memang mulai memasuki fase transisi setelah melewati puncak panen raya.
""Inflasi beras juga ini dipengaruhi terutama oleh faktor distribusi beras ke pasarnya. Terutama pada beberapa wilayah di Indonesia kan ada sentra produksinya, ada juga yang non-sentra produksinya,"" ujar Ateng dalam konferensi pers di kantornya, Jakarta Pusat, Selasa (1/9/2026).
Selain itu, Ateng menjelaskan adanya penurunan potensi luas panen dan produksi beras pada Agustus 2026. Pasokan gabah dan beras harian yang masuk ke penggilingan pada periode ini juga cenderung lebih terbatas jika dibandingkan dengan saat puncak panen raya lalu.
Potensi luas panen pada Agustus sampai dengan Oktober 2026 diperkirakan mencapai 3,07 juta hektare (ha) atau turun 0,04 juta ha jika dibandingkan dengan periode yang sama pada tahun sebelumnya. Dengan demikian, luas panen padi pada periode Januari-Oktober 2026 diperkirakan mencapai 10,31 juta ha atau naik 0,01% jika dibandingkan dengan periode yang sama 2025.
""Angka proyeksi-proyeksi kumulatif hingga Oktober berada dalam kondisi relatif aman ya, pasokan untuk yang gabah beras harian yang masuk ke penggilingan pada periode ini cenderung lebih terbatas jika dibandingkan dengan pada saat terjadinya puncak panen,"" beber Ateng.
| Baca juga: RI Ekspor Beras ke Malaysia! | 
Lebih lanjut, rata-rata harga beras di tingkat penggilingan, grosir, dan juga di tingkat eceran naik secara bulanan. Rata-rata harga beras di penggilingan pada Agustus 2026 mencapai Rp 14.213. Rata-rata harga beras di penggilingan pada Agustu 2026 secara total naik 1,32% secara bulanan dan 5,52% secara tahunan.
Jika dilihat dari kualitas beras di penggilingan, maka untuk beras premium naik 1,22% secara bulanan dan secara tahunan naik 10,07%. Sedangkan untuk beras medium secara bulanan naik 1,48%, secara tahunan naik 4,03%.
""Jadi secara year-on-year untuk beras premium kenaikannya lebih tinggi dibandingkan dengan beras medium,"" tambah Ateng.
Selanjutnya inflasi beras tingkat grosir terjadi inflasi sebesar 0,80% secara bulanan dan terjadi inflasi sebesar 4,28% secara tahunan. Sementara, inflasi beras di tingkat eceran, secara bulanan sebesar 0,42% dan secara tahunan sebesar 2,77%.
Tonton juga video ""Cerita Iqbal, Ojol Disabilitas di Medan yang Masuk Desil 6-10""
(rea/ara)",finance,https://finance.detik.com/berita-ekonomi-bisnis/d-8643622/bps-ungkap-harga-beras-naik-gegara-luas-lahan-produksi-turun
181,"Pertumbuhan sektor pariwisata, hospitality, dan kuliner di Bali membuka peluang besar bagi perkembangan industri makanan dan minuman (F&B). Seiring meningkatnya aktivitas bisnis di sektor tersebut, kebutuhan terhadap bahan baku, teknologi, peralatan, hingga berbagai solusi pendukung industri F&B juga terus berkembang.
Berdasarkan data Badan Pusat Statistik (BPS), ekonomi Bali pada Triwulan II 2026 tumbuh 6,91 persen. Sektor penyediaan akomodasi dan makan minum masih menjadi penyumbang terbesar dalam struktur perekonomian Bali dengan kontribusi 21,91 persen. Secara tahunan, ekonomi Bali juga tumbuh 5,78 persen.
Kondisi tersebut menjadi salah satu momentum yang mendorong Krista Exhibitions Group kembali menghadirkan Bali Interfood 2026. Pameran industri makanan dan minuman ini memasuki penyelenggaraan ke-7 dan akan berlangsung pada 2-4 September 2026 di Bali Nusa Dua Convention Center (BNDCC), Nusa Dua, Bali.
Bali Interfood 2026 menghadirkan berbagai kebutuhan industri makanan dan minuman, mulai dari bahan baku, bakery dan pastry, kopi, wine & spirit, horeca, jasa boga, peralatan pengolahan, hingga teknologi serta solusi pengemasan.
Kehadiran berbagai produk dan teknologi tersebut menjadi kesempatan bagi pelaku usaha untuk melihat perkembangan terbaru sekaligus menemukan solusi yang sesuai dengan kebutuhan bisnis mereka.
Selain Bali Interfood 2026, rangkaian pameran tahun ini juga menghadirkan Bali Hotel & Tourism, Bali Coffee Expo, Bali Wine & Spirit, serta Bakery Indonesia Expo 2026. Kolaborasi berbagai pameran dalam satu lokasi diharapkan dapat memperluas peluang pertemuan antara produsen, distributor, buyer, hotel dan restoran, pelaku usaha kuliner, hingga penyedia teknologi.
CEO Krista Exhibitions Daud D. Salim mengatakan, Bali Interfood 2026 menjadi wadah bagi pelaku usaha untuk memperkenalkan produk, membangun jejaring, serta mendapatkan informasi mengenai perkembangan terbaru industri makanan dan minuman.
""Bali memiliki potensi yang besar karena pariwisata, hotel, restoran, dan usaha makanan dan minuman berkembang secara bersamaan. Kami ingin menjadikan Bali Interfood sebagai tempat bagi pelaku usaha untuk memperkenalkan produk, bertemu dengan calon mitra, dan mendapatkan informasi mengenai perkembangan terbaru di bidang makanan dan minuman,"" ujarnya dalam keterangan tertulis, Senin (31/8/2026).
Bali Interfood 2026 diikuti oleh 110 peserta, termasuk 35 UMKM, dengan target sebanyak 15.000 pengunjung. Peserta yang hadir berasal dari delapan negara, yaitu China, Indonesia, Malaysia, Thailand, Singapura, Vietnam, Jepang, dan Prancis.
Kehadiran peserta internasional tersebut memberikan kesempatan bagi pelaku industri untuk melihat berbagai produk serta perkembangan terbaru dari pasar global. Tidak hanya menghadirkan pameran produk dan teknologi, Bali Interfood 2026 juga menghadirkan berbagai program edukasi, kompetisi, dan networking bagi pelaku industri.
Salah satu program unggulan yang hadir adalah Gelato World Cup Indonesian Selection yang berlangsung selama tiga hari. Pengunjung dapat menyaksikan kompetisi serta mengikuti berbagai workshop gelato, seperti Gelato Workshop Coconut Mango Dessert, Mixologist Workshop Morello Cherry Gelato, Gelato Competition, hingga Gelato Workshop Blood Orange Sorbet.
Selain itu, pengunjung juga dapat mengikuti berbagai sesi inspiratif, mulai dari Cinnamon Roll bersama Chef Fajri Winarno, Dimsum Keju Lumer & Ghyong Chilli Oil bersama Chef Lucky R Katili, Bali Beans Manual Brew Class bersama Barista I Made Galih Kresnadana, hingga demo Mie Goreng Lada Hitam dan Kwetiau Goreng Olive Vegetable bersama Chef Ugay.
Di area Business Matching Room, Bali Interfood 2026 menghadirkan berbagai program networking yang mempertemukan pelaku industri Ho.Re.Ca.Ba (Hotel, Restaurant, Café, dan Bakery) dengan supplier serta exhibitor.
Melalui program seperti Ngopi Darat with Purchasing & Supplier Ho.Re.Ca.Ba Bali, Coffee Morning with APKRINDO & APRINDO Bali, Afternoon Tea with IKABOGA & PHRI Bali, serta Meetup with Bali Restaurant Café Associations, pelaku usaha dapat memperluas peluang sourcing dan menjajaki kerja sama baru.
Selain mempertemukan pelaku bisnis, Bali Interfood 2026 juga menghadirkan program peningkatan kompetensi melalui Krista Training Center by IKABOGA. Program ini menyediakan Sertifikasi BNSP untuk berbagai bidang, seperti Chef de Partie, Demi Chef, Baker, Commis Pastry, hingga RCC (Perpanjangan Masa Berlaku Sertifikat).
Sementara itu, IPBI Competition Area akan menghadirkan berbagai kompetisi dan workshop bagi profesional bidang kuliner dan hospitality, termasuk Fruit Carving Competition, Table Setting Into the Sea Competition, Flower Table Decoration Workshop, serta panel diskusi bertajuk ""Rethinking Food Waste: How Hospitality Can Do It Better"".
Penyelenggaraan Bali Interfood 2026 turut didukung oleh berbagai kementerian, pemerintah daerah, asosiasi, institusi pendidikan, serta organisasi profesi dan industri yang bergerak di sektor makanan, minuman, pariwisata, dan hospitality.
Ajang ini mengundang pelaku bisnis, buyer dan importir, distributor, pelaku usaha hotel, restoran, kafe, catering (HORECA), retail modern maupun tradisional, franchise, produsen bahan baku, hingga investor yang ingin memperluas jaringan bisnis.
Para pengunjung dapat melakukan registrasi secara online melalui website resmi Bali Interfood 2026. Registrasi juga tersedia secara langsung selama penyelenggaraan acara. Tiket masuk dikenakan sebesar Rp100.000 dan berlaku untuk akses selama tiga hari pameran.
Melalui penyelenggaraan Bali Interfood 2026, Krista Exhibitions berharap ajang ini dapat menjadi ruang kolaborasi bagi pelaku industri F&B dan hospitality untuk bertukar informasi, memperluas jaringan, serta membuka peluang kerja sama baru dalam mendukung pertumbuhan industri kuliner di Bali.
(akn/ega)",finance,https://finance.detik.com/berita-ekonomi-bisnis/d-8642460/110-peserta-dari-8-negara-siap-ramaikan-bali-interfood-2026
182,"Menteri Keuangan (Menkeu) Purbaya Yudhi Sadewa menyampaikan sikap pemerintah pusat atas wacana penerbitan obligasi (bonds) oleh sejumlah daerah, termasuk yang paling gencar saat ini adalah Provinsi Jakarta.
Menurutnya daerah seperti Jakarta pada dasarnya sudah memiliki kondisi keuangan yang sangat memadai. Sehingga rencana penerbitan surat utang atau obligasi daerah ini belum mendesak untuk dilakukan.
""Saya belum tahu daerah mana yang akan mengeluarkan, mungkin yang paling depan Jakarta katanya mau mengeluarkan. Tapi Jakarta nggak perlu juga keluarkan bonds, uangnya kebanyakan,"" kata Purbaya dalam acara Sarasehan 100 Ekonom Indonesia 2026 di Hotel Kempinski, Jakarta Pusat, Kamis (3/9/2026).
Di sisi lain, pemerintah pusat juga masih sangat berhati-hati dalam memberikan izin penerbitan obligasi daerah. Hal ini untuk menjaga stabilitas ekonomi nasional dan mencegah risiko gagal bayar.
""Kalau tidak hati-hati, kita bisa seperti Brazil atau Argentina, waktu itu Brazil kalau nggak salah. Ketika daerahnya nggak bisa bayar, akhirnya yang bayar pusat juga dan akhirnya goncang semua perekonomiannya,"" ujar Purbaya.
Alih-alih menerbitkan surat utang daerah, Purbaya lebih menyarankan kepada Pemda yang benar-benar membutuhkan dana untuk pembangunan infrastruktur mulai memanfaatkan opsi pinjaman kepada PT Sarana Multi Infrastruktur (Persero) atau PT SMI.
""Untuk memberi jalan keluar kepada daerah yang ingin membangun infrastruktur betul, kami menyediakan dana lewat PT SMI. Jadi daerah bisa pinjam ke PT SMI selama berapa tahun, nanti bayar untuk bangun infrastruktur yang betul ya,"" tegasnya.
Selain mengurangi risiko gagal bayar oleh Pemda jika menerbitkan surat utang, dengan mekanisme pinjaman dana kepada PT SMI, proses pengembalian pinjaman tersebut nantinya bisa langsung dipotong secara bertahap dari dana Transfer ke Daerah (TKD).
""Nanti bayarannya dipotong dari sebagian transfer pemerintah ke daerah. Sehingga yang terjadi adalah uang ke daerah disalurkan tapi betul-betul jadi barangnya,"" tutur Purbaya.
Belum lagi, menurutnya PT SMI juga memiliki standar penilaian proyek yang sama ketat dan profesional layaknya sektor swasta. Sehingga pinjaman yang diberikan bisa dengan efektif digunakan untuk pembangunan daerah.
""Kita tahu PT SMI cukup profesional, dia menilai dengan teliti, dia profesional swasta lah kira-kira dengan teliti proyek-proyek yang dia jalankan. Jadi itu kita harapkan dengan approach seperti itu daerah tidak kekurangan dana untuk membangun infrastruktur di daerahnya,"" pungkasnya.
Simak juga Video Markus: UU Obligasi Daerah Jadi Solusi Pemda 'Kering' Akibat Efisiensi",finance,https://finance.detik.com/berita-ekonomi-bisnis/d-8646725/bukan-terbitkan-surat-utang-purbaya-sarankan-pemda-pinjam-dana-dari-sini
183,"Angkasa Pura Indonesia buka suara soal Menteri Kehutanan Raja Juli Antoni yang sempat gagal melakukan pendaratan di Kalimantan Barat (Kalbar) akibat kondisi asap. Menurut Angkasa Pura, keselamatan penerbangan memang menjadi pertimbangan utama dalam proses pendaratan pesawat.
Direktur Utama Angkasa Pura, Mohammad Rizal Pahlevi mengatakan, maskapai memiliki standar terkait jarak pandang pilot atau visibility menuju landasan. Jika pandangan pilot terhalang dan tidak memenuhi standar keselamatan, pendaratan akan dibatalkan.
""Airline itu punya standarisasi untuk visibility dari pandangan pilot atau kokpit ke runway, ke landasan.Selama itu ada pandangan yang terhalang untuk alasan keselamatan pasti dibatalkan,"" kata Rizal saat ditemui di kompleks DPR RI Senayan, Jakarta, Kamis (3/9/2026).
Selain di Kalimantan,Rizal mengatakan kondisi asap masih terpantau memengaruhi penerbangan di Palangkaraya. Sementara, Medan yang sebelumnya terdampak kini sudah kembali normal.
""Yang sekarang sedang ada asap ya, di Palangkaraya dan Medan kemarin.Tapi Medan sudah kembali normal,"" tuturnya.
Sementara itu, kondisi di Pekanbaru sejauh ini tidak terdampak asap. Rizal mengatakan kondisi tersebut dipengaruhi hembusan angin berdasarkan pemantauan BMKG.
""Nah kalau Pekanbaru saya pantau karena tiupan hembusan angin dari BMKG sehingga pekan baru so far tidak terdampak.Kita kami berkoordinasi dengan BMKG untuk memastikan keselamatan jalur udara di Indonesia,"" ujar Rizal.
Sebelumnya, Raja bersama rombongan dilaporkan gagal mendarat di Bandara Supadio, Pontianak, Kalimantan Barat. Penyebabnya adalah kabut asap tebal dampak kebakaran hutan dan lahan (karhutla) yang menyelimuti Kalbar.
""Di tempat kita ini beliau batal datang karena kabut asap dan jarak pandang hanya bisa 100 meter saja. Sehingga pesawat tidak berani untuk landing,"" kata Wakil Gubernur Kalimantan Barat Krisantus Kurniawan di Pontianak, dilansir Antara.
(acd/acd)",finance,https://finance.detik.com/berita-ekonomi-bisnis/d-8647306/angkasa-pura-buka-suara-soal-pesawat-menhut-gagal-mendarat-gegara-asap
184,"Presiden Prabowo Subianto menagih agar negara-negara Eurasia yang tergabung dalam Eurasian Economic Union (EAEU) segera melakukan ratifikasi atau adopsi aturan perjanjian dagang bebas (Free Trade Agreement/FTA) yang diteken akhir tahun 2025 lalu.
FTA menurutnya sudah ditandatangani di St. Petersburg pada 21 Desember 2025 oleh Indonesia, Armenia, Belarusia, Kazakhstan, Kirgizstan, dan Rusia. Agar perjanjian dagang itu bisa berjalan maka setiap negara perlu melakukan ratifikasi.
Indonesia telah menyelesaikan persetujuan parlemen untuk ratifikasi perjanjian FTA ini. Pada Juli lalu, dirinya juga sudah meneken Peraturan Presiden soal ratifikasi perjanjian dagang yang potensi ekonominya besar itu.
""Indonesia ingin perjanjian ini segera berlaku dan digunakan segera setelah pertukaran notifikasi memungkinkan. Saya dengan hormat meminta setiap negara anggota EAEU untuk menyelesaikan prosedur internal masing-masing agar kita dapat memanfaatkan perjanjian ini sesegera mungkin,"" ungkap Prabowo dalam pidatonya di Eastern Economic Forum di Vladivostok, Rusia, Kamis (3/9/2026).
Lewat perjanjian dagang tersebut, Prabowo bilang Indonesia dan semua negara yang ikut meneken perjanjian berkomitmen untuk menghapus atau mengurangi bea masuk untuk 11.882 pos tarif, atau lebih dari 90% dari seluruh barang yang diperdagangkan di kawasan.
""Perjanjian ini merupakan arsitektur perdagangan South-South. Perjanjian ini membuka lima pasar bagi produsen Indonesia dan memberikan produsen Eurasia akses kepada lebih dari 290 juta konsumen Indonesia,"" sebut Prabowo.
Bahkan, Prabowo bilang dirinya mengajak delegasi pebisnis Indonesia untuk, menetapkan pembeli, memastikan logistik, dan menyelesaikan pengaturan pembayaran dengan para mitranya di Eurasia.
""Saya menginginkan ketika jadwal tarif mulai berlaku, barang, rute, dan kontrak sudah tersedia. Forum ini harus menjadi pasar bagi perjanjian tersebut,"" ujar Prabowo.
Tonton juga video ""Prabowo ke Putin: RI Tingkatkan Kerja Sama demi Keuntungan Kedua Negara""
(hal/ara)",finance,https://finance.detik.com/berita-ekonomi-bisnis/d-8646872/prabowo-tagih-negara-eurasia-ratifikasi-perjanjian-dagang
185,"Ketidaksesuaian kualifikasi atau mismatch antara kemampuan angkatan kerja dengan kebutuhan industri masih menjadi persoalan. Namun, Menteri Ketenagakerjaan (Menaker) Yasierli menilai fenomena ini tak hanya terjadi di Indonesia.
Guru Besar Institut Teknologi Bandung (ITB) itu menyebut kebutuhan skill di sektor industri bergerak sangat cepat seiring masifnya disrupsi kecerdasan buatan (AI) hingga otomasi.
""Kalau mismatch itu kan tantangan yang sudah lama, jadi tidak hanya di Indonesia, hampir di semua negara. Apalagi ketika di industri sendiri selalu terjadi perubahan terkait proses mereka, disrupsi AI, otomasi dan seterusnya. Jadi, memang di satu sisi tuntutan dari industri terkait dengan kebutuhan skill, pekerja itu semakin cepat berubah,"" kata Yassierli di kompleks DPR RI Senayan, Jakarta Pusat, Rabu (2/9/2026).
Dalam hal ini, institusi pendidikan melalui dukungan pemerintah harus terus beradaptasi agar jurang mismatch bisa ditekan. Dalam menghadapi masalah tersebut, pemerintah meluncurkan program prioritas berupa pemagangan nasional dan pelatihan vokasi nasional.
""Dan di lain sisi kita harus dari institusi pendidikan dan tentu didukung pemerintah kita harus terus melakukan penyesuaian agar mismatch yang tadi disebutkan tidak terjadi.Program pemerintah pemagangan nasional, vokasi nasional, tujuannya mengurangi mismatch tadi. Pemagangan untuk lulusan perguruan tinggi, pelatihan vokasi untuk lulusan SMA dan SMK,"" bebernya.
Magang nasional menyasar 150 ribu lulusan perguruan tinggi, sementara pelatihan vokasi menyasar 270 ribu lulusan SMA dan SMK. Skema ini disiapkan agar peserta bisa meningkatkan kompetensi maupun mengantongi pengalaman kerja.
""Targetnya besar, walaupun belum menjawab jumlah total semua angkatan kerja yang baru. Jadi kalau pemagangan 150 ribu, vokasi 270 ribu, itulah yang sekarang bagaimana negara hadir. Kita ingin yang lulus SMK bisa meningkatkan kompetensi, lulusan perguruan tinggi mendapatkan pengalaman di tempat kerja,"" imbuhnya.
Yasierli menambahkan, hasil evaluasi sementara menunjukkan perkembangan yang positif. Pemerintah pun berkomitmen terus membenahi program ini demi memperbesar peluang penyerapan tenaga kerja di industri.
(ily/ara)",finance,https://finance.detik.com/berita-ekonomi-bisnis/d-8645642/menaker-buka-suara-soal-skill-nggak-sesuai-kebutuhan-bikin-sulit-cari-kerja
186,"Menteri Keuangan (Menkeu) Purbaya Yudhi Sadewa mengatakan Danantara akan menyerahkan pengelolaan utang proyek Kereta Cepat Jakarta-Bandung atau Whoosh ke Kementerian Keuangan pada pertengahan bulan ini. Penyerahan tersebut akan dilakukan oleh COO BPI Danantara Dony Oskaria.
""Kita tunggu nanti pertengahan bulan ini Pak Dony akan menyerahkan ke saya,"" ujar Purbaya saat ditemui di Kompleks DPR RI, Jakarta, Rabu (2/8/2026).
Terkait skema penyelesaian utangnya, Purbaya mengatakan saat ini masih dalam tahap pembahasan. Begitu juga soal dua Badan Layanan Umum (BLU) atau Special Mission Vehicle (SMV) di bawah Kemenkeu yang nantinya akan dilibatkan dalam proses tersebut.
Ia mengatakan pihaknya telah menyiapkan dua SMV tersebut. Namun, Purbaya belum dapat mengungkapkan identitas kedua SMV tersebut.
""Belum, lagi digodok dan belum bisa diumumkan sekarang, tapi udah siap semua,"" katanya.
Sebagai informasi, PT Pilar Sinergi BUMN Indonesia (PSBI) konsorsium BUMN yang memegang 60% saham di KCIC. Dengan adanya rencana pengambilalihan itu, maka saham tersebut akan berada di bawah Kemenkeu.
Lantas bagaimana nasib PSBI setelah proses pengalihan saham ini?
Kepala Badan Pengaturan (BP) BUMN sekaligus COO Danantara, Dony Oskaria membenarkan bahwa kepemilikan saham BUMN akan dialihkan ke Kementerian Keuangan.
""Iya, konsorsium kita, kan? Yang BUMN, kan? Iya, dialihkan, dihibahkan,"" ujar Dony saat ditemui di Gedung DPR, Jakarta, Selasa (18/8/2026).
Saat ditanya apakah dengan pengalihan ini maka PSBI akan dihentikan, Dony tidak menjawabnya dengan lugas. Ia hanya mengatakan saham PSBI akan lebih dulu dialihkan. Dan yang terpenting kata Dony adalah proses pengalihan tersebut dapat diselesaikan dengan baik. Dengan begitu persoalan utang ini bisa segera rampung.
""Dialihkan dulu prosesnya. Yang penting selesai. Ingin nggak selesai? Kan bagus,"" katanya.
Tonton juga video ""Kebut Restrukturisasi, Danantara Kini Sudah Tutup 290 BUMN""
(hrp/fdl)",finance,https://finance.detik.com/berita-ekonomi-bisnis/d-8645252/danantara-serahkan-utang-kereta-cepat-ke-kemenkeu-pertengahan-bulan-ini
187,"Direktorat Jenderal Perhubungan Udara (Ditjen Hubud) Kementerian Perhubungan menerima laporan terkait insiden pecah ban pesawat Garuda Indonesia GA604 dengan registrasi PK-GFS, tipe Boeing 737-800, rute Bandar Udara Internasional Soekarno-Hatta (CGK)-Bandar Udara Internasional Sultan Hasanuddin (UPG) pada Kamis (3/9).
Dirjen Hubud, Lukman F. Laisa, menjelaskan dalam laporan yang diterima insiden bermula pada pukul 05.52 WIB saat Tower JATSC Bandar Udara Internasional Soekarno-Hatta atau Soetta memberikan informasi kepada Pilot in Command (PIC) bahwa setelah airborne diketahui roda utama (main wheel) nomor 3 mengalami pecah ban.
Kemudian pada pukul 06.04 WIB, PIC berkoordinasi melalui komunikasi Ground to Air (GTA) dan memutuskan untuk melanjutkan penerbangan menuju Bandar Udara Internasional Sultan Hasanuddin.
Selanjutnya, koordinasi dilakukan ke Bandar Udara Internasional Sultan Hasanuddin guna antisipasi potensi runway blocked pada saat maupun setelah pesawat melakukan pendaratan, serta menyiapkan langkah penanganan pada saat pendaratan.
Pesawat GA604 kemudian mendarat dengan selamat di landas pacu 03 Bandar Udara Internasional Sultan Hasanuddin pada pukul 09.13 WITA. Setelah pendaratan, runway ditutup sementara melalui NOTAM Nomor A3284/26 untuk memastikan keselamatan operasional dan dilakukan penanganan terhadap pesawat.
Lebih lanjut, Ditjen Hubud melalui Kantor Otoritas Bandar Udara Wilayah V Makassar berkoordinasi dengan Tim Teknik Garuda Indonesia dan GMF AeroAsia. Berdasarkan hasil pemeriksaan awal, ditemukan adanya pecah ban pada main wheel nomor 3.
Pesawat kemudian dilakukan towing dari runway menuju parking stand untuk selanjutnya menjalani pemeriksaan lebih lanjut dan proses perbaikan, termasuk penggantian main wheel. Sebanyak 141 penumpang dan 8 awak pesawat telah ditangani dengan mengutamakan keselamatan dan keamanan sesuai ketentuan yang berlaku.
""Direktorat Jenderal Perhubungan Udara mengapresiasi respons cepat dan koordinasi intensif yang dilakukan oleh seluruh pihak terkait, baik awak pesawat, pengelola bandar udara, AirNav Indonesia, Garuda Indonesia, maupun tim teknis, sehingga pesawat dapat mendarat dengan selamat dan penanganan pascakejadian dapat dilakukan sesuai prosedur,"" ujar Lukman dalam keterangan resminya, Kamis (3/9/2026).
Lebih lanjut, Lukman mengatakan sebagai bagian dari penanganan, telah dilakukan pemeriksaan dan pembersihan landas pacu di Bandar Udara Internasional Soekarno-Hatta dan Bandar Udara Internasional Sultan Hasanuddin untuk memastikan tidak terdapat Foreign Object Debris (FOD) yang berpotensi mengganggu keselamatan penerbangan.
""Direktorat Jenderal Perhubungan Udara memastikan keselamatan dan keamanan penerbangan merupakan prioritas utama dan akan terus melakukan koordinasi serta pemantauan terhadap proses pemeriksaan dan penanganan pesawat sesuai dengan ketentuan yang berlaku,"" pungkasnya.
Lihat juga Video Pesawat Garuda Pecah Ban Saat Take Off di Jakarta, Mendarat Selamat di Makassar",finance,https://finance.detik.com/berita-ekonomi-bisnis/d-8646653/kronologi-pesawat-garuda-pecah-ban-saat-take-off-dari-jakarta
188,"Badan Pusat Statistik (BPS) buka suara soal perbedaan angka garis kemiskinan Indonesia yang dirilis Bank Dunia. Dalam rilis terakhir Bank Dunia menyebut sebanyak 64,2% penduduk Indonesia berada di bawah garis kemiskinan.
Angka tersebut berasal dari Macro Poverty Outlook edisi April 2026 dan merupakan proyeksi tahun 2026 dengan menggunakan garis kemiskinan sebesar US$ 8,30 per kapita per hari berdasarkan Purchasing Power Parity (PPP) 2021.
Sedangkan BPS mencatat persentase penduduk miskin Indonesia pada Maret 2026 sebesar 8,07% atau sekitar 22,93 juta orang.
Deputi Bidang Statistik Sosial BPS M Nashrul Wajdi menyampaikan angka yang disampaikan Bank Dunia tidak dihitung berdasarkan garis kemiskinan nasional Indonesia.
Ia menegaskan kedua angka tersebut tidak dapat dibandingkan secara langsung, karena disusun dengan standar kemiskinan yang berbeda dan ditujukan untuk kebutuhan yang berbeda pula.
""Angka 64,2% merupakan perkiraan penduduk Indonesia yang pengeluarannya berada di bawah US$ 8,30 per kapita per hari menurut Bank Dunia. Garis kemiskinan tersebut dihitung berdasarkan standar yang ditetapkan World Bank, bukan garis kemiskinan nasional yang digunakan di Indonesia. Nilainya ditetapkan berdasarkan standar kemiskinan yang umum digunakan di negara-negara dalam kelompok pendapatan menengah atas, dan digunakan terutama untuk membandingkan kondisi antarnegara,"" ujar Nashrul dikutip dari Antara, Rabu (2/9/2026).
Ia menjelaskan Bank Dunia menggunakan sejumlah garis kemiskinan internasional untuk membandingkan kondisi kesejahteraan antarnegara.
Dalam pembaruan terbaru, Bank Dunia menggunakan garis US$ 3 per kapita per hari untuk mengukur kemiskinan ekstrem, US$ 4,20 untuk negara berpendapatan menengah bawah, dan US$ 8,30 untuk negara berpendapatan menengah atas (upper-middle income countries/UMIC).
Selain itu, angka US$ 8,30tersebut tidak dihitung menggunakan kurs rupiah terhadap dolar AS yang berlaku di pasar, melainkan menggunakan PPP yang memperhitungkan perbedaan daya beli antarnegara.
BPS menyebut angka kemiskinan 64,2% yang menggunakan standar 8,30 dolar AS PPP 2021 disusun berdasarkan median garis kemiskinan negara-negara berpendapatan menengah atas, bukan berdasarkan kebutuhan dasar masyarakat Indonesia secara spesifik.
Dengan menerapkan standar global tersebut, jumlah penduduk miskin Indonesia akan terlihat lebih tinggi.
Bahkan, kata dia lagi, Bank Dunia dalam keterangan di website resminya pada 13 Juni 2025 menyatakan garis kemiskinan nasional dan statistik kemiskinan yang diterbitkan BPS lebih tepat digunakan untuk pengambilan keputusan dan kebijakan dalam negeri Indonesia.
Lebih lanjut, pihaknya mengukur kemiskinan Indonesia dengan pendekatan kebutuhan dasar atau Cost of Basic Needs (CBN). Pengukuran tersebut didasarkan pada pengeluaran minimum untuk memenuhi kebutuhan dasar makanan dan non-makanan.
Komponen makanan mengacu pada standar konsumsi minimal 2.100 kilokalori per orang per hari berdasarkan pola konsumsi rumah tangga Indonesia, sedangkan komponen non-makanan mencakup kebutuhan tempat tinggal, pendidikan, kesehatan, pakaian, dan transportasi.
Penghitungan garis kemiskinan BPS menggunakan hasil pendataan Survei Sosial Ekonomi Nasional (Susenas) yang mencatat pengeluaran serta pola konsumsi masyarakat.
Susenas dilakukan dua kali dalam setahun, sehingga garis kemiskinan BPS dapat mencerminkan kebutuhan riil masyarakat Indonesia.
Pada Maret 2026, BPS mencatat persentase penduduk miskin Indonesia sebesar 8,07 persen atau 22,93 juta orang. Angka tersebut dihitung berdasarkan garis kemiskinan nasional yang mempertimbangkan perbedaan kebutuhan masyarakat di setiap provinsi dan kabupaten/kota, termasuk tingkat harga, pola konsumsi, serta rata-rata jumlah anggota rumah tangga miskin.
Secara rata-rata nasional, garis kemiskinan rumah tangga tercatat Rp 3.091.866 per bulan.
(hrp/hns)",finance,https://finance.detik.com/berita-ekonomi-bisnis/d-8645801/angka-kemiskinan-berbeda-dengan-versi-bank-dunia-bps-buka-suara
189,"Cita rasa khas Maluku Utara mencuri perhatian di hari pertama Tjipta UMKM Fair. Sejumlah kuliner khas daerah yang dipamerkan di Booth Maluku Utara laris diborong pengunjung, sekaligus mendapat apresiasi langsung dari sejumlah tamu VIP yang hadir dalam pameran tersebut.
Ketertarikan terhadap produk Maluku Utara bahkan terlihat dari kunjungan berulang para tamu penting. Wakil Menteri Pemberdayaan Perempuan dan Perlindungan Anak Veronica Tan dan Wakil Menteri Ekonomi Kreatif Irene Umar bersama jajaran dua kali mengunjungi Booth Maluku Utara untuk mencicipi aneka kudapan khas daerah.
Roti Coe, Roti Kenari, Lalampa, Cara, Wajik Kenari dan berbagai produk kuliner khas lainnya menjadi bagian dari sajian yang diperkenalkan kepada pengunjung. Produk-produk tersebut sekaligus menjadi etalase kekayaan kuliner Maluku Utara di tengah ajang yang mempertemukan pelaku UMKM dengan jejaring dunia usaha nasional.
Tjipta UMKM Fair pada hari pertama berlangsung lancar dan mendapat antusiasme tinggi. Sebanyak 108 pelaku UMKM dari berbagai pilar usaha di lingkungan Sinar Mas ambil bagian dalam kegiatan tersebut.
|  Foto: Dok. Andi Sitti Nurfaisah/detikcom | 
Selain Veronica Tan dan Irene Umar, kegiatan turut dihadiri Komisaris MRT Jakarta Heru Budi Hartono, Ketua Umum Eka Tjipta Foundation Hong Tjhin, serta para pimpinan dari berbagai pilar usaha Sinar Mas.
Kepala Badan Penghubung Maluku Utara selaku PIC keikutsertaan daerah dalam pameran tersebut mengatakan, partisipasi Maluku Utara merupakan bagian dari perhatian Gubernur Maluku Utara Sherly Tjoanda terhadap pengembangan UMKM dan ekonomi kreatif masyarakat.
""Keikutsertaan Maluku Utara dalam kegiatan ini merupakan salah satu bentuk perhatian Ibu Gubernur untuk terus mempromosikan dan mengembangkan usaha ekonomi kreatif masyarakat Maluku Utara melalui berbagai event di tingkat nasional,"" ujarnya.
Untuk menyukseskan keikutsertaan tersebut, Badan Penghubung Maluku Utara berkolaborasi dengan Dinas Perindustrian dan Perdagangan Provinsi Maluku Utara, Bank Indonesia, HIKMU, serta pelaku UMKM, baik dari daerah maupun diaspora Maluku Utara di Jakarta.
Kepala Dinas Perindustrian dan Perdagangan Provinsi Maluku Utara, Ronny Saleh, mengatakan kehadiran UMKM daerah dalam forum seperti Tjipta UMKM Fair memberikan manfaat lebih jauh dari sekadar promosi produk.
Menurut Ronny, kesempatan bertemu langsung dengan konsumen dan jejaring usaha nasional menjadi ruang penting bagi pelaku UMKM untuk melihat bagaimana produk lokal dapat dikembangkan agar memiliki daya saing lebih tinggi.
""Yang kita bawa ke Jakarta bukan hanya produknya, tetapi juga cerita dan identitas Maluku Utara. Ketika produk kita mendapat respons positif dan dibeli oleh masyarakat, itu menunjukkan bahwa produk UMKM kita memiliki potensi untuk masuk ke pasar yang lebih luas,"" kata Ronny.
Ia mengatakan, Pemerintah Provinsi Maluku Utara akan terus mendorong pelaku UMKM meningkatkan kualitas produk, kemasan, konsistensi produksi, hingga kemampuan pemasaran agar mampu memenuhi kebutuhan pasar yang lebih besar.
""Respons pengunjung hari ini tentu menjadi penyemangat bagi pelaku UMKM. Ke depan kita ingin produk-produk seperti ini tidak berhenti pada pameran, tetapi bisa berlanjut menjadi peluang pasar dan kerja sama usaha,"" ujarnya.
|  Foto: Dok. Andi Sitti Nurfaisah/detikcom | 
Antusiasme tersebut terlihat sepanjang hari di Booth Maluku Utara. Produk kuliner yang disajikan menjadi salah satu daya tarik bagi pengunjung sekaligus membuka kesempatan bagi pelaku UMKM untuk memperkenalkan produknya secara langsung.
Partisipasi Maluku Utara dalam Tjipta UMKM Fair merupakan hasil kolaborasi lintas pihak. Selain Badan Penghubung dan Disperindag Maluku Utara, dukungan juga datang dari Bank Indonesia, HIKMU, pelaku UMKM daerah serta diaspora Maluku Utara yang berada di Jakarta.
Pameran akan berlanjut pada hari kedua. Gubernur Maluku Utara Sherly Tjoanda dijadwalkan hadir bersama Board Member Sinar Mas Franky O. Widjaja, Managing Director Sinar Mas Ferry Salman, serta jajaran manajemen Sinar Mas lainnya.
Kehadiran Gubernur pada hari kedua diharapkan semakin memperkuat promosi produk UMKM Maluku Utara sekaligus membuka ruang interaksi yang lebih luas antara pelaku usaha daerah dengan jejaring dunia usaha nasional.
(akn/ega)",finance,https://finance.detik.com/berita-ekonomi-bisnis/d-8647316/kuliner-maluku-utara-laris-di-tjipta-umkm-fair-booth-2-kali-disambangi-wamen
190,"Presiden Prabowo Subianto mengungkapkan pemerintahannya akan mengedepankan pembangunan untuk kepentingan rakyat Indonesia. Menurutnya pembangunan harus menjadi kebaikan terbesar bagi sebanyak-banyaknya orang.
Menurutnya, kekayaan besar suatu kawasan harus dapat diterjemahkan menjadi kehidupan yang lebih baik bagi masyarakat yang tinggal di tempat itu. Hal ini diungkapkan olehnya dalam pidato dalam acara Eastern Economic Forum 2026, di Vladivostok, Rusia. Dia berbicara satu panggung dengan Presiden Vladimir Putin.
""Pemerintah harus melindungi mereka yang lemah, mengelola sumber daya nasional dengan baik, memberantas korupsi, serta berinvestasi untuk kebutuhan jangka panjang rakyat dan bangsa. Itulah arti pembangunan untuk kepentingan rakyat, kebaikan terbesar bagi sebanyak-banyaknya orang,"" ungkap Prabowo dalam pidatonya yang disiarkan virtual, Kamis (3/9/2026).
Dia menekankan pembangunan tidak boleh hanya memberikan manfaat kepada segelintir orang. Lebih jauh, secara praktis pembangunan harus bisa diukur secara langsung dari kualitas meja makan setiap masyarakat.
""Pembangunan harus diukur dari meja makan keluarga-keluarga biasa apakah anak-anak mendapatkan makanan bergizi,"" ujar Prabowo.
Pembangunan juga dapat diukur apabila petani dapat memperoleh pupuk dan menjual hasil panennya dengan harga yang wajar. Lalu, juga setiap keluarga dapat tinggal di rumah yang layak dan generasi muda dapat memperoleh pekerjaan yang produktif. Lebih lanjut, pembangunan juga dapat diukur dari apakah listrik dapat menjangkau setiap rumah di setiap desa.
Sebagai pemimpin Indonesia, Prabowo pun bilang dirinya banyak menjalankan program untuk mendukung pembangunan ideal yang dipaparkannya. Mulai dari Makan Bergizi Gratis (MBG) hingga swasembada pangan dan energi.
'Inilah alasan Indonesia menyediakan makanan bergizi gratis bagi seluruh anak-anak kita dan para ibu mereka yang sedang hamil. Inilah alasan kami mengejar swasembada pangan dan ketahanan energi. Inilah alasan kami mempercepat hilirisasi industri agar sumber daya alam kita dapat menciptakan industri, keterampilan, dan lapangan kerja yang baik di dalam negeri,"" papar Prabowo.
Dia juga mengatakan pemerintahannya menginginkan pertumbuhan ekonomi yang lebih cepat. Pertumbuhan ekonomi yang dapat mengangkat jutaan orang keluar dari kemiskinan menuju kehidupan yang bermartabat.
Tonton juga video ""Momen Prabowo Ungkap Alasan MBG Terus Digenjot di Depan Putin""
(hal/ara)",finance,https://finance.detik.com/berita-ekonomi-bisnis/d-8646860/prabowo-pembangunan-harus-diukur-dari-meja-makan-keluarga
191,"Koalisi Besar Perjuangan Buruh Indonesia (KBPBI) meminta pemerintah dan DPR mengkaji kembali sejumlah pasal dalam draft Rancangan Undang-Undang (RUU) Ketenagakerjaan.
Hal tersebut disampaikan usai pertemuan dengan Menteri Ketenagakerjaan (Menaker) Yassierli di Kantor Kementerian Ketenagakerjaan (Kemenaker), Jakarta, Rabu (2/9/2026).
Usai pertemuan, Presiden KSPSI Andi Gani Nena Wea mengatakan terdapat sejumlah substansi dalam draft RUU Ketenagakerjaan yang perlu dikaji kembali. Menurutnya, beberapa aspirasi buruh yang sebelumnya telah disampaikan kepada pemerintah maupun DPR belum terakomodasi dalam draft tersebut.
""Setelah kami melihat draft yang ada, sangat-sangat mengecewakan. Banyak sekali semua yang kami usulkan tidak bisa diakomodir dengan sangat baik,"" kata Andi Gani.
Andi Gani menyoroti sejumlah substansi dalam draft tersebut, mulai dari outsourcing, sistem pengupahan, pesangon, tenaga kerja asing (TKA), Perjanjian Kerja Waktu Tertentu (PKWT), hingga aturan pemagangan.
""Outsourcing malah diperlebar. Lalu soal pengupahan, soal pesangon, soal tenaga kerja asing, banyak hal. Soal PKWT, sangat-sangat mengecewakan,"" tegasnya.
Selain itu, aturan mengenai pemagangan turut menjadi perhatian. Menurutnya, program pemagangan perlu memiliki batasan yang jelas agar tidak digunakan sebagai pola perekrutan pekerja tanpa kepastian status dan perlindungan.
""Pemagangan itu bukan pekerjaan tetap. Maksimum hanya tiga sampai enam bulan. Tidak boleh itu dijadikan ruang untuk bisa merekrut pekerja secara besar-besaran tanpa nasib yang jelas,"" ujarnya.
Meski menyampaikan sejumlah catatan, Andi Gani mengatakan KBPBI masih memberikan ruang bagi pemerintah dan DPR untuk memperbaiki pasal-pasal yang menjadi perhatian buruh.
Dia menyebut Menaker telah menyampaikan komitmen untuk melihat kembali pasal-pasal tersebut. ""Kami masih punya harapan. Kami masih percaya mudah-mudahan pemerintah dapat memperjuangkan hak-hak buruh,"" jelasnya.
Andi Gani mengatakan KBPBI menginginkan pembahasan RUU Ketenagakerjaan berlangsung secara damai dan kondusif. Namun, pihaknya juga akan melakukan konsolidasi untuk menentukan langkah selanjutnya apabila aspirasi buruh belum terakomodasi.
""Kami akan segera melakukan konsolidasi besar, konsolidasi nasional. Siang ini kami segera rapat para pimpinan buruh untuk segera mengambil sikap tegas,"" ucapnya.
Menurut Andi Gani, keputusan mengenai rencana aksi buruh akan ditentukan dalam satu hingga dua hari ke depan. Hal itu menyusul beredarnya draft RUU Ketenagakerjaan dan adanya aspirasi dari anggota buruh.
""Kami akan ambil dalam waktu satu-dua hari ini segera dan kita akan segera umumkan. Kesepakatan dari semua pimpinan buruh adalah aksi besar. Tapi kami masih percaya masih ada ruang dialog,"" ungkapnya.
Sementara itu, Menaker Yassierli menerima masukan yang disampaikan kalangan buruh terkait pembahasan revisi UU Ketenagakerjaan. Ia mengatakan masukan tersebut akan menjadi bahan pembahasan lebih lanjut bersama DPR untuk menghasilkan regulasi ketenagakerjaan.
""Semua masukan kami menerima dan kami apresiasi. Nanti kita akan bahas bersama dengan DPR,"" kata Yassierli.
Pemerintah berharap pembahasan tersebut dapat menghasilkan UU Ketenagakerjaan yang lebih baik dan mampu memberikan makna bagi masa depan Indonesia.
(igo/fdl)",finance,https://finance.detik.com/berita-ekonomi-bisnis/d-8645334/buruh-minta-ruu-ketenagakerjaan-dikaji-lagi-soroti-aturan-outsourcing
192,"Presiden Rusia Vladimir Putin, Presiden Amerika Serikat (AS) Donald Trump, dan Presiden China Xi Jinping direncanakan melakukan pertemuan trilateral secara langsung. Informasi tersebut diungkapkan oleh Yuri Ushakov, Staf Khusus Senior Putin.
Dikutip dari Reuters, Kamis (3/9/2026), Yuri mengatakan tiga pemimpin negara besar itu mungkin akan mengadakan pertemuan trilateral pada KTT Kerja Sama Ekonomi Asia-Pasifik (Asia-Pacific Economic Cooperation/APEC) berikutnya pada November.
""Masalah ini telah dibahas ya,"" kata Yuri ketika ditanya perihal pertemuan trilateral Putin-Trump-Xi Jinping dalam sesi wawancara di televisi pemerintah Rusia.
""Dan jika ternyata seperti yang telah dikatakan, maka ketiganya akan dapat mengadakan pertemuan,"" sebutnya kemudian menegaskan pertemuan bisa saja di luar agenda APEC.
Rusia, China, dan AS adalah bagian dari APEC yang beranggotakan 21 negara. Pertemuan APEC berikutnya akan dilakukan di Shenzhen, China pada 18-19 November.
Gedung Putih sendiri belum bisa mengkonfirmasi apakah Trump akan hadir dalam pertemuan trilateral tersebut.
""Saat ini kami belum memiliki pengumuman terkait kehadiran Presiden Trump di APEC,"" kata juru bicara Gedung Putih, Anna Kelly.
(hal/ara)",finance,https://finance.detik.com/berita-ekonomi-bisnis/d-8646018/putin-trump-dan-xi-jin-ping-berpeluang-bertemu-di-november
193,"Menteri Koperasi (Menkop) Ferry Juliantono mengatakan dalam waktu dekat puluhan ribu Koperasi Desa/Kelurahan Merah Putih (KDKMP) akan beroperasi. Menurutnya saat ini operasional KDKMP tinggal menunggu penerbitan Peraturan Presiden (Perpres).
""Sebentar lagi sedang diterbitkan Peraturan Presiden tentang operasionalisasinya,"" jawab Ferry singkat saat ditemui usai rapat kerja dengan Komisi VI DPR RI di Kompleks Parlemen Senayan, Jakarta Pusat, Selasa (1/9/2026).
Namun saat diminta penegasan terkait kapan Perpres operasional KDKMP atau yang lebih sering di sebut sebagai Kopdes Merah Putih ini, Ferry hanya mengatakan ""secepatnya"".
Dalam kesempatan yang sama, Wakil Menteri Koperasi (Wamenkop) Farida Farichah menambahkan rencana pengoperasian puluhan ribu KDKMP ini masih dalam jadwal yang sudah ditetapkan.
""Nggak ada kendala. Masih sesuai, on schedule kan,"" ujarnya.
Sebelumnya, Presiden Prabowo Subianto memastikan puluhan ribu Koperasi Desa/Kelurahan Merah Putih (KDMP) akan segera beroperasi. Koperasi ini nantinya akan menjadi sentra penyaluran barang subsidi pemerintah.
Prabowo juga menjamin barang subsidi yang disalurkan melalui KDMP akan dijual dengan harga yang murah. Dia menegaskan, lewat KDMP barang subsidi dipastikan akan sampai ke tangan masyarakat tanpa kelangkaan dan harga yang dinaikkan.
""Sebentar lagi puluhan ribu Koperasi Merah Putih akan beroperasi. Kita akan menjamin semua barang yang disubsidi untuk rakyat akan sampai ke rakyat dengan harga serendah-rendahnya harga subsidi. Barang subsidi tidak boleh diperdagangkan dan tidak akan diperdagangkan,"" tegas Prabowo dalam acara Mukhtamar ke-35 NU, dikutip dari YouTube Sekretariat Presiden, Kamis (27/8/2026).
Prabowo menyebut, operasional KDMP ini menjadi salah satu prestasi yang dia capai selama menjabat sebagai presiden. Selain itu, pemerintah juga telah membangun puluhan ribu dapur umum terkait dengan program Makan Bergizi Gratis (MBG).
Tonton juga video ""Prabowo Bakal Bikin Koperasi Merah Putih Punya Klinik Kesehatan""
(igo/fdl)",finance,https://finance.detik.com/berita-ekonomi-bisnis/d-8643701/operasional-puluhan-ribu-kopdes-tunggu-perpres-dari-prabowo
194,"Menteri Perdagangan (Mendag) Budi Santoso meminta Perum Bulog memasok beras ke jaringan ritel modern. Hal ini menyusul kelangkaan beras kemasan 5 kilogram di toko ritel
Budi mengatakan saat ini beras produksi Bulog, baik beras premium maupun medium, mulai diarahkan untuk masuk ke jaringan ritel modern. Harapannya, masyarakat memiliki lebih banyak pilihan untuk mendapatkan beras.
Budi menegaskan Kementerian Perdagangan terus berkoordinasi dengan Bulog dan asosiasi peritel agar pasokan beras dapat masuk ke jaringan penjualan ritel modern.
""Kita koordinasi terus supaya Bulog itu bisa memasok ke Aprindo, ke Hippindo, di asosiasinya ya, di minimarket maupun di ritel modern,"" jelas Budi di kantor Kementerian Perdagangan dikutip dari Antara, Rabu (2/9/2026).
Ia menambahkan, penguatan pasokan tersebut dilakukan agar produk beras dari Bulog dapat tersedia di jaringan ritel dan membantu memenuhi kebutuhan masyarakat.
""Jadi kita terus supaya produk-produk itu diisi dari Bulog,"" imbuhnya.
Budi juga menjelaskan Asosiasi Pengusaha Ritel Indonesia (Aprindo) pada dasarnya berperan sebagai pihak yang menjual produk di jaringan ritel.
Karena itu, pemerintah mendorong agar pasokan dari Bulog dapat tersalurkan ke jaringan ritel melalui koordinasi dengan asosiasi tersebut.
Langkah ini diharapkan dapat memperluas ketersediaan beras Bulog di ritel modern sekaligus memastikan masyarakat tetap dapat memperoleh beras dengan mudah.
(hrp/hns)",finance,https://finance.detik.com/berita-ekonomi-bisnis/d-8645847/beras-5-kg-di-toko-ritel-langka-mendag-minta-bulog-bantu-pasokan
195,"PT Kereta Api Indonesia (Persero) atau KAI memberikan diskon tiket kereta api hingga 30% selama KAI EXPO 2026 pada 4-6 September 2026. Program ini memberikan kesempatan kepada masyarakat untuk merencanakan perjalanan dengan tarif lebih hemat.
Pembelian tiket promo dilakukan di booth KAI selama KAI EXPO 2026 pada 4, 5, dan 6 September 2026. Promo berlaku untuk KA komersial, termasuk Suite Class Compartment, Luxury, Priority, dan Panoramic, selama alokasi tiket dan tarif diskon masih tersedia.
""KAI menghadirkan diskon hingga 30% bagi masyarakat yang melakukan pembelian tiket selama KAI EXPO 2026. Semakin jauh jarak waktu antara pembelian dan keberangkatan sesuai periode yang ditentukan, semakin besar diskon yang dapat diperoleh pelanggan,"" ujar Vice President Corporate Communication KAI Anne Purba dalam keterangan tertulis, Rabu (2/9/2026).
Besaran diskon dibagi dalam tiga skema. Pelanggan mendapatkan diskon 30% untuk keberangkatan 41-45 hari dari tanggal pembelian, diskon 10% untuk keberangkatan 6-40 hari, serta diskon 5% untuk keberangkatan 0-5 hari dari tanggal pembelian.
Sebagai ilustrasi, apabila pelanggan membeli tiket pada 4 September 2026, diskon terbesar sebesar 30% berlaku untuk perjalanan dengan tanggal keberangkatan yang berada pada rentang 41-45 hari setelah tanggal pembelian.
Tarif promo tidak berlaku untuk tarif khusus serta tidak dapat digabungkan dengan reduksi atau diskon lainnya. Tiket yang dibeli menggunakan tarif diskon tetap dapat dibatalkan maupun diubah jadwal sesuai ketentuan yang berlaku.
""Kami mengajak masyarakat memanfaatkan KAI EXPO 2026 untuk merencanakan perjalanan dengan kereta api. Melalui berbagai pilihan layanan dan tarif yang tersedia, KAI terus mendorong semakin banyak masyarakat memilih transportasi publik untuk mendukung mobilitasnya,"" tutup Anne.
Lihat juga Video: Ada Diskon Kereta Ekonomi Buat yang Baru Mau Mudik, Sampai 30%!",finance,https://finance.detik.com/berita-ekonomi-bisnis/d-8644706/kai-tebar-diskon-tiket-kereta-hingga-30-catat-tanggalnya
196,"Selepas lulus Sekolah Menengah Atas (SMA) di Bekasi, Bayu Ari Aji Prabowo bercita-cita bekerja di Eropa. Ia ingin melihat dan merasakan dinginnya salju. Namun, di usia 19 tahun, Bayu justru berangkat ke Arab Saudi. Ia bekerja sebagai welder atau tukang las di salah satu perusahaan baja di Dammam.
Hanya sekitar setahun Bayu bertahan di negeri gurun itu. Bukan semata karena cuaca yang panas, tetapi juga kehidupan sosial yang menurutnya sangat ketat. ""Islam banget, nggak betah saya,"" ujarnya sambil tersenyum saat ditemui penulis di Stasiun Tambun, Senin (31/8/2026).
Bayu akhirnya pulang ke Indonesia. Ia sempat kembali bekerja sebagai welder di kawasan Pulogadung. Namun, pekerjaan itu hanya dijalaninya sekitar tiga bulan. Setelah itu, jalan hidup Bayu berbelok ke dunia yang sama sekali berbeda: perbankan.
Seorang mantan vokalis band yang lebih dulu bekerja di BTPN mengajaknya bergabung. Bayu menerima tawaran tersebut. Ia mengawali pekerjaannya di bagian collection, kemudian menjadi teller dan marketing.
Di sela bekerja, Bayu juga berusaha melanjutkan pendidikan. Ia kuliah di jurusan Administrasi Niaga di YAPAN, Pasar Minggu. Kampusnya berada di bangunan ruko. Bagi Bayu, bentuk kampus bukan persoalan. Yang penting ia bisa kuliah sambil bekerja. ""Saya kuliah sambil kerja di BTPN,"" katanya.
Dunia musik sebenarnya sudah lebih dulu menjadi bagian dari hidupnya. Sejak kelas satu SMP, ia bermain gitar. Bersama teman-temannya, ia bahkan pernah mendirikan band. Namun, ketika mulai mendapatkan penghasilan tetap dari perbankan, aktivitas bermusiknya perlahan vakum.
""Saya merasa sudah dapat penghasilan tetap. Jadi memilih fokus di BTPN,"" ujarnya.
| Bayu Prabowo, Dulu Kerja di Saudi dan Bank, Kini Ngojol Foto: Sudrajat/detikcom | 
Meninggalkan Bank
Sekitar 2014, Bayu pindah ke BCA sebagai marketing. Namun, sekitar satu tahun tiga bulan kemudian, ia kembali mengambil keputusan besar. Ia meninggalkan pekerjaan kantoran dan memilih menjalankan usaha bersama istrinya. Mereka berjualan pakaian anak dari pasar malam ke pasar malam.
Keputusan itu bukan tanpa perhitungan. Menurut Bayu, saat itu penghasilan dari berdagang lebih besar dibandingkan bekerja sebagai karyawan. Sekitar 2016-2017, Bayu sempat kembali mendapat tawaran bekerja sebagai marketing di Bank Mayapada. Namun, ia tidak lama berada di sana karena bisnis pakaian dinilai lebih menjanjikan.
Ketika pola belanja masyarakat berubah lebih banyak ke sistem online, usahanya pun tersendat. Modal usaha yang seharusnya diputar kembali untuk membeli barang dagangan mulai terpakai untuk kebutuhan rumah tangga. Untuk makan, membayar cicilan rumah, hingga cicilan motor. ""Barang habis buat hidup sehari-hari,"" katanya.
Sampai akhirnya, pada 2018, Bayu kembali mencari jalan untuk mendapatkan penghasilan. Kali ini ia memilih menjadi pengemudi ojek online.
Rezeki Mengikuti Algoritma
Seperti pengemudi ojol lainnya, Bayu tidak sepenuhnya bebas menentukan ke mana harus bergerak. Pesanan datang melalui aplikasi dan pergerakannya mengikuti permintaan penumpang serta algoritma platform. Namun sekitar dua tahun terakhir, ia mengaku lebih sering memilih melayani penumpang di sekitar Stasiun Tambun, Bekasi.
Hari kerjanya dimulai sekitar pukul 06.00-06.20 WIB. Dari pagi hingga sekitar pukul 19.00, ia berada di jalan. Dalam kondisi terbaik, dengan enam hari kerja, Bayu pernah membawa pulang sekitar Rp 1,5 juta dalam seminggu.
Simak juga Video: Prabowo Dapat Laporan Penghasilan Driver Ojol Naik 3 Kali Lipat",finance,https://finance.detik.com/berita-ekonomi-bisnis/d-8642979/bayu-prabowo-dulu-kerja-di-saudi-dan-bank-kini-ngojol
197,"Asosiasi Pengusaha Indonesia (Apindo) Kabupaten Bogor meminta pemerintah daerah mempertimbangkan relaksasi setelah tarif Pajak Air Tanah (PAT) naik 120%. Kebijakan tersebut dinilai perlu disesuaikan dengan kondisi dunia usaha agar tidak menambah beban operasional industri.
Ketua Apindo Kabupaten Bogor Rizal Supari Abdul Hayi mengatakan pihaknya tidak keberatan dengan kenaikan PAT. Namun, besaran kenaikan perlu mempertimbangkan kemampuan industri.
Pemkab Bogor melalui Peraturan Bupati Bogor (Perbup) Nomor 51 Tahun 2025 tentang Nilai Perolehan Air Tanah menetapkan tarif air tanah sebesar Rp3.300 per meter kubik. Tarif tersebut naik dari sebelumnya Rp1.500 per meter kubik.
""Kita tidak keberatan Pemkab menaikkan PAT ini. Tapi, sebaiknya juga harus dicarikan solusi bagi industri supaya jangan terlalu berat, apalagi di tengah situasi ekonomi global yang mengakibatkan naiknya harga bahan baku,"" kata Rizal.
Apindo Kabupaten Bogor mengusulkan relaksasi fiskal secara bertahap. Skemanya berupa relaksasi 50% pada 2026, 40% pada 2027, 30% pada 2028, 20% pada 2029, dan 10% pada 2030.
Menurut Rizal, skema tersebut dapat menjadi jalan tengah antara penerimaan daerah dan kemampuan dunia usaha.
""Jadi, insentif fiskal yang diberikan itu tidak hanya tahun ini saja. Industri sekarang masih sangat sulit,"" ujarnya.
Rizal juga meminta Pemkab Bogor menggelar Forum Group Discussion (FGD) bersama pelaku usaha untuk membahas kenaikan PAT dan mencari solusi.
""Karena banyak hal yang harus kita sampaikan, baik itu dengan Bupati maupun Sekda. Kita laksanakan FGD supaya permasalahan pengusaha di Kabupaten Bogor ini ada solusi dari pemerintah. Insyaallah itu adalah salah satu solusi yang terbaik bagi kami para pengusaha,"" katanya.
### 13 Ribu Pekerja Kena PHK
Apindo Kabupaten Bogor mencatat sekitar 13 ribu pekerja terkena pemutusan hubungan kerja (PHK) sejak 2024 hingga 2026. Di sektor garmen, jumlah perusahaan anggota Apindo yang masih bertahan juga disebut turun.
""Anggota Apindo saat ini juga tinggal 18 perusahaan yang bergerak di bidang garmen dari sebelumnya sekitar 50 perusahaan. Mayoritas banyak yang sudah tutup. Yang ada saat ini hidupnya juga sudah kempas-kempis,"" tutur Rizal.
Kementerian Energi dan Sumber Daya Mineral (ESDM) turut menyoroti dampak kenaikan PAT terhadap kegiatan industri. Kepala Pusat Air Tanah dan Geologi Tata Lingkungan (PATGTL) Badan Geologi Kementerian ESDM Agus Cahyono Adi mengatakan pembayaran PAT tidak boleh mengganggu operasional industri.
""Jadi, pajak (PAT) yang harus dibayar industri itu tidak boleh mengganggu operasional industri,"" ujar Agus.
Menurut Agus, beban pajak yang terlalu tinggi dapat memengaruhi kegiatan operasional perusahaan dan berpotensi berdampak pada tenaga kerja.
""Kalau industri terganggu, kemungkinan besar akan terjadi layoff di perusahaan itu,"" katanya.
Di sisi lain, Agus menjelaskan penerimaan PAT digunakan pemerintah daerah untuk mendukung konservasi air tanah. Kebutuhan konservasi mencakup wilayah yang lebih luas, tidak hanya lokasi industri.
""Itulah alasan kenapa Pemda butuh dana yang lebih besar lagi untuk mengembangkan lahan konservasi yang lebih luas. Tapi, kenaikan pajak itu juga harus tetap menjaga pertumbuhan industri di daerahnya,"" ucap Agus.
Badan Geologi Kementerian ESDM akan melakukan rapat koordinasi dengan pemerintah daerah untuk mengevaluasi dan mendiskusikan kembali besaran kenaikan PAT.
""Jadi, kita akan diskusi lagi untuk penyelarasan. Karena, sebenarnya pajak ini kan upaya untuk konservasi air. Jadi, tidak boleh juga sampai mengganggu industri,"" ungkap Agus.
(fdl/fdl)",finance,https://finance.detik.com/berita-ekonomi-bisnis/d-8643704/tarif-pajak-air-tanah-naik-pengusaha-bogor-minta-relaksasi
198,"Menteri Koperasi (Menkop) Ferry Juliantono meluruskan kabar mengenai anggaran Rp 103 miliar yang disebut untuk podcast. Ferry menyebut anggaran tersebut tidak diperuntukkan khusus untuk podcast, tapi berkaitan dengan kebutuhan komunikasi publik Kementerian Koperasi dalam mendukung penyampaian program dan kebijakan perkoperasian kepada masyarakat.
Ferry mengatakan angka tersebut merupakan bagian dari kebutuhan komunikasi publik dan dukungan pelaksanaan tugas kementerian secara lebih luas. Menurut Ferry, alokasi anggaran tersebut mencakup pelaksanaan fungsi hubungan masyarakat, komunikasi publik, dokumentasi, publikasi, serta dukungan tata usaha, teknologi informasi, dan infrastruktur. Hal ini disampaikan Ferry dalam Rapat Kerja Komisi VI DPR RI pada Selasa (1/9).
""Komunikasi publik bukan hanya mengenai podcast. Podcast merupakan salah satu kanal komunikasi. Ada fungsi humas, tata usaha, teknologi informasi, infrastruktur, dokumentasi, publikasi, dan berbagai dukungan lainnya yang diperlukan dalam pelaksanaan tugas kementerian,"" ujar Ferry dalam keterangan tertulis, Rabu (2/9/2026).
Ia menambahkan, komunikasi publik juga membutuhkan pengetahuan dan keahlian yang profesional agar informasi mengenai kebijakan dan program pemerintah dapat disampaikan secara tepat, mudah dipahami, dan menjangkau masyarakat secara luas.
""Ilmu komunikasi memiliki peran penting dalam memastikan kebijakan dan program pemerintah dapat dipahami dengan baik oleh masyarakat. Karena itu, komunikasi publik perlu dikelola secara profesional sebagai bagian dari pelaksanaan tugas pemerintahan,"" tambahnya.
Menurutnya, dukungan tersebut diperlukan agar berbagai program perkoperasian dapat tersampaikan kepada masyarakat dan koperasi di seluruh Indonesia, baik koperasi eksisting yang terus diperkuat maupun KDKMP yang sedang dikembangkan.
""Tidak tepat kalau kebutuhan komunikasi publik kemudian disebut sebagai anggaran untuk podcast. Podcast hanya salah satu kanal. Komunikasi publik diperlukan agar program pemerintah dapat diketahui, dipahami, dan dimanfaatkan oleh masyarakat,"" beber Ferry.
Simak juga Video: Menkop Ferry Ingin Cita-cita Bung Hatta soal Koperasi Terus Dilanjutkan",finance,https://finance.detik.com/berita-ekonomi-bisnis/d-8645071/menkop-buka-suara-soal-kabar-anggaran-podcast-rp-103-m
199,"Selama ini Sentra Pelayanan Pemenuhan Gizi (SPPG) atau dapur program Makan Bergizi Gratis (MBG) mendapat insentif Rp 6 juta/hari. Rencananya, Badan Gizi Nasional (BGN) akan mengubah insentif tersebut.
Kepala BGN Sudaryono menyiapkan Peraturan Kepala Badan yang mengatur perubahan skema insentif tersebut.
""Gini, yang berlaku itu sampai dengan hari ini itu kan peraturan lama. Saya semenjak jadi kepala badan, saya sudah mengajukan peraturan kepala badan yang harapannya di minggu ini itu sudah keluar, sehingga di minggu ini, rencana besok atau Senin saya mau umumkan perubahan insentif,"" ujarnya saat ditemui di Gedung DPR, Jakarta, Kamis (3/9/2026).
Sudaryono menjelaskan melalui skema baru tersebut setiap SPPG tidak mendapatkan insentif yang besarannya sama. Pemberian insentif akan diberikan sesuai dengan kapasitas produksi masing-masing dapur.
""Iya (disesuaikan) Sekarang tidak rata semua kemudian, satu dapur semua kemudian dibayar Rp 6 juta, itu tidak adil,"" terang Sudaryono.
Dia menambahkan, skema pemberian insentif sebesar Rp 6 juta per hari yang selama ini berjalan untuk semua dapur, tidak adil. Pasalnya, dalam aturan insentif yang lama itu tak ada perbedaan antara SPPG yang mampu memproduksi 3.000 porsi dan 2.000 atau 2.500 porsi per hari.
(hrp/hns)",finance,https://finance.detik.com/berita-ekonomi-bisnis/d-8647521/insentif-dapur-mbg-rp-6-juta-hari-bakal-diubah-ini-bocorannya
200,"Kepala Badan Gizi Nasional (BGN) Sudaryono buka suara soal pengadaan LED senilai Rp 535 miliar dalam anggaran tahun 2026 yang ramai di media sosial.
Dalam narasi di media sosial tersebut anggaran pengadaan LED BGN lebih besar daripada pengadaan pesawat kebakaran yang sebesar Rp 480 miliar.
Sudaryono menjelaskan seseorang yang melemparkan isu pengadaan LED ini karena melihat dari sistem pengadaan pemerintah yakni Inaproc.
Kemudian ia juga menjelaskan bahwa prosesnya tersebut dimulai sejak 1 April 2026. Di mana posisi dirinya bersama jajaran pimpinan BGN baru belum bertugas di BGN.
Setelah bertugas pada Juli 2026, kemudian ia membatalkan proses pengadaan tersebut. Alasannya karena memang tidak ada anggaran untuk pengadaan tersebut.
""Jadi kami belum ada di situ, ya. Dan begitu kami Juli kami masuk, kami melihat memo ini, ini kemudian ini keputusannya kami cancel. Satu, alasannya anggarannya enggak ada. Yang kedua, harganya enggak ada,"" ujarnya dalam RDP dengan Komisi IX DPR, Kamis (3/9/2026).
""Jadi, kalau diadakan pun pasti keliru, apalagi tidak diadakan saja sebetulnya sudah keliru karena tidak ada anggarannya ngerti di sini,"" sambungnya.
Sudaryono menjelaskan bahwa dalam proses pembatalan ini membutuhkan waktu. Namun ia kembali menegaskan bahwa ia telah membatalkan pengadaan LED.
""Dalam proses pembatalan, dan ini pasti di apa, kan ada butuh waktu untuk apa sih. ya untuk pembatalan ada proses ya gitu. Jadi, ini memang sudah kami batalkan,"" tegas Sudaryono.
(hrp/hns)",finance,https://finance.detik.com/berita-ekonomi-bisnis/d-8647400/buka-suara-soal-pengadaan-led-rp-535-miliar-bos-bgn-sudah-kami-batalkan
